==24211== NVPROF is profiling process 24211, command: python tf_cnn_benchmarks.py --num_gpus=1 --batch_size=64 --num_batches=10 --num_warmup_batches=0 --model=alexnet --data_dir=/home/keshavsanthanam/data/imagenet --allow_growth
2019-01-26 16:28:55.041356: I tensorflow/stream_executor/cuda/cuda_gpu_executor.cc:964] successful NUMA node read from SysFS had negative value (-1), but there must be at least one NUMA node, so returning NUMA node zero
2019-01-26 16:28:55.041923: I tensorflow/core/common_runtime/gpu/gpu_device.cc:1432] Found device 0 with properties: 
name: Tesla V100-SXM2-16GB major: 7 minor: 0 memoryClockRate(GHz): 1.53
pciBusID: 0000:00:04.0
totalMemory: 15.75GiB freeMemory: 15.31GiB
2019-01-26 16:28:55.041952: I tensorflow/core/common_runtime/gpu/gpu_device.cc:1511] Adding visible gpu devices: 0
2019-01-26 16:28:55.873209: I tensorflow/core/common_runtime/gpu/gpu_device.cc:982] Device interconnect StreamExecutor with strength 1 edge matrix:
2019-01-26 16:28:55.873254: I tensorflow/core/common_runtime/gpu/gpu_device.cc:988]      0 
2019-01-26 16:28:55.873261: I tensorflow/core/common_runtime/gpu/gpu_device.cc:1001] 0:   N 
2019-01-26 16:28:55.873589: I tensorflow/core/common_runtime/gpu/gpu_device.cc:1115] Created TensorFlow device (/job:localhost/replica:0/task:0/device:GPU:0 with 14809 MB memory) -> physical GPU (device: 0, name: Tesla V100-SXM2-16GB, pci bus id: 0000:00:04.0, compute capability: 7.0)
W0126 16:28:56.300590 140714517397888 tf_logging.py:125] From /home/keshavsanthanam/gpusched/workloads/tensorflow/image_classification/benchmark_cnn.py:2250: __init__ (from tensorflow.python.training.supervisor) is deprecated and will be removed in a future version.
Instructions for updating:
Please switch to tf.train.MonitoredTrainingSession
2019-01-26 16:28:56.364369: I tensorflow/core/common_runtime/gpu/gpu_device.cc:1511] Adding visible gpu devices: 0
2019-01-26 16:28:56.364457: I tensorflow/core/common_runtime/gpu/gpu_device.cc:982] Device interconnect StreamExecutor with strength 1 edge matrix:
2019-01-26 16:28:56.364482: I tensorflow/core/common_runtime/gpu/gpu_device.cc:988]      0 
2019-01-26 16:28:56.364493: I tensorflow/core/common_runtime/gpu/gpu_device.cc:1001] 0:   N 
2019-01-26 16:28:56.365011: I tensorflow/core/common_runtime/gpu/gpu_device.cc:1115] Created TensorFlow device (/job:localhost/replica:0/task:0/device:GPU:0 with 14809 MB memory) -> physical GPU (device: 0, name: Tesla V100-SXM2-16GB, pci bus id: 0000:00:04.0, compute capability: 7.0)
I0126 16:28:56.553189 140714517397888 tf_logging.py:115] Running local_init_op.
I0126 16:29:26.238965 140714517397888 tf_logging.py:115] Done running local_init_op.
TensorFlow:  1.12
Model:       alexnet
Dataset:     imagenet
Mode:        training
SingleSess:  False
Batch size:  64 global
             64 per device
Num batches: 10
Num epochs:  0.00
Devices:     ['/gpu:0']
Data format: NCHW
Optimizer:   sgd
Variables:   parameter_server
==========
start:2019-01-26 16:28:55.876264
Generating training model
Initializing graph
Running warm up
Done warm up
Step	Img/sec	total_loss
1	images/sec: 1.6 +/- 0.0 (jitter = 0.0)	7.170
10	images/sec: 10.4 +/- 2.5 (jitter = 0.3)	7.239
----------------------------------------------------------------
total images/sec: 10.37
----------------------------------------------------------------
end:2019-01-26 16:30:28.027538
==24211== Profiling application: python tf_cnn_benchmarks.py --num_gpus=1 --batch_size=64 --num_batches=10 --num_warmup_batches=0 --model=alexnet --data_dir=/home/keshavsanthanam/data/imagenet --allow_growth
==24211== Profiling result:
==24211== Metric result:
"Device","Kernel","Invocations","Metric Name","Metric Description","Min","Max","Avg"
"Tesla V100-SXM2-16GB (0)","void Eigen::internal::EigenMetaKernel<Eigen::TensorEvaluator<Eigen::TensorAssignOp<Eigen::TensorMap<Eigen::Tensor<float, int=1, int=1, int>, int=16, Eigen::MakePointer>, Eigen::TensorCwiseUnaryOp<Eigen::internal::scalar_right<float, float, Eigen::internal::scalar_product_op<float, float>>, Eigen::TensorMap<Eigen::Tensor<float const , int=1, int=1, int>, int=16, Eigen::MakePointer> const > const > const , Eigen::GpuDevice>, int>(float, int=1)",188,"flop_count_sp","Floating Point Operations(Single Precision)",1,37748736,3618379
"Tesla V100-SXM2-16GB (0)","void Eigen::internal::EigenMetaKernel<Eigen::TensorEvaluator<Eigen::TensorAssignOp<Eigen::TensorMap<Eigen::Tensor<float, int=1, int=1, long>, int=16, Eigen::MakePointer>, Eigen::TensorCwiseBinaryOp<Eigen::internal::scalar_difference_op<float, float>, Eigen::TensorMap<Eigen::Tensor<float, int=1, int=1, long>, int=16, Eigen::MakePointer> const , Eigen::TensorCwiseBinaryOp<Eigen::internal::scalar_product_op<float const , float const >, Eigen::TensorBroadcastingOp<Eigen::array<long, unsigned long=1> const , Eigen::TensorReshapingOp<Eigen::Sizes<> const , Eigen::TensorMap<Eigen::TensorFixedSize<float const , Eigen::Sizes<>, int=1, long>, int=16, Eigen::MakePointer> const > const > const , Eigen::TensorMap<Eigen::Tensor<float const , int=1, int=1, long>, int=16, Eigen::MakePointer> const > const > const > const , Eigen::GpuDevice>, long>(float, int=1)",160,"flop_count_sp","Floating Point Operations(Single Precision)",128,75497472,7730293
"Tesla V100-SXM2-16GB (0)","void flip_filter<float, float>(float*, float const *, int, int, int, int)",36,"flop_count_sp","Floating Point Operations(Single Precision)",0,0,0
"Tesla V100-SXM2-16GB (0)","void Eigen::internal::InnerReductionKernel<int=128, Eigen::TensorEvaluator<Eigen::TensorReductionOp<Eigen::internal::MaxReducer<float>, Eigen::IndexList<Eigen::type2index<long=1>> const , Eigen::TensorMap<Eigen::Tensor<float const , int=2, int=1, int>, int=16, Eigen::MakePointer> const , Eigen::MakePointer> const , Eigen::GpuDevice>, Eigen::internal::MaxReducer<float>, int>(Eigen::internal::MaxReducer<float>, float, long=1, float, Eigen::internal::MaxReducer<float>::CoeffReturnType*)",10,"flop_count_sp","Floating Point Operations(Single Precision)",0,0,0
"Tesla V100-SXM2-16GB (0)","void cudnn::winograd_nonfused::winogradWgradDelta4x4<float, float>(cudnn::winograd_nonfused::WinogradDeltaParams<float, float>)",26,"flop_count_sp","Floating Point Operations(Single Precision)",40632320,60948480,51571790
"Tesla V100-SXM2-16GB (0)","void cudnn::winograd_nonfused::winogradWgradData4x4<float, float>(cudnn::winograd_nonfused::WinogradDataParams<float, float>)",26,"flop_count_sp","Floating Point Operations(Single Precision)",48365568,96731136,93010707
"Tesla V100-SXM2-16GB (0)","void cudnn::detail::explicit_convolve_sgemm<float, int, int=1024, int=5, int=5, int=3, int=3, int=3, int=0, bool=1>(int, int, int, float const *, int, float const , int, cudnn::detail::explicit_convolve_sgemm<float, int, int=1024, int=5, int=5, int=3, int=3, int=3, int=0, bool=1>*, kernel_conv_params, int, int, float, float, int, float const *, float const *)",2,"flop_count_sp","Floating Point Operations(Single Precision)",9131724800,9131724800,9131724800
"Tesla V100-SXM2-16GB (0)","cudnn::gemm::computeBOffsetsKernel(cudnn::gemm::ComputeBOffsetsParams)",8,"flop_count_sp","Floating Point Operations(Single Precision)",0,0,0
"Tesla V100-SXM2-16GB (0)","volta_scudnn_128x128_stridedB_splitK_small_nn_v1",8,"flop_count_sp","Floating Point Operations(Single Precision)",19173113856,28759670784,23966392320
"Tesla V100-SXM2-16GB (0)","void cudnn::detail::wgrad_alg0_engine<float, int=512, int=6, int=5, int=3, int=3, int=3, bool=1, int=512>(int, int, int, float const *, int, cudnn::detail::wgrad_alg0_engine<float, int=512, int=6, int=5, int=3, int=3, int=3, bool=1, int=512>*, float const , kernel_grad_params, int, float, int, int, int, int)",12,"flop_count_sp","Floating Point Operations(Single Precision)",9546768384,9546768384,9546768384
"Tesla V100-SXM2-16GB (0)","cudnn::gemm::computeWgradBOffsetsKernel(cudnn::gemm::ComputeBOffsetsParams)",20,"flop_count_sp","Floating Point Operations(Single Precision)",0,0,0
"Tesla V100-SXM2-16GB (0)","void scalePackedTensor_kernel<float, float>(cudnnTensor4dStruct, float*, float)",28,"flop_count_sp","Floating Point Operations(Single Precision)",0,0,0
"Tesla V100-SXM2-16GB (0)","volta_sgemm_128x128_nn",10,"flop_count_sp","Floating Point Operations(Single Precision)",1075445760,1075445760,1075445760
"Tesla V100-SXM2-16GB (0)","void cub::DeviceSegmentedReduceKernel<cub::DeviceReducePolicy<float, int, cub::Sum>::Policy600, float const *, float*, cub::TransformInputIterator<int, tensorflow::functor::RowOffset, cub::CountingInputIterator<int, long>, long>, int, cub::Sum, float>(int, cub::Sum, cub::DeviceReducePolicy<float, int, cub::Sum>::Policy600, cub::Sum, int, float*, int)",1,"flop_count_sp","Floating Point Operations(Single Precision)",15601664,15601664,15601664
"Tesla V100-SXM2-16GB (0)","void tensorflow::BiasGradNCHW_SharedAtomics<float>(float const *, tensorflow::BiasGradNCHW_SharedAtomics<float>*, int, int, int, int)",50,"flop_count_sp","Floating Point Operations(Single Precision)",4496383,12871102,8475952
"Tesla V100-SXM2-16GB (0)","void tensorflow::BiasNHWCKernel<float>(int, float const *, float const , tensorflow::BiasNHWCKernel<float>*, int)",30,"flop_count_sp","Floating Point Operations(Single Precision)",64064,262144,196117
"Tesla V100-SXM2-16GB (0)","void Eigen::internal::EigenMetaKernel<Eigen::TensorEvaluator<Eigen::TensorAssignOp<Eigen::TensorMap<Eigen::Tensor<float, int=1, int=1, long>, int=16, Eigen::MakePointer>, Eigen::TensorCwiseBinaryOp<Eigen::internal::scalar_sum_op<float const , float const >, Eigen::TensorMap<Eigen::Tensor<float const , int=1, int=1, long>, int=16, Eigen::MakePointer> const , Eigen::TensorMap<Eigen::Tensor<float const , int=1, int=1, long>, int=16, Eigen::MakePointer> const > const > const , Eigen::GpuDevice>, long>(float, int=1)",160,"flop_count_sp","Floating Point Operations(Single Precision)",64,37748736,3865146
"Tesla V100-SXM2-16GB (0)","void Eigen::internal::EigenMetaKernel<Eigen::TensorEvaluator<Eigen::TensorAssignOp<Eigen::TensorMap<Eigen::Tensor<float, int=1, int=1, int>, int=16, Eigen::MakePointer>, Eigen::TensorCwiseUnaryOp<Eigen::internal::scalar_right<float, float, Eigen::internal::scalar_sum_op<float, float>>, Eigen::TensorMap<Eigen::Tensor<float const , int=1, int=1, int>, int=16, Eigen::MakePointer> const > const > const , Eigen::GpuDevice>, int>(float, int=1)",10,"flop_count_sp","Floating Point Operations(Single Precision)",1,1,1
"Tesla V100-SXM2-16GB (0)","void tensorflow::functor::SwapDimension1And2InTensor3UsingTiles<unsigned int, int=1024, int=1024, int=2, bool=0>(unsigned int const *, tensorflow::functor::Dimension<int=3>, tensorflow::functor::SwapDimension1And2InTensor3UsingTiles<unsigned int, int=1024, int=1024, int=2, bool=0>*)",10,"flop_count_sp","Floating Point Operations(Single Precision)",0,0,0
"Tesla V100-SXM2-16GB (0)","void cudnn::winograd_nonfused::winogradWgradDelta9x9_5x5<float, float>(cudnn::winograd_nonfused::WinogradDeltaParams<float, float>)",2,"flop_count_sp","Floating Point Operations(Single Precision)",530399232,530399232,530399232
"Tesla V100-SXM2-16GB (0)","void cudnn::detail::wgrad_alg0_engine<float, int=128, int=6, int=8, int=3, int=3, int=5, bool=1, int=512>(int, int, int, float const *, int, cudnn::detail::wgrad_alg0_engine<float, int=128, int=6, int=8, int=3, int=3, int=5, bool=1, int=512>*, float const , kernel_grad_params, int, float, int, int, int, int)",4,"flop_count_sp","Floating Point Operations(Single Precision)",19987955712,38626918400,29307437056
"Tesla V100-SXM2-16GB (0)","void cudnn::winograd_nonfused::winogradWgradOutput9x9_5x5<float, float>(cudnn::winograd_nonfused::WinogradWgradOutputParams<float, float>)",2,"flop_count_sp","Floating Point Operations(Single Precision)",28151808,28151808,28151808
"Tesla V100-SXM2-16GB (0)","void Eigen::internal::EigenMetaKernel<Eigen::TensorEvaluator<Eigen::TensorAssignOp<Eigen::TensorMap<Eigen::Tensor<float, int=1, int=1, long>, int=16, Eigen::MakePointer>, Eigen::TensorCwiseBinaryOp<Eigen::internal::scalar_max_op<float const , float const >, Eigen::TensorMap<Eigen::Tensor<float const , int=1, int=1, long>, int=16, Eigen::MakePointer> const , Eigen::TensorCwiseNullaryOp<Eigen::internal::scalar_constant_op<float const >, Eigen::TensorMap<Eigen::Tensor<float const , int=1, int=1, long>, int=16, Eigen::MakePointer> const > const > const > const , Eigen::GpuDevice>, long>(float, int=1)",70,"flop_count_sp","Floating Point Operations(Single Precision)",0,0,0
"Tesla V100-SXM2-16GB (0)","void cudnn::detail::implicit_convolve_sgemm<float, float, int=128, int=5, int=5, int=3, int=3, int=3, int=1, bool=1, bool=0, bool=1>(int, int, int, float const *, int, float*, cudnn::detail::implicit_convolve_sgemm<float, float, int=128, int=5, int=5, int=3, int=3, int=3, int=1, bool=1, bool=0, bool=1>*, kernel_conv_params, int, float, float, int, float, float, int, int)",2,"flop_count_sp","Floating Point Operations(Single Precision)",9131724800,9131724800,9131724800
"Tesla V100-SXM2-16GB (0)","void fft2d_c2r_32x32<float, bool=0, unsigned int=0, bool=0, bool=0>(float*, float2 const *, int, int, int, int, int, int, int, int, int, float, float, cudnn::reduced_divisor, bool, float*, float*)",18,"flop_count_sp","Floating Point Operations(Single Precision)",93470720,280412160,135013262
"Tesla V100-SXM2-16GB (0)","volta_scudnn_128x64_stridedB_small_nn_v1",8,"flop_count_sp","Floating Point Operations(Single Precision)",14440980480,28881960960,22821683200
"Tesla V100-SXM2-16GB (0)","volta_scudnn_128x64_relu_small_nn_v1",6,"flop_count_sp","Floating Point Operations(Single Precision)",14447247360,28886138880,24018698240
"Tesla V100-SXM2-16GB (0)","volta_cgemm_32x32_tn",44,"flop_count_sp","Floating Point Operations(Single Precision)",3435921408,10999037952,5737432529
"Tesla V100-SXM2-16GB (0)","void Eigen::internal::EigenMetaKernel<Eigen::TensorEvaluator<Eigen::TensorAssignOp<Eigen::TensorMap<Eigen::Tensor<float, int=1, int=1, int>, int=16, Eigen::MakePointer>, Eigen::TensorSelectOp<Eigen::TensorBroadcastingOp<Eigen::array<int, unsigned long=1> const , Eigen::TensorReshapingOp<Eigen::IndexList<Eigen::type2index<long=1>> const , Eigen::TensorMap<Eigen::TensorFixedSize<bool const , Eigen::Sizes<>, int=1, long>, int=16, Eigen::MakePointer> const > const > const , Eigen::TensorMap<Eigen::Tensor<float const , int=1, int=1, long>, int=16, Eigen::MakePointer> const , Eigen::TensorMap<Eigen::Tensor<float const , int=1, int=1, long>, int=16, Eigen::MakePointer> const > const > const , Eigen::GpuDevice>, long>(float, int=1)",10,"flop_count_sp","Floating Point Operations(Single Precision)",0,0,0
"Tesla V100-SXM2-16GB (0)","void Eigen::internal::EigenMetaKernel<Eigen::TensorEvaluator<Eigen::TensorAssignOp<Eigen::TensorMap<Eigen::Tensor<float, int=1, int=1, int>, int=16, Eigen::MakePointer>, Eigen::TensorCwiseUnaryOp<Eigen::internal::scalar_floor_op<float>, Eigen::TensorMap<Eigen::Tensor<float const , int=1, int=1, int>, int=16, Eigen::MakePointer> const > const > const , Eigen::GpuDevice>, int>(float, int=1)",20,"flop_count_sp","Floating Point Operations(Single Precision)",0,0,0
"Tesla V100-SXM2-16GB (0)","void cudnn::detail::implicit_convolve_sgemm<float, float, int=1024, int=5, int=5, int=3, int=3, int=3, int=1, bool=1, bool=0, bool=1>(int, int, int, float const *, int, float*, cudnn::detail::implicit_convolve_sgemm<float, float, int=1024, int=5, int=5, int=3, int=3, int=3, int=1, bool=1, bool=0, bool=1>*, kernel_conv_params, int, float, float, int, float, float, int, int)",2,"flop_count_sp","Floating Point Operations(Single Precision)",28674404352,28674404352,28674404352
"Tesla V100-SXM2-16GB (0)","void tensorflow::functor::BlockReduceKernel<cub::TransformInputIterator<float, tensorflow::squareHalf<float>, float*, long>, float*, int=256, cub::Sum>(float, float, int, float*, std::iterator_traits<tensorflow::functor::BlockReduceKernel<cub::TransformInputIterator<float, tensorflow::squareHalf<float>, float*, long>, float*, int=256, cub::Sum>>::value_type)",100,"flop_count_sp","Floating Point Operations(Single Precision)",387,946656,107830
"Tesla V100-SXM2-16GB (0)","void cudnn::winograd_nonfused::winogradForwardData4x4<float, float>(cudnn::winograd_nonfused::WinogradDataParams<float, float>)",72,"flop_count_sp","Floating Point Operations(Single Precision)",47185920,94371840,81264640
"Tesla V100-SXM2-16GB (0)","void cudnn::winograd_nonfused::winogradForwardData9x9_5x5<float, float>(cudnn::winograd_nonfused::WinogradDataParams<float, float>)",16,"flop_count_sp","Floating Point Operations(Single Precision)",239423488,718270464,299279360
"Tesla V100-SXM2-16GB (0)","volta_sgemm_128x32_tn",10,"flop_count_sp","Floating Point Operations(Single Precision)",4841275392,4841275392,4841275392
"Tesla V100-SXM2-16GB (0)","void tensorflow::functor::ShuffleInTensor3Simple<float, int=2, int=1, int=0, bool=0>(int, float const *, tensorflow::functor::Dimension<int=3>, tensorflow::functor::ShuffleInTensor3Simple<float, int=2, int=1, int=0, bool=0>*)",140,"flop_count_sp","Floating Point Operations(Single Precision)",0,0,0
"Tesla V100-SXM2-16GB (0)","void tensorflow::functor::RowReduceKernel<float const *, float*, cub::Sum>(float const *, float*, int, int, cub::Sum, std::iterator_traits<tensorflow::functor::RowReduceKernel<float const *, float*, cub::Sum>>::value_type)",3,"flop_count_sp","Floating Point Operations(Single Precision)",4358144,10149888,7015082
"Tesla V100-SXM2-16GB (0)","volta_gcgemm_32x32_nt",26,"flop_count_sp","Floating Point Operations(Single Precision)",2626519040,31401246720,11891860086
"Tesla V100-SXM2-16GB (0)","void fft2d_r2c_16x16<float>(float2*, float const *, int, int, int, int, int, int, int, int)",56,"flop_count_sp","Floating Point Operations(Single Precision)",54165504,649986048,169589613
"Tesla V100-SXM2-16GB (0)","void tensorflow::functor::FillPhiloxRandomKernelLaunch<tensorflow::random::TruncatedNormalDistribution<tensorflow::random::SingleSampleAdapter<tensorflow::random::PhiloxRandom>, float>>(tensorflow::random::PhiloxRandom, tensorflow::random::PhiloxRandomResultElementType*, __int64, tensorflow::functor::FillPhiloxRandomKernelLaunch<tensorflow::random::TruncatedNormalDistribution<tensorflow::random::SingleSampleAdapter<tensorflow::random::PhiloxRandom>, float>>)",8,"flop_count_sp","Floating Point Operations(Single Precision)",778292,1270781808,260186586
"Tesla V100-SXM2-16GB (0)","cudnn::gemm::computeWgradSplitKOffsetsKernel(cudnn::gemm::ComputeOffsetsParams)",20,"flop_count_sp","Floating Point Operations(Single Precision)",0,0,0
"Tesla V100-SXM2-16GB (0)","volta_scudnn_128x64_stridedB_splitK_small_nn_v1",8,"flop_count_sp","Floating Point Operations(Single Precision)",14912421888,29837942784,22375182336
"Tesla V100-SXM2-16GB (0)","void cudnn::detail::pooling_fw_4d_kernel<float, float, cudnn::detail::maxpooling_func<float, cudnnNanPropagation_t=0>, int=0, bool=0>(cudnnTensorStruct, float const *, cudnn::detail::pooling_fw_4d_kernel<float, float, cudnn::detail::maxpooling_func<float, cudnnNanPropagation_t=0>, int=0, bool=0>, cudnnTensorStruct*, cudnnPoolingStruct, float, cudnnPoolingStruct, int, cudnn::reduced_divisor, float)",30,"flop_count_sp","Floating Point Operations(Single Precision)",589824,2985984,1884160
"Tesla V100-SXM2-16GB (0)","void Eigen::internal::EigenMetaKernel<Eigen::TensorEvaluator<Eigen::TensorAssignOp<Eigen::TensorMap<Eigen::Tensor<float, int=2, int=1, int>, int=16, Eigen::MakePointer>, Eigen::TensorCwiseBinaryOp<Eigen::internal::scalar_product_op<float, float>, Eigen::TensorBroadcastingOp<Eigen::array<long, unsigned long=2> const , Eigen::TensorMap<Eigen::Tensor<float const , int=2, int=1, int>, int=16, Eigen::MakePointer> const > const , Eigen::TensorMap<Eigen::Tensor<float const , int=2, int=1, int>, int=16, Eigen::MakePointer> const > const > const , Eigen::GpuDevice>, int>(float, int=2)",10,"flop_count_sp","Floating Point Operations(Single Precision)",64064,64064,64064
"Tesla V100-SXM2-16GB (0)","void fft2d_r2c_32x32<float, unsigned int=0, bool=0>(float2*, float const *, int, int, int, int, int, int, int, int, int, cudnn::reduced_divisor, bool)",42,"flop_count_sp","Floating Point Operations(Single Precision)",92471296,277413888,206959567
"Tesla V100-SXM2-16GB (0)","void tensorflow::BiasNCHWKernel<float>(int, float const *, float const , tensorflow::BiasNCHWKernel<float>*, int, int)",50,"flop_count_sp","Floating Point Operations(Single Precision)",2768896,12390400,6484787
"Tesla V100-SXM2-16GB (0)","void fft2d_r2c_32x32<float, unsigned int=1, bool=1>(float2*, float const *, int, int, int, int, int, int, int, int, int, cudnn::reduced_divisor, bool)",6,"flop_count_sp","Floating Point Operations(Single Precision)",1664483328,3328966656,2404253696
"Tesla V100-SXM2-16GB (0)","void cudnn::winograd::generateWinogradTilesKernel<int=0, float, float>(cudnn::winograd::GenerateWinogradTilesParams<float, float>)",12,"flop_count_sp","Floating Point Operations(Single Precision)",4276224,8552448,6176768
"Tesla V100-SXM2-16GB (0)","void fft2d_r2c_32x32<float, unsigned int=5, bool=1>(float2*, float const *, int, int, int, int, int, int, int, int, int, cudnn::reduced_divisor, bool)",2,"flop_count_sp","Floating Point Operations(Single Precision)",234946560,234946560,234946560
"Tesla V100-SXM2-16GB (0)","void Eigen::internal::EigenMetaKernel<Eigen::TensorEvaluator<Eigen::TensorAssignOp<Eigen::TensorMap<Eigen::Tensor<float, int=2, int=1, int>, int=16, Eigen::MakePointer>, Eigen::TensorGeneratorOp<tensorflow::generator::SparseXentGradGenerator<float, int>, Eigen::TensorMap<Eigen::Tensor<float, int=2, int=1, int>, int=16, Eigen::MakePointer> const > const > const , Eigen::GpuDevice>, int>(float, int=2)",10,"flop_count_sp","Floating Point Operations(Single Precision)",1025024,1025024,1025024
"Tesla V100-SXM2-16GB (0)","void tensorflow::functor::FillPhiloxRandomKernelLaunch<tensorflow::random::UniformDistribution<tensorflow::random::PhiloxRandom, float>>(tensorflow::random::PhiloxRandom, tensorflow::random::PhiloxRandomResultElementType*, __int64, tensorflow::functor::FillPhiloxRandomKernelLaunch<tensorflow::random::UniformDistribution<tensorflow::random::PhiloxRandom, float>>)",20,"flop_count_sp","Floating Point Operations(Single Precision)",917504,917504,917504
"Tesla V100-SXM2-16GB (0)","volta_scudnn_128x64_relu_interior_nn_v1",12,"flop_count_sp","Floating Point Operations(Single Precision)",9147138048,9147138048,9147138048
"Tesla V100-SXM2-16GB (0)","void cudnn::detail::dgrad_engine<float, int=128, int=6, int=8, int=3, int=3, int=5, bool=1>(int, int, int, float const *, int, float const , int, cudnn::detail::dgrad_engine<float, int=128, int=6, int=8, int=3, int=3, int=5, bool=1>*, kernel_grad_params, int, int, float, int, int, int)",8,"flop_count_sp","Floating Point Operations(Single Precision)",21760094208,43520188416,31143026688
"Tesla V100-SXM2-16GB (0)","void Eigen::internal::EigenMetaKernel<Eigen::TensorEvaluator<Eigen::TensorAssignOp<Eigen::TensorMap<Eigen::Tensor<float, int=2, int=1, int>, int=16, Eigen::MakePointer>, Eigen::TensorCwiseUnaryOp<Eigen::internal::scalar_exp_op<float>, Eigen::TensorMap<Eigen::Tensor<float, int=2, int=1, int>, int=16, Eigen::MakePointer> const > const > const , Eigen::GpuDevice>, int>(float, int=2)",10,"flop_count_sp","Floating Point Operations(Single Precision)",512512,512512,512512
"Tesla V100-SXM2-16GB (0)","void tensorflow::functor::BlockReduceKernel<float*, float*, int=256, tensorflow::functor::Sum<float>>(float*, float*, int, float, std::iterator_traits<tensorflow::functor::BlockReduceKernel<float*, float*, int=256, tensorflow::functor::Sum<float>>>::value_type)",10,"flop_count_sp","Floating Point Operations(Single Precision)",1221,1221,1221
"Tesla V100-SXM2-16GB (0)","void tensorflow::functor::CleanupSegments<float*, float*, cub::Sum>(float*, float*, int, int, int, cub::Sum, std::iterator_traits<tensorflow::functor::CleanupSegments<float*, float*, cub::Sum>>::value_type)",24,"flop_count_sp","Floating Point Operations(Single Precision)",129,12288,1302
"Tesla V100-SXM2-16GB (0)","volta_sgemm_32x128_nt",10,"flop_count_sp","Floating Point Operations(Single Precision)",541065216,541065216,541065216
"Tesla V100-SXM2-16GB (0)","void cudnn::winograd_nonfused::winogradForwardOutput4x4<float, float>(cudnn::winograd_nonfused::WinogradOutputParams<float, float>)",72,"flop_count_sp","Floating Point Operations(Single Precision)",49201152,98402304,84735317
"Tesla V100-SXM2-16GB (0)","void Eigen::internal::EigenMetaKernel<Eigen::TensorEvaluator<Eigen::TensorAssignOp<Eigen::TensorMap<Eigen::Tensor<float, int=1, int=1, long>, int=16, Eigen::MakePointer>, Eigen::TensorCwiseBinaryOp<Eigen::internal::scalar_sum_op<float, float>, Eigen::TensorCwiseBinaryOp<Eigen::internal::scalar_sum_op<float, float>, Eigen::TensorCwiseBinaryOp<Eigen::internal::scalar_sum_op<float, float>, Eigen::TensorCwiseBinaryOp<Eigen::internal::scalar_sum_op<float, float>, Eigen::TensorCwiseBinaryOp<Eigen::internal::scalar_sum_op<float, float>, Eigen::TensorCwiseBinaryOp<Eigen::internal::scalar_sum_op<float, float>, Eigen::TensorCwiseBinaryOp<Eigen::internal::scalar_sum_op<float const , float const >, Eigen::TensorMap<Eigen::Tensor<float const , int=1, int=1, long>, int=16, Eigen::MakePointer> const , Eigen::TensorMap<Eigen::Tensor<float const , int=1, int=1, long>, int=16, Eigen::MakePointer> const > const , Eigen::TensorMap<Eigen::Tensor<float const , int=1, int=1, long>, int=16, Eigen::MakePointer> const > const , Eigen::TensorMap<Eigen::Tensor<float const , int=1, int=1, long>, int=16, Eigen::MakePointer> const > const , Eigen::TensorMap<Eigen::Tensor<float const , int=1, int=1, long>, int=16, Eigen::MakePointer> const > const , Eigen::TensorMap<Eigen::Tensor<float const , int=1, int=1, long>, int=16, Eigen::MakePointer> const > const , Eigen::TensorMap<Eigen::Tensor<float const , int=1, int=1, long>, int=16, Eigen::MakePointer> const > const , Eigen::TensorMap<Eigen::Tensor<float const , int=1, int=1, long>, int=16, Eigen::MakePointer> const > const > const , Eigen::GpuDevice>, long>(float, int=1)",10,"flop_count_sp","Floating Point Operations(Single Precision)",7,7,7
"Tesla V100-SXM2-16GB (0)","void Eigen::internal::EigenMetaKernel<Eigen::TensorEvaluator<Eigen::TensorAssignOp<Eigen::TensorMap<Eigen::Tensor<float, int=1, int=1, int>, int=16, Eigen::MakePointer>, Eigen::TensorCwiseBinaryOp<Eigen::internal::scalar_product_op<float, float>, Eigen::TensorMap<Eigen::Tensor<float const , int=1, int=1, int>, int=16, Eigen::MakePointer> const , Eigen::TensorMap<Eigen::Tensor<float const , int=1, int=1, long>, int=16, Eigen::MakePointer> const > const > const , Eigen::GpuDevice>, long>(float, int=1)",40,"flop_count_sp","Floating Point Operations(Single Precision)",262144,262144,262144
"Tesla V100-SXM2-16GB (0)","volta_sgemm_128x64_tn",10,"flop_count_sp","Floating Point Operations(Single Precision)",2150891520,2150891520,2150891520
"Tesla V100-SXM2-16GB (0)","void Eigen::internal::EigenMetaKernel<Eigen::TensorEvaluator<Eigen::TensorAssignOp<Eigen::TensorMap<Eigen::Tensor<float, int=2, int=1, int>, int=16, Eigen::MakePointer>, Eigen::TensorCwiseBinaryOp<Eigen::internal::scalar_difference_op<float const , float const >, Eigen::TensorMap<Eigen::Tensor<float const , int=2, int=1, int>, int=16, Eigen::MakePointer> const , Eigen::TensorBroadcastingOp<Eigen::IndexList<Eigen::type2index<long=1>> const , Eigen::TensorReshapingOp<Eigen::IndexList<int> const , Eigen::TensorMap<Eigen::Tensor<float, int=1, int=1, int>, int=16, Eigen::MakePointer>> const > const > const > const , Eigen::GpuDevice>, int>(float, int=2)",10,"flop_count_sp","Floating Point Operations(Single Precision)",64064,64064,64064
"Tesla V100-SXM2-16GB (0)","void cub::DeviceReduceKernel<cub::DeviceReducePolicy<float, int, cub::Sum>::Policy600, cub::TransformInputIterator<float, tensorflow::squareHalf<float>, float*, long>, float*, int, cub::Sum>(int, cub::Sum, cub::DeviceReducePolicy<float, int, cub::Sum>::Policy600, cub::GridEvenShare<cub::Sum>, float)",60,"flop_count_sp","Floating Point Operations(Single Precision)",2117502,115751808,31808161
"Tesla V100-SXM2-16GB (0)","void cudnn::detail::explicit_convolve_sgemm<float, int, int=128, int=6, int=7, int=3, int=3, int=5, int=0, bool=1>(int, int, int, float const *, int, float const , int, cudnn::detail::explicit_convolve_sgemm<float, int, int=128, int=6, int=7, int=3, int=3, int=5, int=0, bool=1>*, kernel_conv_params, int, int, float, float, int, float const *, float const *)",4,"flop_count_sp","Floating Point Operations(Single Precision)",19141378048,28712067072,23926722560
"Tesla V100-SXM2-16GB (0)","volta_sgemm_128x32_nt",10,"flop_count_sp","Floating Point Operations(Single Precision)",4869586944,4869586944,4869586944
"Tesla V100-SXM2-16GB (0)","void tensorflow::functor::ColumnReduceKernel<float const *, float*, cub::Sum>(float const *, float*, int, int, cub::Sum, std::iterator_traits<tensorflow::functor::ColumnReduceKernel<float const *, float*, cub::Sum>>::value_type)",6,"flop_count_sp","Floating Point Operations(Single Precision)",3968,258048,62777
"Tesla V100-SXM2-16GB (0)","void cudnn::winograd_nonfused::winogradForwardFilter9x9_5x5<float, float>(cudnn::winograd_nonfused::WinogradFilterParams<float, float>)",14,"flop_count_sp","Floating Point Operations(Single Precision)",17694720,17694720,17694720
"Tesla V100-SXM2-16GB (0)","void fft2d_r2c_32x32<float, unsigned int=1, bool=0>(float2*, float const *, int, int, int, int, int, int, int, int, int, cudnn::reduced_divisor, bool)",18,"flop_count_sp","Floating Point Operations(Single Precision)",277413888,3328966656,1119930140
"Tesla V100-SXM2-16GB (0)","void pooling_bw_kernel_max_nchw_fully_packed_small<float, float, int=3, cudnnNanPropagation_t=0>(cudnnTensorStruct, float const *, cudnnTensorStruct, float const *, cudnnTensorStruct, float const *, cudnnTensorStruct, float*, cudnnPoolingStruct, float, float, cudnn::reduced_divisor, cudnn::reduced_divisor)",30,"flop_count_sp","Floating Point Operations(Single Precision)",1533064,8004597,5019327
"Tesla V100-SXM2-16GB (0)","cudnn::gemm::computeOffsetsKernel(cudnn::gemm::ComputeOffsetsParams)",28,"flop_count_sp","Floating Point Operations(Single Precision)",0,0,0
"Tesla V100-SXM2-16GB (0)","void fft2d_r2c_32x32<float, unsigned int=5, bool=0>(float2*, float const *, int, int, int, int, int, int, int, int, int, cudnn::reduced_divisor, bool)",16,"flop_count_sp","Floating Point Operations(Single Precision)",234946560,234946560,234946560
"Tesla V100-SXM2-16GB (0)","volta_scudnn_128x128_relu_small_nn_v1",2,"flop_count_sp","Floating Point Operations(Single Precision)",19257425920,19257425920,19257425920
"Tesla V100-SXM2-16GB (0)","void Eigen::internal::ReductionInitKernel<float, int>(float, int, Eigen::internal::ReductionInitKernel<float, int>*)",30,"flop_count_sp","Floating Point Operations(Single Precision)",0,0,0
"Tesla V100-SXM2-16GB (0)","void Eigen::internal::EigenMetaKernel<Eigen::TensorEvaluator<Eigen::TensorAssignOp<Eigen::TensorMap<Eigen::Tensor<float, int=1, int=1, int>, int=16, Eigen::MakePointer>, Eigen::TensorCwiseUnaryOp<Eigen::internal::scalar_left<float, float, Eigen::internal::scalar_product_op<float, float>>, Eigen::TensorMap<Eigen::Tensor<float const , int=1, int=1, int>, int=16, Eigen::MakePointer> const > const > const , Eigen::GpuDevice>, int>(float, int=1)",40,"flop_count_sp","Floating Point Operations(Single Precision)",262144,262144,262144
"Tesla V100-SXM2-16GB (0)","void tensorflow::BiasGradNHWC_SharedAtomics<float>(int, float const *, tensorflow::BiasGradNHWC_SharedAtomics<float>*, int)",30,"flop_count_sp","Floating Point Operations(Single Precision)",65895,262144,196730
"Tesla V100-SXM2-16GB (0)","void cudnn::detail::implicit_convolve_sgemm<float, float, int=128, int=6, int=7, int=3, int=3, int=5, int=1, bool=1, bool=0, bool=1>(int, int, int, float const *, int, float*, cudnn::detail::implicit_convolve_sgemm<float, float, int=128, int=6, int=7, int=3, int=3, int=5, int=1, bool=1, bool=0, bool=1>*, kernel_conv_params, int, float, float, int, float, float, int, int)",6,"flop_count_sp","Floating Point Operations(Single Precision)",14358110208,28712067072,20737185109
"Tesla V100-SXM2-16GB (0)","void cudnn::winograd_nonfused::winogradForwardOutput9x9_5x5<float, float>(cudnn::winograd_nonfused::WinogradOutputParams<float, float>)",14,"flop_count_sp","Floating Point Operations(Single Precision)",149262336,447787008,405140626
"Tesla V100-SXM2-16GB (0)","void im2col4d_kernel<float, int>(im2col4d_params, cudnnConvolutionStruct, cudnnTensor4dStruct, float const *, float*, int)",10,"flop_count_sp","Floating Point Operations(Single Precision)",0,0,0
"Tesla V100-SXM2-16GB (0)","compute_gemm_pointers(float2**, float2 const *, int, float2 const *, int, float2 const *, int, int)",44,"flop_count_sp","Floating Point Operations(Single Precision)",0,0,0
"Tesla V100-SXM2-16GB (0)","void cudnn::winograd_nonfused::winogradWgradOutput4x4<float, float>(cudnn::winograd_nonfused::WinogradWgradOutputParams<float, float>)",26,"flop_count_sp","Floating Point Operations(Single Precision)",5971968,11943936,9647025
"Tesla V100-SXM2-16GB (0)","void cudnn::detail::wgrad_alg0_engine<float, int=128, int=6, int=7, int=3, int=3, int=5, bool=1, int=512>(int, int, int, float const *, int, cudnn::detail::wgrad_alg0_engine<float, int=128, int=6, int=7, int=3, int=3, int=5, bool=1, int=512>*, float const , kernel_grad_params, int, float, int, int, int, int)",4,"flop_count_sp","Floating Point Operations(Single Precision)",14990966784,29981933568,22486450176
"Tesla V100-SXM2-16GB (0)","void Eigen::internal::InnerReductionKernel<int=128, Eigen::TensorEvaluator<Eigen::TensorReductionOp<Eigen::internal::SumReducer<float>, Eigen::IndexList<Eigen::type2index<long=1>> const , Eigen::TensorGeneratorOp<tensorflow::generator::SparseXentLossGenerator<float, int>, Eigen::TensorMap<Eigen::Tensor<float, int=2, int=1, int>, int=16, Eigen::MakePointer> const > const , Eigen::MakePointer> const , Eigen::GpuDevice>, Eigen::internal::SumReducer<float>, int>(Eigen::internal::SumReducer<float>, float, long=1, float, Eigen::internal::SumReducer<float>::CoeffReturnType*)",10,"flop_count_sp","Floating Point Operations(Single Precision)",147584,147584,147584
"Tesla V100-SXM2-16GB (0)","volta_sgemm_128x64_nn",70,"flop_count_sp","Floating Point Operations(Single Precision)",2150891520,10885791744,5592983610
"Tesla V100-SXM2-16GB (0)","void Eigen::internal::EigenMetaKernel<Eigen::TensorEvaluator<Eigen::TensorAssignOp<Eigen::TensorMap<Eigen::Tensor<__int64, int=1, int=1, int>, int=16, Eigen::MakePointer>, Eigen::TensorCwiseUnaryOp<Eigen::internal::scalar_right<__int64, __int64, Eigen::internal::scalar_max_op<__int64, __int64>>, Eigen::TensorMap<Eigen::Tensor<__int64 const , int=1, int=1, int>, int=16, Eigen::MakePointer> const > const > const , Eigen::GpuDevice>, int>(__int64, int=1)",1,"flop_count_sp","Floating Point Operations(Single Precision)",0,0,0
"Tesla V100-SXM2-16GB (0)","volta_sgemm_128x64_nt",74,"flop_count_sp","Floating Point Operations(Single Precision)",2164260864,10885791744,7325694892
"Tesla V100-SXM2-16GB (0)","void cub::DeviceReduceSingleTileKernel<cub::DeviceReducePolicy<float, int, cub::Sum>::Policy600, float*, float*, int, cub::Sum, float>(int, cub::Sum, cub::DeviceReducePolicy<float, int, cub::Sum>::Policy600, float*, float*)",60,"flop_count_sp","Floating Point Operations(Single Precision)",652,3984,2063
"Tesla V100-SXM2-16GB (0)","void Eigen::internal::EigenMetaKernel<Eigen::TensorEvaluator<Eigen::TensorAssignOp<Eigen::TensorMap<Eigen::Tensor<float, int=1, int=1, int>, int=16, Eigen::MakePointer>, Eigen::TensorCwiseUnaryOp<Eigen::internal::scalar_left<float, float, Eigen::internal::scalar_sum_op<float, float>>, Eigen::TensorMap<Eigen::Tensor<float const , int=1, int=1, int>, int=16, Eigen::MakePointer> const > const > const , Eigen::GpuDevice>, int>(float, int=1)",20,"flop_count_sp","Floating Point Operations(Single Precision)",262144,262144,262144
"Tesla V100-SXM2-16GB (0)","void cudnn::winograd_nonfused::winogradForwardFilter4x4<float, float>(cudnn::winograd_nonfused::WinogradFilterParams<float, float>)",72,"flop_count_sp","Floating Point Operations(Single Precision)",5971968,11943936,8626176
"Tesla V100-SXM2-16GB (0)","void cudnn::detail::explicit_convolve_sgemm<float, int, int=1024, int=6, int=7, int=3, int=3, int=5, int=0, bool=1>(int, int, int, float const *, int, float const , int, cudnn::detail::explicit_convolve_sgemm<float, int, int=1024, int=6, int=7, int=3, int=3, int=5, int=0, bool=1>*, kernel_conv_params, int, int, float, float, int, float const *, float const *)",4,"flop_count_sp","Floating Point Operations(Single Precision)",14358110208,38229553152,26293831680
"Tesla V100-SXM2-16GB (0)","void cudnn::winograd::winograd3x3Kernel<float, float, int=2, int=2, int=8, bool=0>(cudnn::maxwell::winograd::KernelParams)",12,"flop_count_sp","Floating Point Operations(Single Precision)",10063183872,20126367744,14541826730
"Tesla V100-SXM2-16GB (0)","void fft2d_c2r_16x16<float, bool=0>(float*, float2*, int, int, int, int, int, int, int, int, int, int, float, float, int, float*, float*)",28,"flop_count_sp","Floating Point Operations(Single Precision)",56438784,653672448,259548013
"Tesla V100-SXM2-16GB (0)","volta_scudnn_128x64_stridedB_splitK_interior_nn_v1",4,"flop_count_sp","Floating Point Operations(Single Precision)",9519882240,9519882240,9519882240
"Tesla V100-SXM2-16GB (0)","volta_sgemm_64x32_sliced1x4_tn",10,"flop_count_sp","Floating Point Operations(Single Precision)",541065216,541065216,541065216
"Tesla V100-SXM2-16GB (0)","void Eigen::internal::EigenMetaKernel<Eigen::TensorEvaluator<Eigen::TensorAssignOp<Eigen::TensorMap<Eigen::Tensor<float, int=1, int=1, long>, int=16, Eigen::MakePointer>, Eigen::TensorCwiseBinaryOp<Eigen::internal::scalar_sum_op<float, float>, Eigen::TensorMap<Eigen::Tensor<float, int=1, int=1, long>, int=16, Eigen::MakePointer> const , Eigen::TensorCwiseBinaryOp<Eigen::internal::scalar_sum_op<float, float>, Eigen::TensorCwiseBinaryOp<Eigen::internal::scalar_sum_op<float, float>, Eigen::TensorCwiseBinaryOp<Eigen::internal::scalar_sum_op<float, float>, Eigen::TensorCwiseBinaryOp<Eigen::internal::scalar_sum_op<float, float>, Eigen::TensorCwiseBinaryOp<Eigen::internal::scalar_sum_op<float, float>, Eigen::TensorCwiseBinaryOp<Eigen::internal::scalar_sum_op<float, float>, Eigen::TensorCwiseBinaryOp<Eigen::internal::scalar_sum_op<float const , float const >, Eigen::TensorMap<Eigen::Tensor<float const , int=1, int=1, long>, int=16, Eigen::MakePointer> const , Eigen::TensorMap<Eigen::Tensor<float const , int=1, int=1, long>, int=16, Eigen::MakePointer> const > const , Eigen::TensorMap<Eigen::Tensor<float const , int=1, int=1, long>, int=16, Eigen::MakePointer> const > const , Eigen::TensorMap<Eigen::Tensor<float const , int=1, int=1, long>, int=16, Eigen::MakePointer> const > const , Eigen::TensorMap<Eigen::Tensor<float const , int=1, int=1, long>, int=16, Eigen::MakePointer> const > const , Eigen::TensorMap<Eigen::Tensor<float const , int=1, int=1, long>, int=16, Eigen::MakePointer> const > const , Eigen::TensorMap<Eigen::Tensor<float const , int=1, int=1, long>, int=16, Eigen::MakePointer> const > const , Eigen::TensorMap<Eigen::Tensor<float const , int=1, int=1, long>, int=16, Eigen::MakePointer> const > const > const > const , Eigen::GpuDevice>, long>(float, int=1)",10,"flop_count_sp","Floating Point Operations(Single Precision)",8,8,8
"Tesla V100-SXM2-16GB (0)","void Eigen::internal::InnerReductionKernel<int=128, Eigen::TensorEvaluator<Eigen::TensorReductionOp<Eigen::internal::SumReducer<float>, Eigen::IndexList<Eigen::type2index<long=1>> const , Eigen::TensorCwiseUnaryOp<Eigen::internal::scalar_exp_op<float>, Eigen::TensorMap<Eigen::Tensor<float, int=2, int=1, int>, int=16, Eigen::MakePointer> const > const , Eigen::MakePointer> const , Eigen::GpuDevice>, Eigen::internal::SumReducer<float>, int>(Eigen::internal::SumReducer<float>, float, long=1, float, Eigen::internal::SumReducer<float>::CoeffReturnType*)",10,"flop_count_sp","Floating Point Operations(Single Precision)",658496,658496,658496
"Tesla V100-SXM2-16GB (0)","void fft2d_c2r_32x32<float, bool=0, unsigned int=1, bool=0, bool=0>(float*, float2 const *, int, int, int, int, int, int, int, int, int, float, float, cudnn::reduced_divisor, bool, float*, float*)",24,"flop_count_sp","Floating Point Operations(Single Precision)",269291520,545366016,369456128
"Tesla V100-SXM2-16GB (0)","void Eigen::internal::EigenMetaKernel<Eigen::TensorEvaluator<Eigen::TensorAssignOp<Eigen::TensorMap<Eigen::Tensor<float, int=1, int=1, long>, int=16, Eigen::MakePointer>, Eigen::TensorCwiseBinaryOp<Eigen::internal::scalar_product_op<float const , float const >, Eigen::TensorMap<Eigen::Tensor<float const , int=1, int=1, long>, int=16, Eigen::MakePointer> const , Eigen::TensorConversionOp<float, Eigen::TensorCwiseBinaryOp<Eigen::internal::scalar_cmp_op<float const , float const , Eigen::internal::ComparisonName>, Eigen::TensorMap<Eigen::Tensor<float const , int=1, int=1, long>, int=16, Eigen::MakePointer> const , Eigen::TensorCwiseNullaryOp<Eigen::internal::scalar_constant_op<float const >, Eigen::TensorMap<Eigen::Tensor<float const , int=1, int=1, long>, int=16, Eigen::MakePointer> const > const > const > const > const > const , Eigen::GpuDevice>, long>(float, int=1)",70,"flop_count_sp","Floating Point Operations(Single Precision)",0,0,0
