==8381== NVPROF is profiling process 8381, command: python tf_cnn_benchmarks.py --num_gpus=1 --batch_size=8 --num_batches=10 --num_warmup_batches=0 --model=vgg16 --data_dir=/home/keshavsanthanam/data/imagenet --allow_growth
2019-01-31 04:25:58.479585: I tensorflow/stream_executor/cuda/cuda_gpu_executor.cc:964] successful NUMA node read from SysFS had negative value (-1), but there must be at least one NUMA node, so returning NUMA node zero
2019-01-31 04:25:58.480099: I tensorflow/core/common_runtime/gpu/gpu_device.cc:1432] Found device 0 with properties: 
name: Tesla V100-SXM2-16GB major: 7 minor: 0 memoryClockRate(GHz): 1.53
pciBusID: 0000:00:04.0
totalMemory: 15.75GiB freeMemory: 15.33GiB
2019-01-31 04:25:58.480126: I tensorflow/core/common_runtime/gpu/gpu_device.cc:1511] Adding visible gpu devices: 0
2019-01-31 04:25:59.395991: I tensorflow/core/common_runtime/gpu/gpu_device.cc:982] Device interconnect StreamExecutor with strength 1 edge matrix:
2019-01-31 04:25:59.396044: I tensorflow/core/common_runtime/gpu/gpu_device.cc:988]      0 
2019-01-31 04:25:59.396052: I tensorflow/core/common_runtime/gpu/gpu_device.cc:1001] 0:   N 
2019-01-31 04:25:59.396307: I tensorflow/core/common_runtime/gpu/gpu_device.cc:1115] Created TensorFlow device (/job:localhost/replica:0/task:0/device:GPU:0 with 14837 MB memory) -> physical GPU (device: 0, name: Tesla V100-SXM2-16GB, pci bus id: 0000:00:04.0, compute capability: 7.0)
W0131 04:26:00.226588 139686261596544 tf_logging.py:125] From /home/keshavsanthanam/gpusched/workloads/tensorflow/image_classification/benchmark_cnn.py:2250: __init__ (from tensorflow.python.training.supervisor) is deprecated and will be removed in a future version.
Instructions for updating:
Please switch to tf.train.MonitoredTrainingSession
2019-01-31 04:26:00.331254: I tensorflow/core/common_runtime/gpu/gpu_device.cc:1511] Adding visible gpu devices: 0
2019-01-31 04:26:00.331351: I tensorflow/core/common_runtime/gpu/gpu_device.cc:982] Device interconnect StreamExecutor with strength 1 edge matrix:
2019-01-31 04:26:00.331358: I tensorflow/core/common_runtime/gpu/gpu_device.cc:988]      0 
2019-01-31 04:26:00.331364: I tensorflow/core/common_runtime/gpu/gpu_device.cc:1001] 0:   N 
2019-01-31 04:26:00.331627: I tensorflow/core/common_runtime/gpu/gpu_device.cc:1115] Created TensorFlow device (/job:localhost/replica:0/task:0/device:GPU:0 with 14837 MB memory) -> physical GPU (device: 0, name: Tesla V100-SXM2-16GB, pci bus id: 0000:00:04.0, compute capability: 7.0)
I0131 04:26:00.746898 139686261596544 tf_logging.py:115] Running local_init_op.
I0131 04:26:34.517571 139686261596544 tf_logging.py:115] Done running local_init_op.
TensorFlow:  1.12
Model:       vgg16
Dataset:     imagenet
Mode:        training
SingleSess:  False
Batch size:  8 global
             8 per device
Num batches: 10
Num epochs:  0.00
Devices:     ['/gpu:0']
Data format: NCHW
Optimizer:   sgd
Variables:   parameter_server
==========
start:2019-01-31 04:25:59.398883
Generating training model
Initializing graph
Running warm up
Done warm up
Step	Img/sec	total_loss
1	images/sec: 0.4 +/- 0.0 (jitter = 0.0)	7.250
10	images/sec: 2.0 +/- 0.3 (jitter = 0.1)	7.259
----------------------------------------------------------------
total images/sec: 2.03
----------------------------------------------------------------
end:2019-01-31 04:27:14.058646
==8381== Profiling application: python tf_cnn_benchmarks.py --num_gpus=1 --batch_size=8 --num_batches=10 --num_warmup_batches=0 --model=vgg16 --data_dir=/home/keshavsanthanam/data/imagenet --allow_growth
==8381== Profiling result:
==8381== Metric result:
"Device","Kernel","Invocations","Metric Name","Metric Description","Min","Max","Avg"
"Tesla V100-SXM2-16GB (0)","void Eigen::internal::EigenMetaKernel<Eigen::TensorEvaluator<Eigen::TensorAssignOp<Eigen::TensorMap<Eigen::Tensor<float, int=1, int=1, int>, int=16, Eigen::MakePointer>, Eigen::TensorCwiseUnaryOp<Eigen::internal::scalar_right<float, float, Eigen::internal::scalar_product_op<float, float>>, Eigen::TensorMap<Eigen::Tensor<float const , int=1, int=1, int>, int=16, Eigen::MakePointer> const > const > const , Eigen::GpuDevice>, int>(float, int=1)",356,"dram_write_throughput","Device Memory Write Throughput",0.000000B/s,384.619493GB/s,337.335916GB/s
"Tesla V100-SXM2-16GB (0)","void Eigen::internal::EigenMetaKernel<Eigen::TensorEvaluator<Eigen::TensorAssignOp<Eigen::TensorMap<Eigen::Tensor<float, int=1, int=1, long>, int=16, Eigen::MakePointer>, Eigen::TensorCwiseBinaryOp<Eigen::internal::scalar_difference_op<float, float>, Eigen::TensorMap<Eigen::Tensor<float, int=1, int=1, long>, int=16, Eigen::MakePointer> const , Eigen::TensorCwiseBinaryOp<Eigen::internal::scalar_product_op<float const , float const >, Eigen::TensorBroadcastingOp<Eigen::array<long, unsigned long=1> const , Eigen::TensorReshapingOp<Eigen::Sizes<> const , Eigen::TensorMap<Eigen::TensorFixedSize<float const , Eigen::Sizes<>, int=1, long>, int=16, Eigen::MakePointer> const > const > const , Eigen::TensorMap<Eigen::Tensor<float const , int=1, int=1, long>, int=16, Eigen::MakePointer> const > const > const > const , Eigen::GpuDevice>, long>(float, int=1)",320,"dram_write_throughput","Device Memory Write Throughput",0.000000B/s,256.987700GB/s,239.249207GB/s
"Tesla V100-SXM2-16GB (0)","void flip_filter<float, float>(float*, float const *, int, int, int, int)",20,"dram_write_throughput","Device Memory Write Throughput",21.070714GB/s,176.566329GB/s,61.762298GB/s
"Tesla V100-SXM2-16GB (0)","void Eigen::internal::InnerReductionKernel<int=128, Eigen::TensorEvaluator<Eigen::TensorReductionOp<Eigen::internal::MaxReducer<float>, Eigen::IndexList<Eigen::type2index<long=1>> const , Eigen::TensorMap<Eigen::Tensor<float const , int=2, int=1, int>, int=16, Eigen::MakePointer> const , Eigen::MakePointer> const , Eigen::GpuDevice>, Eigen::internal::MaxReducer<float>, int>(Eigen::internal::MaxReducer<float>, float, long=1, float, Eigen::internal::MaxReducer<float>::CoeffReturnType*)",10,"dram_write_throughput","Device Memory Write Throughput",0.000000B/s,0.000000B/s,0.000000B/s
"Tesla V100-SXM2-16GB (0)","void cudnn::winograd_nonfused::winogradWgradDelta4x4<float, float>(cudnn::winograd_nonfused::WinogradDeltaParams<float, float>)",18,"dram_write_throughput","Device Memory Write Throughput",389.964028GB/s,451.239083GB/s,428.749308GB/s
"Tesla V100-SXM2-16GB (0)","void pooling_bw_kernel_max_nchw_fully_packed_small<float, float, int=2, cudnnNanPropagation_t=0>(cudnnTensorStruct, float const *, cudnnTensorStruct, float const *, cudnnTensorStruct, float const *, cudnnTensorStruct, float*, cudnnPoolingStruct, float, float, cudnn::reduced_divisor, cudnn::reduced_divisor)",20,"dram_write_throughput","Device Memory Write Throughput",150.034795GB/s,258.252693GB/s,223.210416GB/s
"Tesla V100-SXM2-16GB (0)","void cudnn::winograd_nonfused::winogradWgradData4x4<float, float>(cudnn::winograd_nonfused::WinogradDataParams<float, float>)",18,"dram_write_throughput","Device Memory Write Throughput",132.825487GB/s,460.838205GB/s,419.187998GB/s
"Tesla V100-SXM2-16GB (0)","void cudnn::detail::explicit_convolve_sgemm<float, int, int=1024, int=5, int=5, int=3, int=3, int=3, int=0, bool=1>(int, int, int, float const *, int, float const , int, cudnn::detail::explicit_convolve_sgemm<float, int, int=1024, int=5, int=5, int=3, int=3, int=3, int=0, bool=1>*, kernel_conv_params, int, int, float, float, int, float const *, float const *)",2,"dram_write_throughput","Device Memory Write Throughput",352.445075GB/s,353.819492GB/s,353.128501GB/s
"Tesla V100-SXM2-16GB (0)","cudnn::gemm::computeBOffsetsKernel(cudnn::gemm::ComputeBOffsetsParams)",16,"dram_write_throughput","Device Memory Write Throughput",0.000000B/s,192.661478MB/s,57.563522MB/s
"Tesla V100-SXM2-16GB (0)","void cudnn::detail::wgrad_alg0_engine<float, int=512, int=6, int=5, int=3, int=3, int=3, bool=1, int=512>(int, int, int, float const *, int, cudnn::detail::wgrad_alg0_engine<float, int=512, int=6, int=5, int=3, int=3, int=3, bool=1, int=512>*, float const , kernel_grad_params, int, float, int, int, int, int)",24,"dram_write_throughput","Device Memory Write Throughput",23.841916MB/s,1.206965GB/s,941.932389MB/s
"Tesla V100-SXM2-16GB (0)","void DSE::vector_fft<int=1, int=2, int=128, int=8, int=8, int=1, float, float, float2>(float2*, float2, int, int3, float2*)",12,"dram_write_throughput","Device Memory Write Throughput",342.023594GB/s,386.053385GB/s,382.707927GB/s
"Tesla V100-SXM2-16GB (0)","cudnn::gemm::computeWgradBOffsetsKernel(cudnn::gemm::ComputeBOffsetsParams)",36,"dram_write_throughput","Device Memory Write Throughput",0.000000B/s,732.421875MB/s,147.094735MB/s
"Tesla V100-SXM2-16GB (0)","void scalePackedTensor_kernel<float, float>(cudnnTensor4dStruct, float*, float)",72,"dram_write_throughput","Device Memory Write Throughput",0.000000B/s,569.970327GB/s,525.721468GB/s
"Tesla V100-SXM2-16GB (0)","volta_sgemm_128x128_nn",18,"dram_write_throughput","Device Memory Write Throughput",1.273152GB/s,587.257408GB/s,210.057159GB/s
"Tesla V100-SXM2-16GB (0)","volta_sgemm_128x128_nt",10,"dram_write_throughput","Device Memory Write Throughput",662.571627MB/s,177.931303GB/s,51.394887GB/s
"Tesla V100-SXM2-16GB (0)","void pointwise_mult_and_sum_complex<float2, int=8, int=4>(float2*, float2*, float2*, int, int, int, int, int, float2)",32,"dram_write_throughput","Device Memory Write Throughput",19.129827GB/s,477.222020GB/s,177.602263GB/s
"Tesla V100-SXM2-16GB (0)","volta_scudnn_128x128_stridedB_splitK_medium_nn_v1",8,"dram_write_throughput","Device Memory Write Throughput",752.063684MB/s,8.027063GB/s,5.353913GB/s
"Tesla V100-SXM2-16GB (0)","volta_scudnn_winograd_128x128_ldg1_ldg4_relu_tile148t_nt_v1",2,"dram_write_throughput","Device Memory Write Throughput",261.982101GB/s,263.938022GB/s,262.946113GB/s
"Tesla V100-SXM2-16GB (0)","void cub::DeviceSegmentedReduceKernel<cub::DeviceReducePolicy<float, int, cub::Sum>::Policy600, float const *, float*, cub::TransformInputIterator<int, tensorflow::functor::RowOffset, cub::CountingInputIterator<int, long>, long>, int, cub::Sum, float>(int, cub::Sum, cub::DeviceReducePolicy<float, int, cub::Sum>::Policy600, cub::Sum, int, float*, int)",3,"dram_write_throughput","Device Memory Write Throughput",10.585267MB/s,158.200893MB/s,45.758915MB/s
"Tesla V100-SXM2-16GB (0)","void tensorflow::BiasGradNCHW_SharedAtomics<float>(float const *, tensorflow::BiasGradNCHW_SharedAtomics<float>*, int, int, int, int)",130,"dram_write_throughput","Device Memory Write Throughput",9.337256GB/s,58.463422GB/s,18.683261GB/s
"Tesla V100-SXM2-16GB (0)","volta_scudnn_128x128_stridedB_small_nn_v1",4,"dram_write_throughput","Device Memory Write Throughput",945.935681MB/s,20.828954GB/s,15.357447GB/s
"Tesla V100-SXM2-16GB (0)","void tensorflow::BiasNHWCKernel<float>(int, float const *, float const , tensorflow::BiasNHWCKernel<float>*, int)",30,"dram_write_throughput","Device Memory Write Throughput",0.000000B/s,87.165584GB/s,3.314294GB/s
"Tesla V100-SXM2-16GB (0)","void Eigen::internal::EigenMetaKernel<Eigen::TensorEvaluator<Eigen::TensorAssignOp<Eigen::TensorMap<Eigen::Tensor<float, int=1, int=1, long>, int=16, Eigen::MakePointer>, Eigen::TensorCwiseBinaryOp<Eigen::internal::scalar_sum_op<float const , float const >, Eigen::TensorMap<Eigen::Tensor<float const , int=1, int=1, long>, int=16, Eigen::MakePointer> const , Eigen::TensorMap<Eigen::Tensor<float const , int=1, int=1, long>, int=16, Eigen::MakePointer> const > const > const , Eigen::GpuDevice>, long>(float, int=1)",320,"dram_write_throughput","Device Memory Write Throughput",0.000000B/s,255.702569GB/s,236.644916GB/s
"Tesla V100-SXM2-16GB (0)","void Eigen::internal::EigenMetaKernel<Eigen::TensorEvaluator<Eigen::TensorAssignOp<Eigen::TensorMap<Eigen::Tensor<float, int=1, int=1, int>, int=16, Eigen::MakePointer>, Eigen::TensorCwiseUnaryOp<Eigen::internal::scalar_right<float, float, Eigen::internal::scalar_sum_op<float, float>>, Eigen::TensorMap<Eigen::Tensor<float const , int=1, int=1, int>, int=16, Eigen::MakePointer> const > const > const , Eigen::GpuDevice>, int>(float, int=1)",10,"dram_write_throughput","Device Memory Write Throughput",55.689011MB/s,521.668002MB/s,139.407318MB/s
"Tesla V100-SXM2-16GB (0)","void tensorflow::functor::SwapDimension1And2InTensor3UsingTiles<unsigned int, int=1024, int=1024, int=2, bool=0>(unsigned int const *, tensorflow::functor::Dimension<int=3>, tensorflow::functor::SwapDimension1And2InTensor3UsingTiles<unsigned int, int=1024, int=1024, int=2, bool=0>*)",10,"dram_write_throughput","Device Memory Write Throughput",131.655613GB/s,362.080267GB/s,163.770696GB/s
"Tesla V100-SXM2-16GB (0)","void cudnn::detail::wgrad_alg0_engine<float, int=128, int=6, int=8, int=3, int=3, int=5, bool=1, int=512>(int, int, int, float const *, int, cudnn::detail::wgrad_alg0_engine<float, int=128, int=6, int=8, int=3, int=3, int=5, bool=1, int=512>*, float const , kernel_grad_params, int, float, int, int, int, int)",100,"dram_write_throughput","Device Memory Write Throughput",2.259430GB/s,85.001976GB/s,33.179566GB/s
"Tesla V100-SXM2-16GB (0)","void cudnn::detail::dgrad_engine<float, int=128, int=6, int=7, int=3, int=3, int=5, bool=1>(int, int, int, float const *, int, float const , int, cudnn::detail::dgrad_engine<float, int=128, int=6, int=7, int=3, int=3, int=5, bool=1>*, kernel_grad_params, int, int, float, int, int, int)",8,"dram_write_throughput","Device Memory Write Throughput",5.001906GB/s,8.340171GB/s,6.611004GB/s
"Tesla V100-SXM2-16GB (0)","volta_sgemm_128x32_sliced1x4_tn",10,"dram_write_throughput","Device Memory Write Throughput",25.934690GB/s,26.617917GB/s,26.244242GB/s
"Tesla V100-SXM2-16GB (0)","void Eigen::internal::EigenMetaKernel<Eigen::TensorEvaluator<Eigen::TensorAssignOp<Eigen::TensorMap<Eigen::Tensor<float, int=1, int=1, long>, int=16, Eigen::MakePointer>, Eigen::TensorCwiseBinaryOp<Eigen::internal::scalar_max_op<float const , float const >, Eigen::TensorMap<Eigen::Tensor<float const , int=1, int=1, long>, int=16, Eigen::MakePointer> const , Eigen::TensorCwiseNullaryOp<Eigen::internal::scalar_constant_op<float const >, Eigen::TensorMap<Eigen::Tensor<float const , int=1, int=1, long>, int=16, Eigen::MakePointer> const > const > const > const , Eigen::GpuDevice>, long>(float, int=1)",150,"dram_write_throughput","Device Memory Write Throughput",0.000000B/s,372.872978GB/s,357.874329GB/s
"Tesla V100-SXM2-16GB (0)","volta_sgemm_64x32_sliced1x4_nn",20,"dram_write_throughput","Device Memory Write Throughput",3.473032GB/s,32.368454GB/s,5.648225GB/s
"Tesla V100-SXM2-16GB (0)","void fft2d_c2r_32x32<float, bool=0, unsigned int=0, bool=0, bool=0>(float*, float2 const *, int, int, int, int, int, int, int, int, int, float, float, cudnn::reduced_divisor, bool, float*, float*)",560,"dram_write_throughput","Device Memory Write Throughput",22.601001GB/s,198.401039GB/s,94.952615GB/s
"Tesla V100-SXM2-16GB (0)","void pooling_bw_kernel_max_nchw_fully_packed_large<float, float, int=2, cudnnNanPropagation_t=0>(cudnnTensorStruct, float const *, cudnnTensorStruct, float const *, cudnnTensorStruct, float const *, cudnnTensorStruct, float*, cudnnPoolingStruct, float, float, cudnn::reduced_divisor, cudnn::reduced_divisor, int)",10,"dram_write_throughput","Device Memory Write Throughput",197.374332GB/s,200.658503GB/s,199.400112GB/s
"Tesla V100-SXM2-16GB (0)","volta_scudnn_128x64_stridedB_small_nn_v1",12,"dram_write_throughput","Device Memory Write Throughput",2.785589GB/s,39.405371GB/s,15.096330GB/s
"Tesla V100-SXM2-16GB (0)","volta_scudnn_128x64_relu_small_nn_v1",10,"dram_write_throughput","Device Memory Write Throughput",4.285731GB/s,531.233223GB/s,27.087595GB/s
"Tesla V100-SXM2-16GB (0)","volta_cgemm_32x32_tn",6,"dram_write_throughput","Device Memory Write Throughput",693.401502GB/s,736.344724GB/s,720.733065GB/s
"Tesla V100-SXM2-16GB (0)","void DSE::regular_fft_clip<int=1, int=2, int=256, int=16, int=16, int=1, float, float, float2>(float*, float2*, int, int3, float2*, int, float2*, float2*, int, int, int, int, int, float, float, bool, int, float, float)",10,"dram_write_throughput","Device Memory Write Throughput",931.295061MB/s,258.916843GB/s,85.178220GB/s
"Tesla V100-SXM2-16GB (0)","void Eigen::internal::EigenMetaKernel<Eigen::TensorEvaluator<Eigen::TensorAssignOp<Eigen::TensorMap<Eigen::Tensor<float, int=1, int=1, int>, int=16, Eigen::MakePointer>, Eigen::TensorSelectOp<Eigen::TensorBroadcastingOp<Eigen::array<int, unsigned long=1> const , Eigen::TensorReshapingOp<Eigen::IndexList<Eigen::type2index<long=1>> const , Eigen::TensorMap<Eigen::TensorFixedSize<bool const , Eigen::Sizes<>, int=1, long>, int=16, Eigen::MakePointer> const > const > const , Eigen::TensorMap<Eigen::Tensor<float const , int=1, int=1, long>, int=16, Eigen::MakePointer> const , Eigen::TensorMap<Eigen::Tensor<float const , int=1, int=1, long>, int=16, Eigen::MakePointer> const > const > const , Eigen::GpuDevice>, long>(float, int=1)",10,"dram_write_throughput","Device Memory Write Throughput",108.218362MB/s,480.369285MB/s,297.426132MB/s
"Tesla V100-SXM2-16GB (0)","void Eigen::internal::EigenMetaKernel<Eigen::TensorEvaluator<Eigen::TensorAssignOp<Eigen::TensorMap<Eigen::Tensor<float, int=1, int=1, int>, int=16, Eigen::MakePointer>, Eigen::TensorCwiseUnaryOp<Eigen::internal::scalar_floor_op<float>, Eigen::TensorMap<Eigen::Tensor<float const , int=1, int=1, int>, int=16, Eigen::MakePointer> const > const > const , Eigen::GpuDevice>, int>(float, int=1)",20,"dram_write_throughput","Device Memory Write Throughput",14.616788GB/s,81.903918GB/s,31.086395GB/s
"Tesla V100-SXM2-16GB (0)","void cudnn::detail::implicit_convolve_sgemm<float, float, int=1024, int=5, int=5, int=3, int=3, int=3, int=1, bool=1, bool=0, bool=1>(int, int, int, float const *, int, float*, cudnn::detail::implicit_convolve_sgemm<float, float, int=1024, int=5, int=5, int=3, int=3, int=3, int=1, bool=1, bool=0, bool=1>*, kernel_conv_params, int, float, float, int, float, float, int, int)",56,"dram_write_throughput","Device Memory Write Throughput",3.249431GB/s,471.012067GB/s,56.518500GB/s
"Tesla V100-SXM2-16GB (0)","void gemmSN_TN_kernel<float, float, float, int=128, int=16, int=2, int=4, int=8, int=9, bool=0>(int, int, int, float const *, int, float const *, int, float*, int, float const *, float const *, float, float, int, int)",10,"dram_write_throughput","Device Memory Write Throughput",6.646243GB/s,6.849314GB/s,6.729961GB/s
"Tesla V100-SXM2-16GB (0)","void tensorflow::functor::BlockReduceKernel<cub::TransformInputIterator<float, tensorflow::squareHalf<float>, float*, long>, float*, int=256, cub::Sum>(float, float, int, float*, std::iterator_traits<tensorflow::functor::BlockReduceKernel<cub::TransformInputIterator<float, tensorflow::squareHalf<float>, float*, long>, float*, int=256, cub::Sum>>::value_type)",210,"dram_write_throughput","Device Memory Write Throughput",0.000000B/s,41.479675GB/s,8.964864GB/s
"Tesla V100-SXM2-16GB (0)","void cudnn::winograd_nonfused::winogradForwardData4x4<float, float>(cudnn::winograd_nonfused::WinogradDataParams<float, float>)",34,"dram_write_throughput","Device Memory Write Throughput",426.653353GB/s,527.691459GB/s,510.291289GB/s
"Tesla V100-SXM2-16GB (0)","void cudnn::winograd::winograd3x3Kernel<float, float, int=1, int=4, int=8, bool=0>(cudnn::maxwell::winograd::KernelParams)",80,"dram_write_throughput","Device Memory Write Throughput",37.572300GB/s,119.800713GB/s,67.230553GB/s
"Tesla V100-SXM2-16GB (0)","void fft2d_c2r_64x64<float, bool=0>(float*, float2*, int, int, int, int, int, int, int, int, int, int, float, float, int, float*, float*)",12,"dram_write_throughput","Device Memory Write Throughput",3.232011GB/s,295.276446GB/s,43.384625GB/s
"Tesla V100-SXM2-16GB (0)","void tensorflow::functor::ShuffleInTensor3Simple<float, int=2, int=1, int=0, bool=0>(int, float const *, tensorflow::functor::Dimension<int=3>, tensorflow::functor::ShuffleInTensor3Simple<float, int=2, int=1, int=0, bool=0>*)",380,"dram_write_throughput","Device Memory Write Throughput",0.000000B/s,223.848965GB/s,115.212444GB/s
"Tesla V100-SXM2-16GB (0)","void tensorflow::functor::RowReduceKernel<float const *, float*, cub::Sum>(float const *, float*, int, int, cub::Sum, std::iterator_traits<tensorflow::functor::RowReduceKernel<float const *, float*, cub::Sum>>::value_type)",2,"dram_write_throughput","Device Memory Write Throughput",127.266763MB/s,2.252501GB/s,718.868064MB/s
"Tesla V100-SXM2-16GB (0)","volta_gcgemm_32x32_nt",556,"dram_write_throughput","Device Memory Write Throughput",8.587357GB/s,114.499357GB/s,35.015597GB/s
"Tesla V100-SXM2-16GB (0)","void fft2d_r2c_16x16<float>(float2*, float const *, int, int, int, int, int, int, int, int)",12,"dram_write_throughput","Device Memory Write Throughput",245.161915GB/s,664.420552GB/s,613.224949GB/s
"Tesla V100-SXM2-16GB (0)","void tensorflow::functor::FillPhiloxRandomKernelLaunch<tensorflow::random::TruncatedNormalDistribution<tensorflow::random::SingleSampleAdapter<tensorflow::random::PhiloxRandom>, float>>(tensorflow::random::PhiloxRandom, tensorflow::random::PhiloxRandomResultElementType*, __int64, tensorflow::functor::FillPhiloxRandomKernelLaunch<tensorflow::random::TruncatedNormalDistribution<tensorflow::random::SingleSampleAdapter<tensorflow::random::PhiloxRandom>, float>>)",16,"dram_write_throughput","Device Memory Write Throughput",2.620403GB/s,420.525301GB/s,375.977371GB/s
"Tesla V100-SXM2-16GB (0)","void DSE::regular_fft_clip<int=1, int=2, int=128, int=16, int=32, int=1, float, float, float2>(float*, float2*, int, int3, float2*, int, float2*, float2*, int, int, int, int, int, float, float, bool, int, float, float)",12,"dram_write_throughput","Device Memory Write Throughput",1.173217GB/s,269.704731GB/s,45.992707GB/s
"Tesla V100-SXM2-16GB (0)","cudnn::gemm::computeWgradSplitKOffsetsKernel(cudnn::gemm::ComputeOffsetsParams)",36,"dram_write_throughput","Device Memory Write Throughput",0.000000B/s,911.476337MB/s,160.073951MB/s
"Tesla V100-SXM2-16GB (0)","volta_scudnn_128x64_stridedB_splitK_small_nn_v1",12,"dram_write_throughput","Device Memory Write Throughput",69.910012GB/s,176.226532GB/s,102.057748GB/s
"Tesla V100-SXM2-16GB (0)","void cudnn::detail::explicit_convolve_sgemm<float, int, int=128, int=5, int=5, int=3, int=3, int=3, int=0, bool=0>(int, int, int, float const *, int, float const , int, cudnn::detail::explicit_convolve_sgemm<float, int, int=128, int=5, int=5, int=3, int=3, int=3, int=0, bool=0>*, kernel_conv_params, int, int, float, float, int, float const *, float const *)",2,"dram_write_throughput","Device Memory Write Throughput",38.923741GB/s,38.960999GB/s,38.942370GB/s
"Tesla V100-SXM2-16GB (0)","void cudnn::detail::pooling_fw_4d_kernel<float, float, cudnn::detail::maxpooling_func<float, cudnnNanPropagation_t=0>, int=0, bool=0>(cudnnTensorStruct, float const *, cudnn::detail::pooling_fw_4d_kernel<float, float, cudnn::detail::maxpooling_func<float, cudnnNanPropagation_t=0>, int=0, bool=0>, cudnnTensorStruct*, cudnnPoolingStruct, float, cudnnPoolingStruct, int, cudnn::reduced_divisor, float)",50,"dram_write_throughput","Device Memory Write Throughput",91.874367GB/s,168.218546GB/s,154.137907GB/s
"Tesla V100-SXM2-16GB (0)","void Eigen::internal::EigenMetaKernel<Eigen::TensorEvaluator<Eigen::TensorAssignOp<Eigen::TensorMap<Eigen::Tensor<float, int=2, int=1, int>, int=16, Eigen::MakePointer>, Eigen::TensorCwiseBinaryOp<Eigen::internal::scalar_product_op<float, float>, Eigen::TensorBroadcastingOp<Eigen::array<long, unsigned long=2> const , Eigen::TensorMap<Eigen::Tensor<float const , int=2, int=1, int>, int=16, Eigen::MakePointer> const > const , Eigen::TensorMap<Eigen::Tensor<float const , int=2, int=1, int>, int=16, Eigen::MakePointer> const > const > const , Eigen::GpuDevice>, int>(float, int=2)",10,"dram_write_throughput","Device Memory Write Throughput",0.000000B/s,0.000000B/s,0.000000B/s
"Tesla V100-SXM2-16GB (0)","void fft2d_r2c_32x32<float, unsigned int=0, bool=0>(float2*, float const *, int, int, int, int, int, int, int, int, int, cudnn::reduced_divisor, bool)",568,"dram_write_throughput","Device Memory Write Throughput",4.978994GB/s,340.568202GB/s,111.891982GB/s
"Tesla V100-SXM2-16GB (0)","void fft2d_r2c_32x32<float, unsigned int=1, bool=1>(float2*, float const *, int, int, int, int, int, int, int, int, int, cudnn::reduced_divisor, bool)",18,"dram_write_throughput","Device Memory Write Throughput",21.694244GB/s,668.679914GB/s,646.521569GB/s
"Tesla V100-SXM2-16GB (0)","void tensorflow::BiasNCHWKernel<float>(int, float const *, float const , tensorflow::BiasNCHWKernel<float>*, int, int)",130,"dram_write_throughput","Device Memory Write Throughput",54.315782GB/s,306.753835GB/s,288.831244GB/s
"Tesla V100-SXM2-16GB (0)","void cudnn::winograd::generateWinogradTilesKernel<int=0, float, float>(cudnn::winograd::GenerateWinogradTilesParams<float, float>)",152,"dram_write_throughput","Device Memory Write Throughput",7.341013GB/s,420.077926GB/s,362.123847GB/s
"Tesla V100-SXM2-16GB (0)","void Eigen::internal::EigenMetaKernel<Eigen::TensorEvaluator<Eigen::TensorAssignOp<Eigen::TensorMap<Eigen::Tensor<float, int=2, int=1, int>, int=16, Eigen::MakePointer>, Eigen::TensorGeneratorOp<tensorflow::generator::SparseXentGradGenerator<float, int>, Eigen::TensorMap<Eigen::Tensor<float, int=2, int=1, int>, int=16, Eigen::MakePointer> const > const > const , Eigen::GpuDevice>, int>(float, int=2)",10,"dram_write_throughput","Device Memory Write Throughput",0.000000B/s,0.000000B/s,0.000000B/s
"Tesla V100-SXM2-16GB (0)","void tensorflow::functor::FillPhiloxRandomKernelLaunch<tensorflow::random::UniformDistribution<tensorflow::random::PhiloxRandom, float>>(tensorflow::random::PhiloxRandom, tensorflow::random::PhiloxRandomResultElementType*, __int64, tensorflow::functor::FillPhiloxRandomKernelLaunch<tensorflow::random::UniformDistribution<tensorflow::random::PhiloxRandom, float>>)",20,"dram_write_throughput","Device Memory Write Throughput",6.478766GB/s,434.447376GB/s,113.633012GB/s
"Tesla V100-SXM2-16GB (0)","void cudnn::detail::dgrad_engine<float, int=128, int=6, int=8, int=3, int=3, int=5, bool=1>(int, int, int, float const *, int, float const , int, cudnn::detail::dgrad_engine<float, int=128, int=6, int=8, int=3, int=3, int=5, bool=1>*, kernel_grad_params, int, int, float, int, int, int)",8,"dram_write_throughput","Device Memory Write Throughput",5.390029GB/s,17.589104GB/s,14.321580GB/s
"Tesla V100-SXM2-16GB (0)","void Eigen::internal::EigenMetaKernel<Eigen::TensorEvaluator<Eigen::TensorAssignOp<Eigen::TensorMap<Eigen::Tensor<float, int=2, int=1, int>, int=16, Eigen::MakePointer>, Eigen::TensorCwiseUnaryOp<Eigen::internal::scalar_exp_op<float>, Eigen::TensorMap<Eigen::Tensor<float, int=2, int=1, int>, int=16, Eigen::MakePointer> const > const > const , Eigen::GpuDevice>, int>(float, int=2)",10,"dram_write_throughput","Device Memory Write Throughput",0.000000B/s,0.000000B/s,0.000000B/s
"Tesla V100-SXM2-16GB (0)","void tensorflow::functor::BlockReduceKernel<float*, float*, int=256, tensorflow::functor::Sum<float>>(float*, float*, int, float, std::iterator_traits<tensorflow::functor::BlockReduceKernel<float*, float*, int=256, tensorflow::functor::Sum<float>>>::value_type)",10,"dram_write_throughput","Device Memory Write Throughput",0.000000B/s,0.000000B/s,0.000000B/s
"Tesla V100-SXM2-16GB (0)","void tensorflow::functor::CleanupSegments<float*, float*, cub::Sum>(float*, float*, int, int, int, cub::Sum, std::iterator_traits<tensorflow::functor::CleanupSegments<float*, float*, cub::Sum>>::value_type)",40,"dram_write_throughput","Device Memory Write Throughput",0.000000B/s,544.956752MB/s,166.435132MB/s
"Tesla V100-SXM2-16GB (0)","volta_sgemm_32x128_nt",10,"dram_write_throughput","Device Memory Write Throughput",371.264778GB/s,390.164844GB/s,381.293551GB/s
"Tesla V100-SXM2-16GB (0)","volta_cgemm_32x64_tn",14,"dram_write_throughput","Device Memory Write Throughput",3.465659GB/s,45.802459GB/s,6.340851GB/s
"Tesla V100-SXM2-16GB (0)","void cudnn::winograd_nonfused::winogradForwardOutput4x4<float, float>(cudnn::winograd_nonfused::WinogradOutputParams<float, float>)",34,"dram_write_throughput","Device Memory Write Throughput",110.060193GB/s,136.038233GB/s,130.645501GB/s
"Tesla V100-SXM2-16GB (0)","void Eigen::internal::EigenMetaKernel<Eigen::TensorEvaluator<Eigen::TensorAssignOp<Eigen::TensorMap<Eigen::Tensor<float, int=1, int=1, long>, int=16, Eigen::MakePointer>, Eigen::TensorCwiseBinaryOp<Eigen::internal::scalar_sum_op<float, float>, Eigen::TensorCwiseBinaryOp<Eigen::internal::scalar_sum_op<float, float>, Eigen::TensorCwiseBinaryOp<Eigen::internal::scalar_sum_op<float, float>, Eigen::TensorCwiseBinaryOp<Eigen::internal::scalar_sum_op<float, float>, Eigen::TensorCwiseBinaryOp<Eigen::internal::scalar_sum_op<float, float>, Eigen::TensorCwiseBinaryOp<Eigen::internal::scalar_sum_op<float, float>, Eigen::TensorCwiseBinaryOp<Eigen::internal::scalar_sum_op<float const , float const >, Eigen::TensorMap<Eigen::Tensor<float const , int=1, int=1, long>, int=16, Eigen::MakePointer> const , Eigen::TensorMap<Eigen::Tensor<float const , int=1, int=1, long>, int=16, Eigen::MakePointer> const > const , Eigen::TensorMap<Eigen::Tensor<float const , int=1, int=1, long>, int=16, Eigen::MakePointer> const > const , Eigen::TensorMap<Eigen::Tensor<float const , int=1, int=1, long>, int=16, Eigen::MakePointer> const > const , Eigen::TensorMap<Eigen::Tensor<float const , int=1, int=1, long>, int=16, Eigen::MakePointer> const > const , Eigen::TensorMap<Eigen::Tensor<float const , int=1, int=1, long>, int=16, Eigen::MakePointer> const > const , Eigen::TensorMap<Eigen::Tensor<float const , int=1, int=1, long>, int=16, Eigen::MakePointer> const > const , Eigen::TensorMap<Eigen::Tensor<float const , int=1, int=1, long>, int=16, Eigen::MakePointer> const > const > const , Eigen::GpuDevice>, long>(float, int=1)",10,"dram_write_throughput","Device Memory Write Throughput",653.201586MB/s,1.013684GB/s,906.899896MB/s
"Tesla V100-SXM2-16GB (0)","void DSE::vector_fft<int=1, int=2, int=256, int=16, int=16, int=1, float, float, float2>(float2*, float2, int, int3, float2*)",10,"dram_write_throughput","Device Memory Write Throughput",349.978718GB/s,376.246818GB/s,373.609999GB/s
"Tesla V100-SXM2-16GB (0)","void Eigen::internal::EigenMetaKernel<Eigen::TensorEvaluator<Eigen::TensorAssignOp<Eigen::TensorMap<Eigen::Tensor<float, int=1, int=1, int>, int=16, Eigen::MakePointer>, Eigen::TensorCwiseBinaryOp<Eigen::internal::scalar_product_op<float, float>, Eigen::TensorMap<Eigen::Tensor<float const , int=1, int=1, int>, int=16, Eigen::MakePointer> const , Eigen::TensorMap<Eigen::Tensor<float const , int=1, int=1, long>, int=16, Eigen::MakePointer> const > const > const , Eigen::GpuDevice>, long>(float, int=1)",40,"dram_write_throughput","Device Memory Write Throughput",0.000000B/s,98.820876GB/s,20.273661GB/s
"Tesla V100-SXM2-16GB (0)","void Eigen::internal::EigenMetaKernel<Eigen::TensorEvaluator<Eigen::TensorAssignOp<Eigen::TensorMap<Eigen::Tensor<float, int=2, int=1, int>, int=16, Eigen::MakePointer>, Eigen::TensorCwiseBinaryOp<Eigen::internal::scalar_difference_op<float const , float const >, Eigen::TensorMap<Eigen::Tensor<float const , int=2, int=1, int>, int=16, Eigen::MakePointer> const , Eigen::TensorBroadcastingOp<Eigen::IndexList<Eigen::type2index<long=1>> const , Eigen::TensorReshapingOp<Eigen::IndexList<int> const , Eigen::TensorMap<Eigen::Tensor<float, int=1, int=1, int>, int=16, Eigen::MakePointer>> const > const > const > const , Eigen::GpuDevice>, int>(float, int=2)",10,"dram_write_throughput","Device Memory Write Throughput",0.000000B/s,0.000000B/s,0.000000B/s
"Tesla V100-SXM2-16GB (0)","void cub::DeviceReduceKernel<cub::DeviceReducePolicy<float, int, cub::Sum>::Policy600, cub::TransformInputIterator<float, tensorflow::squareHalf<float>, float*, long>, float*, int, cub::Sum>(int, cub::Sum, cub::DeviceReducePolicy<float, int, cub::Sum>::Policy600, cub::GridEvenShare<cub::Sum>, float)",110,"dram_write_throughput","Device Memory Write Throughput",6.092158GB/s,187.619166GB/s,31.254208GB/s
"Tesla V100-SXM2-16GB (0)","void cudnn::detail::implicit_convolve_sgemm<float, float, int=512, int=6, int=8, int=3, int=3, int=5, int=1, bool=1, bool=0, bool=1>(int, int, int, float const *, int, float*, cudnn::detail::implicit_convolve_sgemm<float, float, int=512, int=6, int=8, int=3, int=3, int=5, int=1, bool=1, bool=0, bool=1>*, kernel_conv_params, int, float, float, int, float, float, int, int)",22,"dram_write_throughput","Device Memory Write Throughput",14.307351GB/s,15.686571GB/s,15.047638GB/s
"Tesla V100-SXM2-16GB (0)","void cudnn::detail::explicit_convolve_sgemm<float, int, int=128, int=6, int=7, int=3, int=3, int=5, int=0, bool=1>(int, int, int, float const *, int, float const , int, cudnn::detail::explicit_convolve_sgemm<float, int, int=128, int=6, int=7, int=3, int=3, int=5, int=0, bool=1>*, kernel_conv_params, int, int, float, float, int, float const *, float const *)",4,"dram_write_throughput","Device Memory Write Throughput",7.805120GB/s,15.941593GB/s,10.398685GB/s
"Tesla V100-SXM2-16GB (0)","volta_sgemm_128x32_nt",10,"dram_write_throughput","Device Memory Write Throughput",662.161812GB/s,691.396425GB/s,678.753730GB/s
"Tesla V100-SXM2-16GB (0)","void DSE::regular_fft_pad<int=0, int=1, int=256, int=16, int=16, int=1, float, float, float2>(float2*, float*, int, int3, float*, int, float*, float*, int, int, int, int, int, bool)",20,"dram_write_throughput","Device Memory Write Throughput",201.153175GB/s,529.372648GB/s,481.876708GB/s
"Tesla V100-SXM2-16GB (0)","void tensorflow::functor::ColumnReduceKernel<float const *, float*, cub::Sum>(float const *, float*, int, int, cub::Sum, std::iterator_traits<tensorflow::functor::ColumnReduceKernel<float const *, float*, cub::Sum>>::value_type)",16,"dram_write_throughput","Device Memory Write Throughput",0.000000B/s,94.579270MB/s,8.343796MB/s
"Tesla V100-SXM2-16GB (0)","void fft2d_r2c_32x32<float, unsigned int=1, bool=0>(float2*, float const *, int, int, int, int, int, int, int, int, int, cudnn::reduced_divisor, bool)",28,"dram_write_throughput","Device Memory Write Throughput",328.075744GB/s,705.626941GB/s,677.818329GB/s
"Tesla V100-SXM2-16GB (0)","cudnn::gemm::computeOffsetsKernel(cudnn::gemm::ComputeOffsetsParams)",34,"dram_write_throughput","Device Memory Write Throughput",0.000000B/s,87.891830GB/s,16.056169GB/s
"Tesla V100-SXM2-16GB (0)","volta_scudnn_128x128_relu_small_nn_v1",8,"dram_write_throughput","Device Memory Write Throughput",3.664926GB/s,42.714966GB/s,22.326027GB/s
"Tesla V100-SXM2-16GB (0)","void Eigen::internal::EigenMetaKernel<Eigen::TensorEvaluator<Eigen::TensorAssignOp<Eigen::TensorMap<Eigen::Tensor<float, int=1, int=1, int>, int=16, Eigen::MakePointer>, Eigen::TensorCwiseUnaryOp<Eigen::internal::scalar_left<float, float, Eigen::internal::scalar_product_op<float, float>>, Eigen::TensorMap<Eigen::Tensor<float const , int=1, int=1, int>, int=16, Eigen::MakePointer> const > const > const , Eigen::GpuDevice>, int>(float, int=1)",40,"dram_write_throughput","Device Memory Write Throughput",0.000000B/s,86.651124GB/s,16.851280GB/s
"Tesla V100-SXM2-16GB (0)","void fft2d_r2c_64x64<float>(float2*, float const *, int, int, int, int, int, int, int, int)",24,"dram_write_throughput","Device Memory Write Throughput",312.963015GB/s,584.612373GB/s,557.818708GB/s
"Tesla V100-SXM2-16GB (0)","void tensorflow::BiasGradNHWC_SharedAtomics<float>(int, float const *, tensorflow::BiasGradNHWC_SharedAtomics<float>*, int)",21,"dram_write_throughput","Device Memory Write Throughput",0.000000B/s,28.568949GB/s,24.897980GB/s
"Tesla V100-SXM2-16GB (0)","void cudnn::detail::implicit_convolve_sgemm<float, float, int=128, int=6, int=7, int=3, int=3, int=5, int=1, bool=1, bool=0, bool=1>(int, int, int, float const *, int, float*, cudnn::detail::implicit_convolve_sgemm<float, float, int=128, int=6, int=7, int=3, int=3, int=5, int=1, bool=1, bool=0, bool=1>*, kernel_conv_params, int, float, float, int, float, float, int, int)",58,"dram_write_throughput","Device Memory Write Throughput",5.883428GB/s,63.995395GB/s,23.610693GB/s
"Tesla V100-SXM2-16GB (0)","void cudnn::detail::pooling_bw_kernel_max<float, float, cudnn::detail::maxpooling_func<float, cudnnNanPropagation_t=0>, bool=0>(cudnnTensorStruct, float const *, cudnn::detail::pooling_bw_kernel_max<float, float, cudnn::detail::maxpooling_func<float, cudnnNanPropagation_t=0>, bool=0>, float const , cudnn::detail::pooling_bw_kernel_max<float, float, cudnn::detail::maxpooling_func<float, cudnnNanPropagation_t=0>, bool=0>, float const , cudnn::detail::pooling_bw_kernel_max<float, float, cudnn::detail::maxpooling_func<float, cudnnNanPropagation_t=0>, bool=0>, cudnnTensorStruct*, cudnnPoolingStruct, float, cudnnPoolingStruct, int, cudnn::reduced_divisor, float)",20,"dram_write_throughput","Device Memory Write Throughput",179.836108GB/s,185.428765GB/s,182.966579GB/s
"Tesla V100-SXM2-16GB (0)","void DSE::regular_fft_pad<int=0, int=1, int=128, int=16, int=32, int=1, float, float, float2>(float2*, float*, int, int3, float*, int, float*, float*, int, int, int, int, int, bool)",24,"dram_write_throughput","Device Memory Write Throughput",328.493016GB/s,562.142802GB/s,523.298793GB/s
"Tesla V100-SXM2-16GB (0)","void cudnn::detail::explicit_convolve_sgemm<float, int, int=128, int=5, int=5, int=3, int=3, int=3, int=0, bool=1>(int, int, int, float const *, int, float const , int, cudnn::detail::explicit_convolve_sgemm<float, int, int=128, int=5, int=5, int=3, int=3, int=3, int=0, bool=1>*, kernel_conv_params, int, int, float, float, int, float const *, float const *)",2,"dram_write_throughput","Device Memory Write Throughput",7.932412GB/s,8.111344GB/s,8.021550GB/s
"Tesla V100-SXM2-16GB (0)","void im2col4d_kernel<float, int>(im2col4d_params, cudnnConvolutionStruct, cudnnTensor4dStruct, float const *, float*, int)",18,"dram_write_throughput","Device Memory Write Throughput",319.200639GB/s,516.719310GB/s,473.094288GB/s
"Tesla V100-SXM2-16GB (0)","void DSE::vector_fft<int=0, int=1, int=256, int=16, int=16, int=1, float, float, float2>(float2*, float2, int, int3, float2*)",20,"dram_write_throughput","Device Memory Write Throughput",349.338644GB/s,417.833086GB/s,370.664006GB/s
"Tesla V100-SXM2-16GB (0)","void cudnn::detail::implicit_convolve_sgemm<float, float, int=1024, int=6, int=7, int=3, int=3, int=5, int=1, bool=1, bool=0, bool=1>(int, int, int, float const *, int, float*, cudnn::detail::implicit_convolve_sgemm<float, float, int=1024, int=6, int=7, int=3, int=3, int=5, int=1, bool=1, bool=0, bool=1>*, kernel_conv_params, int, float, float, int, float, float, int, int)",12,"dram_write_throughput","Device Memory Write Throughput",12.703511GB/s,14.660579GB/s,14.127646GB/s
"Tesla V100-SXM2-16GB (0)","void cudnn::winograd::winograd3x3Kernel<float, float, int=4, int=1, int=8, bool=0>(cudnn::maxwell::winograd::KernelParams)",34,"dram_write_throughput","Device Memory Write Throughput",16.052258GB/s,17.601850GB/s,16.812430GB/s
"Tesla V100-SXM2-16GB (0)","compute_gemm_pointers(float2**, float2 const *, int, float2 const *, int, float2 const *, int, int)",20,"dram_write_throughput","Device Memory Write Throughput",921.885172MB/s,26.327254GB/s,18.490708GB/s
"Tesla V100-SXM2-16GB (0)","void cudnn::winograd_nonfused::winogradWgradOutput4x4<float, float>(cudnn::winograd_nonfused::WinogradWgradOutputParams<float, float>)",18,"dram_write_throughput","Device Memory Write Throughput",0.000000B/s,143.201576GB/s,122.265003GB/s
"Tesla V100-SXM2-16GB (0)","void cudnn::detail::wgrad_alg0_engine<float, int=128, int=6, int=7, int=3, int=3, int=5, bool=1, int=512>(int, int, int, float const *, int, cudnn::detail::wgrad_alg0_engine<float, int=128, int=6, int=7, int=3, int=3, int=5, bool=1, int=512>*, float const , kernel_grad_params, int, float, int, int, int, int)",24,"dram_write_throughput","Device Memory Write Throughput",1.113245GB/s,2.163758GB/s,1.385423GB/s
"Tesla V100-SXM2-16GB (0)","void Eigen::internal::InnerReductionKernel<int=128, Eigen::TensorEvaluator<Eigen::TensorReductionOp<Eigen::internal::SumReducer<float>, Eigen::IndexList<Eigen::type2index<long=1>> const , Eigen::TensorGeneratorOp<tensorflow::generator::SparseXentLossGenerator<float, int>, Eigen::TensorMap<Eigen::Tensor<float, int=2, int=1, int>, int=16, Eigen::MakePointer> const > const , Eigen::MakePointer> const , Eigen::GpuDevice>, Eigen::internal::SumReducer<float>, int>(Eigen::internal::SumReducer<float>, float, long=1, float, Eigen::internal::SumReducer<float>::CoeffReturnType*)",10,"dram_write_throughput","Device Memory Write Throughput",0.000000B/s,0.000000B/s,0.000000B/s
"Tesla V100-SXM2-16GB (0)","volta_sgemm_128x64_nn",10,"dram_write_throughput","Device Memory Write Throughput",38.115633GB/s,175.733383GB/s,79.024601GB/s
"Tesla V100-SXM2-16GB (0)","void Eigen::internal::EigenMetaKernel<Eigen::TensorEvaluator<Eigen::TensorAssignOp<Eigen::TensorMap<Eigen::Tensor<__int64, int=1, int=1, int>, int=16, Eigen::MakePointer>, Eigen::TensorCwiseUnaryOp<Eigen::internal::scalar_right<__int64, __int64, Eigen::internal::scalar_max_op<__int64, __int64>>, Eigen::TensorMap<Eigen::Tensor<__int64 const , int=1, int=1, int>, int=16, Eigen::MakePointer> const > const > const , Eigen::GpuDevice>, int>(__int64, int=1)",1,"dram_write_throughput","Device Memory Write Throughput",531.556176MB/s,531.556176MB/s,531.555932MB/s
"Tesla V100-SXM2-16GB (0)","void DSE::vector_fft<int=0, int=1, int=128, int=8, int=8, int=1, float, float, float2>(float2*, float2, int, int3, float2*)",24,"dram_write_throughput","Device Memory Write Throughput",357.008105GB/s,379.663464GB/s,377.296663GB/s
"Tesla V100-SXM2-16GB (0)","volta_sgemm_128x64_nt",34,"dram_write_throughput","Device Memory Write Throughput",4.836195GB/s,772.347698GB/s,220.337264GB/s
"Tesla V100-SXM2-16GB (0)","void cudnn::cask::generateWinogradTilesKernel<int=0, cudnn::cask::Element<float>, cudnn::cask::Element<float>, cudnn::cask::Element<float>>(cudnn::cask::GenerateWinogradTilesParams)",2,"dram_write_throughput","Device Memory Write Throughput",3.501773GB/s,11.201213GB/s,6.352699GB/s
"Tesla V100-SXM2-16GB (0)","void cub::DeviceReduceSingleTileKernel<cub::DeviceReducePolicy<float, int, cub::Sum>::Policy600, float*, float*, int, cub::Sum, float>(int, cub::Sum, cub::DeviceReducePolicy<float, int, cub::Sum>::Policy600, float*, float*)",110,"dram_write_throughput","Device Memory Write Throughput",0.000000B/s,2.508869GB/s,90.363233MB/s
"Tesla V100-SXM2-16GB (0)","void Eigen::internal::EigenMetaKernel<Eigen::TensorEvaluator<Eigen::TensorAssignOp<Eigen::TensorMap<Eigen::Tensor<float, int=1, int=1, int>, int=16, Eigen::MakePointer>, Eigen::TensorCwiseUnaryOp<Eigen::internal::scalar_left<float, float, Eigen::internal::scalar_sum_op<float, float>>, Eigen::TensorMap<Eigen::Tensor<float const , int=1, int=1, int>, int=16, Eigen::MakePointer> const > const > const , Eigen::GpuDevice>, int>(float, int=1)",20,"dram_write_throughput","Device Memory Write Throughput",12.546985GB/s,38.946217GB/s,33.481617GB/s
"Tesla V100-SXM2-16GB (0)","volta_scudnn_128x128_stridedB_splitK_xregs_large_nn_v1",16,"dram_write_throughput","Device Memory Write Throughput",15.958449MB/s,2.267212GB/s,795.685712MB/s
"Tesla V100-SXM2-16GB (0)","void cudnn::winograd_nonfused::winogradForwardFilter4x4<float, float>(cudnn::winograd_nonfused::WinogradFilterParams<float, float>)",34,"dram_write_throughput","Device Memory Write Throughput",11.410962GB/s,548.237625GB/s,468.092329GB/s
"Tesla V100-SXM2-16GB (0)","void cudnn::detail::explicit_convolve_sgemm<float, int, int=1024, int=6, int=7, int=3, int=3, int=5, int=0, bool=1>(int, int, int, float const *, int, float const , int, cudnn::detail::explicit_convolve_sgemm<float, int, int=1024, int=6, int=7, int=3, int=3, int=5, int=0, bool=1>*, kernel_conv_params, int, int, float, float, int, float const *, float const *)",8,"dram_write_throughput","Device Memory Write Throughput",15.221345GB/s,61.806299GB/s,31.149426GB/s
"Tesla V100-SXM2-16GB (0)","void cudnn::winograd::winograd3x3Kernel<float, float, int=2, int=2, int=8, bool=0>(cudnn::maxwell::winograd::KernelParams)",38,"dram_write_throughput","Device Memory Write Throughput",23.484169GB/s,42.157736GB/s,30.499708GB/s
"Tesla V100-SXM2-16GB (0)","void fft2d_c2r_16x16<float, bool=0>(float*, float2*, int, int, int, int, int, int, int, int, int, int, float, float, int, float*, float*)",6,"dram_write_throughput","Device Memory Write Throughput",28.397920GB/s,40.418416GB/s,29.744976GB/s
"Tesla V100-SXM2-16GB (0)","volta_sgemm_64x32_sliced1x4_tn",10,"dram_write_throughput","Device Memory Write Throughput",56.499453GB/s,59.002774GB/s,58.027244GB/s
"Tesla V100-SXM2-16GB (0)","void Eigen::internal::EigenMetaKernel<Eigen::TensorEvaluator<Eigen::TensorAssignOp<Eigen::TensorMap<Eigen::Tensor<float, int=1, int=1, long>, int=16, Eigen::MakePointer>, Eigen::TensorCwiseBinaryOp<Eigen::internal::scalar_sum_op<float, float>, Eigen::TensorMap<Eigen::Tensor<float, int=1, int=1, long>, int=16, Eigen::MakePointer> const , Eigen::TensorCwiseBinaryOp<Eigen::internal::scalar_sum_op<float, float>, Eigen::TensorCwiseBinaryOp<Eigen::internal::scalar_sum_op<float, float>, Eigen::TensorCwiseBinaryOp<Eigen::internal::scalar_sum_op<float, float>, Eigen::TensorCwiseBinaryOp<Eigen::internal::scalar_sum_op<float, float>, Eigen::TensorCwiseBinaryOp<Eigen::internal::scalar_sum_op<float, float>, Eigen::TensorCwiseBinaryOp<Eigen::internal::scalar_sum_op<float, float>, Eigen::TensorCwiseBinaryOp<Eigen::internal::scalar_sum_op<float const , float const >, Eigen::TensorMap<Eigen::Tensor<float const , int=1, int=1, long>, int=16, Eigen::MakePointer> const , Eigen::TensorMap<Eigen::Tensor<float const , int=1, int=1, long>, int=16, Eigen::MakePointer> const > const , Eigen::TensorMap<Eigen::Tensor<float const , int=1, int=1, long>, int=16, Eigen::MakePointer> const > const , Eigen::TensorMap<Eigen::Tensor<float const , int=1, int=1, long>, int=16, Eigen::MakePointer> const > const , Eigen::TensorMap<Eigen::Tensor<float const , int=1, int=1, long>, int=16, Eigen::MakePointer> const > const , Eigen::TensorMap<Eigen::Tensor<float const , int=1, int=1, long>, int=16, Eigen::MakePointer> const > const , Eigen::TensorMap<Eigen::Tensor<float const , int=1, int=1, long>, int=16, Eigen::MakePointer> const > const , Eigen::TensorMap<Eigen::Tensor<float const , int=1, int=1, long>, int=16, Eigen::MakePointer> const > const > const > const , Eigen::GpuDevice>, long>(float, int=1)",30,"dram_write_throughput","Device Memory Write Throughput",93.804030MB/s,2.220372GB/s,624.913465MB/s
"Tesla V100-SXM2-16GB (0)","void transpose_readWrite_alignment_kernel<float2, float2, int=1, bool=0, int=6, int=4, int=4>(cublasTransposeParams<float2>, float2 const *, float2*, float2 const *)",6,"dram_write_throughput","Device Memory Write Throughput",339.350872GB/s,375.938523GB/s,369.590674GB/s
"Tesla V100-SXM2-16GB (0)","void Eigen::internal::InnerReductionKernel<int=128, Eigen::TensorEvaluator<Eigen::TensorReductionOp<Eigen::internal::SumReducer<float>, Eigen::IndexList<Eigen::type2index<long=1>> const , Eigen::TensorCwiseUnaryOp<Eigen::internal::scalar_exp_op<float>, Eigen::TensorMap<Eigen::Tensor<float, int=2, int=1, int>, int=16, Eigen::MakePointer> const > const , Eigen::MakePointer> const , Eigen::GpuDevice>, Eigen::internal::SumReducer<float>, int>(Eigen::internal::SumReducer<float>, float, long=1, float, Eigen::internal::SumReducer<float>::CoeffReturnType*)",10,"dram_write_throughput","Device Memory Write Throughput",0.000000B/s,0.000000B/s,0.000000B/s
"Tesla V100-SXM2-16GB (0)","void fft2d_c2r_32x32<float, bool=0, unsigned int=1, bool=0, bool=0>(float*, float2 const *, int, int, int, int, int, int, int, int, int, float, float, cudnn::reduced_divisor, bool, float*, float*)",8,"dram_write_throughput","Device Memory Write Throughput",8.201695GB/s,40.533942GB/s,9.908538GB/s
"Tesla V100-SXM2-16GB (0)","void Eigen::internal::EigenMetaKernel<Eigen::TensorEvaluator<Eigen::TensorAssignOp<Eigen::TensorMap<Eigen::Tensor<float, int=1, int=1, long>, int=16, Eigen::MakePointer>, Eigen::TensorCwiseBinaryOp<Eigen::internal::scalar_product_op<float const , float const >, Eigen::TensorMap<Eigen::Tensor<float const , int=1, int=1, long>, int=16, Eigen::MakePointer> const , Eigen::TensorConversionOp<float, Eigen::TensorCwiseBinaryOp<Eigen::internal::scalar_cmp_op<float const , float const , Eigen::internal::ComparisonName>, Eigen::TensorMap<Eigen::Tensor<float const , int=1, int=1, long>, int=16, Eigen::MakePointer> const , Eigen::TensorCwiseNullaryOp<Eigen::internal::scalar_constant_op<float const >, Eigen::TensorMap<Eigen::Tensor<float const , int=1, int=1, long>, int=16, Eigen::MakePointer> const > const > const > const > const > const , Eigen::GpuDevice>, long>(float, int=1)",150,"dram_write_throughput","Device Memory Write Throughput",20.684479GB/s,256.574738GB/s,244.786614GB/s
