==12141== NVPROF is profiling process 12141, command: python main.py --epoch=100000000 --data_dir=/home/keshavsanthanam/data/srcnn_data --checkpoint_dir=/tmp/srcnn_checkpoint_4B3GSR --max_steps=10
2019-01-26 16:42:48.815767: I tensorflow/stream_executor/cuda/cuda_gpu_executor.cc:964] successful NUMA node read from SysFS had negative value (-1), but there must be at least one NUMA node, so returning NUMA node zero
2019-01-26 16:42:48.816302: I tensorflow/core/common_runtime/gpu/gpu_device.cc:1432] Found device 0 with properties: 
name: Tesla V100-SXM2-16GB major: 7 minor: 0 memoryClockRate(GHz): 1.53
pciBusID: 0000:00:04.0
totalMemory: 15.75GiB freeMemory: 15.31GiB
2019-01-26 16:42:48.816339: I tensorflow/core/common_runtime/gpu/gpu_device.cc:1511] Adding visible gpu devices: 0
2019-01-26 16:42:49.650051: I tensorflow/core/common_runtime/gpu/gpu_device.cc:982] Device interconnect StreamExecutor with strength 1 edge matrix:
2019-01-26 16:42:49.650094: I tensorflow/core/common_runtime/gpu/gpu_device.cc:988]      0 
2019-01-26 16:42:49.650101: I tensorflow/core/common_runtime/gpu/gpu_device.cc:1001] 0:   N 
2019-01-26 16:42:49.650448: I tensorflow/core/common_runtime/gpu/gpu_device.cc:1115] Created TensorFlow device (/job:localhost/replica:0/task:0/device:GPU:0 with 14809 MB memory) -> physical GPU (device: 0, name: Tesla V100-SXM2-16GB, pci bus id: 0000:00:04.0, compute capability: 7.0)
2019-01-26 16:42:49.652482: I tensorflow/core/common_runtime/process_util.cc:69] Creating new thread pool with default inter op setting: 2. Tune using inter_op_parallelism_threads for best performance.
['/home/keshavsanthanam/data/srcnn_data/t26.bmp', '/home/keshavsanthanam/data/srcnn_data/t9.bmp', '/home/keshavsanthanam/data/srcnn_data/t28.bmp', '/home/keshavsanthanam/data/srcnn_data/tt8.bmp', '/home/keshavsanthanam/data/srcnn_data/t39.bmp', '/home/keshavsanthanam/data/srcnn_data/t13.bmp', '/home/keshavsanthanam/data/srcnn_data/tt27.bmp', '/home/keshavsanthanam/data/srcnn_data/tt4.bmp', '/home/keshavsanthanam/data/srcnn_data/t31.bmp', '/home/keshavsanthanam/data/srcnn_data/t52.bmp', '/home/keshavsanthanam/data/srcnn_data/t61.bmp', '/home/keshavsanthanam/data/srcnn_data/tt13.bmp', '/home/keshavsanthanam/data/srcnn_data/t2.bmp', '/home/keshavsanthanam/data/srcnn_data/t21.bmp', '/home/keshavsanthanam/data/srcnn_data/t65.bmp', '/home/keshavsanthanam/data/srcnn_data/t44.bmp', '/home/keshavsanthanam/data/srcnn_data/t5.bmp', '/home/keshavsanthanam/data/srcnn_data/t53.bmp', '/home/keshavsanthanam/data/srcnn_data/t19.bmp', '/home/keshavsanthanam/data/srcnn_data/tt10.bmp', '/home/keshavsanthanam/data/srcnn_data/t7.bmp', '/home/keshavsanthanam/data/srcnn_data/t17.bmp', '/home/keshavsanthanam/data/srcnn_data/t66.bmp', '/home/keshavsanthanam/data/srcnn_data/t33.bmp', '/home/keshavsanthanam/data/srcnn_data/t12.bmp', '/home/keshavsanthanam/data/srcnn_data/t35.bmp', '/home/keshavsanthanam/data/srcnn_data/tt19.bmp', '/home/keshavsanthanam/data/srcnn_data/tt5.bmp', '/home/keshavsanthanam/data/srcnn_data/tt3.bmp', '/home/keshavsanthanam/data/srcnn_data/tt26.bmp', '/home/keshavsanthanam/data/srcnn_data/tt2.bmp', '/home/keshavsanthanam/data/srcnn_data/t64.bmp', '/home/keshavsanthanam/data/srcnn_data/t48.bmp', '/home/keshavsanthanam/data/srcnn_data/tt22.bmp', '/home/keshavsanthanam/data/srcnn_data/t49.bmp', '/home/keshavsanthanam/data/srcnn_data/t45.bmp', '/home/keshavsanthanam/data/srcnn_data/t47.bmp', '/home/keshavsanthanam/data/srcnn_data/t38.bmp', '/home/keshavsanthanam/data/srcnn_data/t54.bmp', '/home/keshavsanthanam/data/srcnn_data/t4.bmp', '/home/keshavsanthanam/data/srcnn_data/tt12.bmp', '/home/keshavsanthanam/data/srcnn_data/tt17.bmp', '/home/keshavsanthanam/data/srcnn_data/t27.bmp', '/home/keshavsanthanam/data/srcnn_data/t58.bmp', '/home/keshavsanthanam/data/srcnn_data/t14.bmp', '/home/keshavsanthanam/data/srcnn_data/t10.bmp', '/home/keshavsanthanam/data/srcnn_data/t43.bmp', '/home/keshavsanthanam/data/srcnn_data/tt9.bmp', '/home/keshavsanthanam/data/srcnn_data/t30.bmp', '/home/keshavsanthanam/data/srcnn_data/t51.bmp', '/home/keshavsanthanam/data/srcnn_data/tt15.bmp', '/home/keshavsanthanam/data/srcnn_data/tt18.bmp', '/home/keshavsanthanam/data/srcnn_data/tt24.bmp', '/home/keshavsanthanam/data/srcnn_data/tt1.bmp', '/home/keshavsanthanam/data/srcnn_data/t1.bmp', '/home/keshavsanthanam/data/srcnn_data/tt7.bmp', '/home/keshavsanthanam/data/srcnn_data/tt23.bmp', '/home/keshavsanthanam/data/srcnn_data/t57.bmp', '/home/keshavsanthanam/data/srcnn_data/t3.bmp', '/home/keshavsanthanam/data/srcnn_data/t25.bmp', '/home/keshavsanthanam/data/srcnn_data/t23.bmp', '/home/keshavsanthanam/data/srcnn_data/t37.bmp', '/home/keshavsanthanam/data/srcnn_data/tt21.bmp', '/home/keshavsanthanam/data/srcnn_data/tt25.bmp', '/home/keshavsanthanam/data/srcnn_data/t46.bmp', '/home/keshavsanthanam/data/srcnn_data/t29.bmp', '/home/keshavsanthanam/data/srcnn_data/t32.bmp', '/home/keshavsanthanam/data/srcnn_data/t34.bmp', '/home/keshavsanthanam/data/srcnn_data/t20.bmp', '/home/keshavsanthanam/data/srcnn_data/t22.bmp', '/home/keshavsanthanam/data/srcnn_data/t55.bmp', '/home/keshavsanthanam/data/srcnn_data/t24.bmp', '/home/keshavsanthanam/data/srcnn_data/tt6.bmp', '/home/keshavsanthanam/data/srcnn_data/t15.bmp', '/home/keshavsanthanam/data/srcnn_data/tt16.bmp', '/home/keshavsanthanam/data/srcnn_data/t62.bmp', '/home/keshavsanthanam/data/srcnn_data/tt20.bmp', '/home/keshavsanthanam/data/srcnn_data/t60.bmp', '/home/keshavsanthanam/data/srcnn_data/t63.bmp', '/home/keshavsanthanam/data/srcnn_data/tt14.bmp', '/home/keshavsanthanam/data/srcnn_data/t40.bmp', '/home/keshavsanthanam/data/srcnn_data/t6.bmp', '/home/keshavsanthanam/data/srcnn_data/t8.bmp', '/home/keshavsanthanWARNING:tensorflow:From /home/keshavsanthanam/.local/lib/python2.7/site-packages/tensorflow/python/util/tf_should_use.py:189: initialize_all_variables (from tensorflow.python.ops.variables) is deprecated and will be removed after 2017-03-02.
Instructions for updating:
Use `tf.global_variables_initializer` instead.
am/data/srcnn_data/t18.bmp', '/home/keshavsanthanam/data/srcnn_data/t16.bmp', '/home/keshavsanthanam/data/srcnn_data/t59.bmp', '/home/keshavsanthanam/data/srcnn_data/t56.bmp', '/home/keshavsanthanam/data/srcnn_data/t42.bmp', '/home/keshavsanthanam/data/srcnn_data/t50.bmp', '/home/keshavsanthanam/data/srcnn_data/t36.bmp', '/home/keshavsanthanam/data/srcnn_data/t11.bmp']
Now Start Training...
Epoch: [ 1], step: [10], time: [9.1296], loss: [0.35972893]
140.202265866
==12141== Profiling application: python main.py --epoch=100000000 --data_dir=/home/keshavsanthanam/data/srcnn_data --checkpoint_dir=/tmp/srcnn_checkpoint_4B3GSR --max_steps=10
==12141== Profiling result:
==12141== Metric result:
"Device","Kernel","Invocations","Metric Name","Metric Description","Min","Max","Avg"
"Tesla V100-SXM2-16GB (0)","void tensorflow::functor::SwapDimension1And2InTensor3UsingTiles<unsigned int, int=128, int=3, int=128, bool=0>(unsigned int const *, tensorflow::functor::Dimension<int=3>, tensorflow::functor::SwapDimension1And2InTensor3UsingTiles<unsigned int, int=128, int=3, int=128, bool=0>*)",10,"dram_write_throughput","Device Memory Write Throughput",0.000000B/s,796.643605MB/s,310.290152MB/s
"Tesla V100-SXM2-16GB (0)","void Eigen::internal::EigenMetaKernel<Eigen::TensorEvaluator<Eigen::TensorAssignOp<Eigen::TensorMap<Eigen::Tensor<float, int=1, int=1, int>, int=16, Eigen::MakePointer>, Eigen::TensorCwiseUnaryOp<Eigen::internal::scalar_right<float, float, Eigen::internal::scalar_product_op<float, float>>, Eigen::TensorMap<Eigen::Tensor<float const , int=1, int=1, int>, int=16, Eigen::MakePointer> const > const > const , Eigen::GpuDevice>, int>(float, int=1)",33,"dram_write_throughput","Device Memory Write Throughput",0.000000B/s,4.632104GB/s,227.842001MB/s
"Tesla V100-SXM2-16GB (0)","void tensorflow::functor::SwapDimension1And2InTensor3UsingTiles<unsigned int, int=512, int=512, int=3, bool=0>(unsigned int const *, tensorflow::functor::Dimension<int=3>, tensorflow::functor::SwapDimension1And2InTensor3UsingTiles<unsigned int, int=512, int=512, int=3, bool=0>*)",10,"dram_write_throughput","Device Memory Write Throughput",143.823614GB/s,203.316977GB/s,152.641624GB/s
"Tesla V100-SXM2-16GB (0)","void flip_filter<float, float>(float*, float const *, int, int, int, int)",12,"dram_write_throughput","Device Memory Write Throughput",0.000000B/s,141.672149GB/s,115.446686GB/s
"Tesla V100-SXM2-16GB (0)","void Eigen::internal::EigenMetaKernel<Eigen::TensorEvaluator<Eigen::TensorAssignOp<Eigen::TensorMap<Eigen::Tensor<float, int=1, int=1, int>, int=16, Eigen::MakePointer>, Eigen::TensorCwiseBinaryOp<Eigen::internal::scalar_difference_op<float, float>, Eigen::TensorMap<Eigen::Tensor<float const , int=1, int=1, int>, int=16, Eigen::MakePointer> const , Eigen::TensorMap<Eigen::Tensor<float const , int=1, int=1, long>, int=16, Eigen::MakePointer> const > const > const , Eigen::GpuDevice>, long>(float, int=1)",10,"dram_write_throughput","Device Memory Write Throughput",0.000000B/s,730.959954MB/s,367.491363MB/s
"Tesla V100-SXM2-16GB (0)","void Eigen::internal::EigenMetaKernel<Eigen::TensorEvaluator<Eigen::TensorAssignOp<Eigen::TensorMap<Eigen::Tensor<float, int=1, int=1, int>, int=16, Eigen::MakePointer>, Eigen::TensorCwiseBinaryOp<Eigen::internal::scalar_product_op<float, float>, Eigen::TensorMap<Eigen::Tensor<float const , int=1, int=1, int>, int=16, Eigen::MakePointer> const , Eigen::TensorMap<Eigen::Tensor<float const , int=1, int=1, long>, int=16, Eigen::MakePointer> const > const > const , Eigen::GpuDevice>, long>(float, int=1)",10,"dram_write_throughput","Device Memory Write Throughput",0.000000B/s,0.000000B/s,0.000000B/s
"Tesla V100-SXM2-16GB (0)","void cudnn::detail::explicit_convolve_sgemm<float, int, int=1024, int=5, int=5, int=3, int=3, int=3, int=0, bool=1>(int, int, int, float const *, int, float const , int, cudnn::detail::explicit_convolve_sgemm<float, int, int=1024, int=5, int=5, int=3, int=3, int=3, int=0, bool=1>*, kernel_conv_params, int, int, float, float, int, float const *, float const *)",6,"dram_write_throughput","Device Memory Write Throughput",9.728696GB/s,166.958610GB/s,50.279434GB/s
"Tesla V100-SXM2-16GB (0)","volta_scudnn_128x32_relu_interior_nn_v1",2,"dram_write_throughput","Device Memory Write Throughput",2.078065GB/s,2.148972GB/s,2.113492GB/s
"Tesla V100-SXM2-16GB (0)","cudnn::gemm::computeBOffsetsKernel(cudnn::gemm::ComputeBOffsetsParams)",4,"dram_write_throughput","Device Memory Write Throughput",38.146973MB/s,104.991668MB/s,69.283904MB/s
"Tesla V100-SXM2-16GB (0)","void cudnn::detail::wgrad_alg0_engine<float, int=512, int=6, int=5, int=3, int=3, int=3, bool=1, int=512>(int, int, int, float const *, int, cudnn::detail::wgrad_alg0_engine<float, int=512, int=6, int=5, int=3, int=3, int=3, bool=1, int=512>*, float const , kernel_grad_params, int, float, int, int, int, int)",36,"dram_write_throughput","Device Memory Write Throughput",4.044883MB/s,24.471689GB/s,7.361096GB/s
"Tesla V100-SXM2-16GB (0)","cudnn::gemm::computeWgradBOffsetsKernel(cudnn::gemm::ComputeBOffsetsParams)",12,"dram_write_throughput","Device Memory Write Throughput",0.000000B/s,48.491914MB/s,6.744472MB/s
"Tesla V100-SXM2-16GB (0)","void scalePackedTensor_kernel<float, float>(cudnnTensor4dStruct, float*, float)",36,"dram_write_throughput","Device Memory Write Throughput",0.000000B/s,515.474155GB/s,394.650607GB/s
"Tesla V100-SXM2-16GB (0)","volta_scudnn_128x64_stridedB_interior_nn_v1",2,"dram_write_throughput","Device Memory Write Throughput",285.832638GB/s,318.180861GB/s,301.272692GB/s
"Tesla V100-SXM2-16GB (0)","void Eigen::internal::EigenMetaKernel<Eigen::TensorEvaluator<Eigen::TensorAssignOp<Eigen::TensorMap<Eigen::Tensor<float, int=1, int=1, long>, int=16, Eigen::MakePointer>, Eigen::TensorConversionOp<float, Eigen::TensorMap<Eigen::Tensor<int const , int=1, int=1, long>, int=16, Eigen::MakePointer> const > const > const , Eigen::GpuDevice>, long>(float, int=1)",10,"dram_write_throughput","Device Memory Write Throughput",0.000000B/s,0.000000B/s,0.000000B/s
"Tesla V100-SXM2-16GB (0)","void Eigen::internal::EigenMetaKernel<Eigen::TensorEvaluator<Eigen::TensorAssignOp<Eigen::TensorMap<Eigen::Tensor<float, int=1, int=1, long>, int=16, Eigen::MakePointer>, Eigen::TensorCwiseBinaryOp<Eigen::internal::scalar_difference_op<float, float>, Eigen::TensorMap<Eigen::Tensor<float, int=1, int=1, long>, int=16, Eigen::MakePointer> const , Eigen::TensorCwiseBinaryOp<Eigen::internal::scalar_quotient_op<float, float>, Eigen::TensorCwiseBinaryOp<Eigen::internal::scalar_product_op<float, float>, Eigen::TensorBroadcastingOp<Eigen::array<long, unsigned long=1> const , Eigen::TensorReshapingOp<Eigen::Sizes<> const , Eigen::TensorCwiseBinaryOp<Eigen::internal::scalar_quotient_op<float, float>, Eigen::TensorCwiseBinaryOp<Eigen::internal::scalar_product_op<float const , float const >, Eigen::TensorMap<Eigen::TensorFixedSize<float const , Eigen::Sizes<>, int=1, long>, int=16, Eigen::MakePointer> const , Eigen::TensorCwiseUnaryOp<Eigen::internal::scalar_sqrt_op<float>, Eigen::TensorCwiseBinaryOp<Eigen::internal::scalar_difference_op<float const , float const >, Eigen::TensorCwiseNullaryOp<Eigen::internal::scalar_constant_op<float const >, Eigen::TensorMap<Eigen::TensorFixedSize<float const , Eigen::Sizes<>, int=1, long>, int=16, Eigen::MakePointer> const > const , Eigen::TensorMap<Eigen::TensorFixedSize<float const , Eigen::Sizes<>, int=1, long>, int=16, Eigen::MakePointer> const > const > const > const , Eigen::TensorCwiseBinaryOp<Eigen::internal::scalar_difference_op<float const , float const >, Eigen::TensorCwiseNullaryOp<Eigen::internal::scalar_constant_op<float const >, Eigen::TensorMap<Eigen::TensorFixedSize<float const , Eigen::Sizes<>, int=1, long>, int=16, Eigen::MakePointer> const > const , Eigen::TensorMap<Eigen::TensorFixedSize<float const , Eigen::Sizes<>, int=1, long>, int=16, Eigen::MakePointer> const > const > const > const > const , Eigen::TensorMap<Eigen::Tensor<float, int=1, int=1, long>, int=16, Eigen::MakePointer> const > const , Eigen::TensorCwiseBinaryOp<Eigen::internal::scalar_sum_op<float const , float const >, Eigen::TensorBroadcastingOp<Eigen::array<long, unsigned long=1> const , Eigen::TensorReshapingOp<Eigen::Sizes<> const , Eigen::TensorMap<Eigen::TensorFixedSize<float const , Eigen::Sizes<>, int=1, long>, int=16, Eigen::MakePointer> const > const > const , Eigen::TensorCwiseUnaryOp<Eigen::internal::scalar_sqrt_op<float>, Eigen::TensorMap<Eigen::Tensor<float, int=1, int=1, long>, int=16, Eigen::MakePointer> const > const > const > const > const > const , Eigen::GpuDevice>, long>(float, int=1)",60,"dram_write_throughput","Device Memory Write Throughput",0.000000B/s,3.846017GB/s,1.174244GB/s
"Tesla V100-SXM2-16GB (0)","volta_cgemm_64x64_tn",2,"dram_write_throughput","Device Memory Write Throughput",18.007077GB/s,18.636404GB/s,18.317824GB/s
"Tesla V100-SXM2-16GB (0)","void pointwise_mult_and_sum_complex<float2, int=8, int=4>(float2*, float2*, float2*, int, int, int, int, int, float2)",2,"dram_write_throughput","Device Memory Write Throughput",474.406410GB/s,478.659011GB/s,476.523058GB/s
"Tesla V100-SXM2-16GB (0)","void cudnn::winograd_nonfused::winogradForwardFilter9x9_5x5<float, float>(cudnn::winograd_nonfused::WinogradFilterParams<float, float>)",4,"dram_write_throughput","Device Memory Write Throughput",3.948420GB/s,10.430813GB/s,6.689979GB/s
"Tesla V100-SXM2-16GB (0)","void fft2d_r2c_32x32<float, unsigned int=1, bool=0>(float2*, float const *, int, int, int, int, int, int, int, int, int, cudnn::reduced_divisor, bool)",4,"dram_write_throughput","Device Memory Write Throughput",292.363730GB/s,341.936646GB/s,320.134067GB/s
"Tesla V100-SXM2-16GB (0)","cudnn::gemm::computeOffsetsKernel(cudnn::gemm::ComputeOffsetsParams)",10,"dram_write_throughput","Device Memory Write Throughput",0.000000B/s,1.148631GB/s,600.249424MB/s
"Tesla V100-SXM2-16GB (0)","void tensorflow::functor::FillPhiloxRandomKernelLaunch<tensorflow::random::NormalDistribution<tensorflow::random::PhiloxRandom, float>>(tensorflow::random::PhiloxRandom, tensorflow::random::PhiloxRandomResultElementType*, __int64, tensorflow::functor::FillPhiloxRandomKernelLaunch<tensorflow::random::NormalDistribution<tensorflow::random::PhiloxRandom, float>>)",3,"dram_write_throughput","Device Memory Write Throughput",72.766515GB/s,293.309720GB/s,195.731471GB/s
"Tesla V100-SXM2-16GB (0)","void fft2d_r2c_32x32<float, unsigned int=5, bool=0>(float2*, float const *, int, int, int, int, int, int, int, int, int, cudnn::reduced_divisor, bool)",6,"dram_write_throughput","Device Memory Write Throughput",0.000000B/s,15.760676GB/s,6.854586GB/s
"Tesla V100-SXM2-16GB (0)","void tensorflow::functor::ColumnReduceMax16ColumnsKernel<float*, float*, tensorflow::functor::Sum<float>>(float*, float*, int, int, float, std::iterator_traits<tensorflow::functor::ColumnReduceMax16ColumnsKernel<float*, float*, tensorflow::functor::Sum<float>>>::value_type)",10,"dram_write_throughput","Device Memory Write Throughput",0.000000B/s,0.000000B/s,0.000000B/s
"Tesla V100-SXM2-16GB (0)","void cudnn::winograd_nonfused::winogradWgradDelta9x9_5x5<float, float>(cudnn::winograd_nonfused::WinogradDeltaParams<float, float>)",2,"dram_write_throughput","Device Memory Write Throughput",73.892748GB/s,79.968505GB/s,76.844010GB/s
"Tesla V100-SXM2-16GB (0)","void cudnn::winograd_nonfused::winogradWgradOutput9x9_5x5<float, float>(cudnn::winograd_nonfused::WinogradWgradOutputParams<float, float>)",2,"dram_write_throughput","Device Memory Write Throughput",89.875066MB/s,131.239584MB/s,111.922512MB/s
"Tesla V100-SXM2-16GB (0)","void cudnn::detail::dgrad_engine<float, int=128, int=6, int=7, int=3, int=3, int=5, bool=1>(int, int, int, float const *, int, float const , int, cudnn::detail::dgrad_engine<float, int=128, int=6, int=7, int=3, int=3, int=5, bool=1>*, kernel_grad_params, int, int, float, int, int, int)",12,"dram_write_throughput","Device Memory Write Throughput",119.112126GB/s,122.865882GB/s,121.403292GB/s
"Tesla V100-SXM2-16GB (0)","void Eigen::internal::EigenMetaKernel<Eigen::TensorEvaluator<Eigen::TensorAssignOp<Eigen::TensorMap<Eigen::Tensor<float, int=1, int=1, int>, int=16, Eigen::MakePointer>, Eigen::TensorCwiseUnaryOp<Eigen::internal::scalar_square_op<float>, Eigen::TensorMap<Eigen::Tensor<float const , int=1, int=1, int>, int=16, Eigen::MakePointer> const > const > const , Eigen::GpuDevice>, int>(float, int=1)",10,"dram_write_throughput","Device Memory Write Throughput",0.000000B/s,0.000000B/s,0.000000B/s
"Tesla V100-SXM2-16GB (0)","void Eigen::internal::EigenMetaKernel<Eigen::TensorEvaluator<Eigen::TensorAssignOp<Eigen::TensorMap<Eigen::Tensor<float, int=1, int=1, long>, int=16, Eigen::MakePointer>, Eigen::TensorCwiseBinaryOp<Eigen::internal::scalar_max_op<float const , float const >, Eigen::TensorMap<Eigen::Tensor<float const , int=1, int=1, long>, int=16, Eigen::MakePointer> const , Eigen::TensorCwiseNullaryOp<Eigen::internal::scalar_constant_op<float const >, Eigen::TensorMap<Eigen::Tensor<float const , int=1, int=1, long>, int=16, Eigen::MakePointer> const > const > const > const , Eigen::GpuDevice>, long>(float, int=1)",20,"dram_write_throughput","Device Memory Write Throughput",337.165503GB/s,350.398584GB/s,345.415393GB/s
"Tesla V100-SXM2-16GB (0)","void cudnn::detail::implicit_convolve_sgemm<float, float, int=128, int=5, int=5, int=3, int=3, int=3, int=1, bool=1, bool=0, bool=1>(int, int, int, float const *, int, float*, cudnn::detail::implicit_convolve_sgemm<float, float, int=128, int=5, int=5, int=3, int=3, int=3, int=1, bool=1, bool=0, bool=1>*, kernel_conv_params, int, float, float, int, float, float, int, int)",24,"dram_write_throughput","Device Memory Write Throughput",2.158116GB/s,91.069022GB/s,40.563406GB/s
"Tesla V100-SXM2-16GB (0)","void fft2d_r2c_64x64<float>(float2*, float const *, int, int, int, int, int, int, int, int)",8,"dram_write_throughput","Device Memory Write Throughput",90.066205GB/s,546.357706GB/s,480.389125GB/s
"Tesla V100-SXM2-16GB (0)","void fft2d_c2r_32x32<float, bool=0, unsigned int=0, bool=0, bool=0>(float*, float2 const *, int, int, int, int, int, int, int, int, int, float, float, cudnn::reduced_divisor, bool, float*, float*)",16,"dram_write_throughput","Device Memory Write Throughput",45.226393GB/s,229.592094GB/s,149.952093GB/s
"Tesla V100-SXM2-16GB (0)","volta_cgemm_32x32_tn",2,"dram_write_throughput","Device Memory Write Throughput",280.963081GB/s,284.650049GB/s,282.794872GB/s
"Tesla V100-SXM2-16GB (0)","void cudnn::detail::implicit_convolve_sgemm<float, float, int=1024, int=5, int=5, int=3, int=3, int=3, int=1, bool=1, bool=0, bool=1>(int, int, int, float const *, int, float*, cudnn::detail::implicit_convolve_sgemm<float, float, int=1024, int=5, int=5, int=3, int=3, int=3, int=1, bool=1, bool=0, bool=1>*, kernel_conv_params, int, float, float, int, float, float, int, int)",12,"dram_write_throughput","Device Memory Write Throughput",185.253763GB/s,193.890749GB/s,190.257806GB/s
"Tesla V100-SXM2-16GB (0)","void fft1d_r2c_32<float, float, float2, bool=0, bool=0>(float2*, float const *, int, int3, int3, int2, int2)",6,"dram_write_throughput","Device Memory Write Throughput",6.917444GB/s,228.518381GB/s,208.265509GB/s
"Tesla V100-SXM2-16GB (0)","void tensorflow::functor::CleanupSegments<float*, float*, tensorflow::functor::Sum<float>>(float*, float*, int, int, int, float, std::iterator_traits<tensorflow::functor::CleanupSegments<float*, float*, tensorflow::functor::Sum<float>>>::value_type)",30,"dram_write_throughput","Device Memory Write Throughput",0.000000B/s,0.000000B/s,0.000000B/s
"Tesla V100-SXM2-16GB (0)","void tensorflow::functor::SwapDimension1And2InTensor3UsingTiles<unsigned int, int=128, int=128, int=3, bool=0>(unsigned int const *, tensorflow::functor::Dimension<int=3>, tensorflow::functor::SwapDimension1And2InTensor3UsingTiles<unsigned int, int=128, int=128, int=3, bool=0>*)",10,"dram_write_throughput","Device Memory Write Throughput",0.000000B/s,15.634005MB/s,3.107672MB/s
"Tesla V100-SXM2-16GB (0)","void fft1d_r2c_32<float, float, float2, bool=1, bool=0>(float2*, float const *, int, int3, int3, int2, int2)",2,"dram_write_throughput","Device Memory Write Throughput",1.132420GB/s,3.492460GB/s,2.155854GB/s
"Tesla V100-SXM2-16GB (0)","void cudnn::winograd_nonfused::winogradForwardOutput9x9_5x5<float, float>(cudnn::winograd_nonfused::WinogradOutputParams<float, float>)",4,"dram_write_throughput","Device Memory Write Throughput",5.464931GB/s,178.781935GB/s,150.565680GB/s
"Tesla V100-SXM2-16GB (0)","void im2col4d_kernel<float, int>(im2col4d_params, cudnnConvolutionStruct, cudnnTensor4dStruct, float const *, float*, int)",6,"dram_write_throughput","Device Memory Write Throughput",267.734887GB/s,533.328290GB/s,426.015493GB/s
"Tesla V100-SXM2-16GB (0)","void Eigen::internal::EigenMetaKernel<Eigen::TensorEvaluator<Eigen::TensorAssignOp<Eigen::TensorMap<Eigen::Tensor<float, int=3, int=1, int>, int=16, Eigen::MakePointer>, Eigen::TensorCwiseBinaryOp<Eigen::internal::scalar_sum_op<float, float>, Eigen::TensorBroadcastingOp<Eigen::array<long, unsigned long=3> const , Eigen::TensorMap<Eigen::Tensor<float const , int=3, int=1, int>, int=16, Eigen::MakePointer> const > const , Eigen::TensorBroadcastingOp<Eigen::array<long, unsigned long=3> const , Eigen::TensorMap<Eigen::Tensor<float const , int=3, int=1, int>, int=16, Eigen::MakePointer> const > const > const > const , Eigen::GpuDevice>, int>(float, int=3)",30,"dram_write_throughput","Device Memory Write Throughput",39.736429MB/s,236.248755GB/s,215.114875GB/s
"Tesla V100-SXM2-16GB (0)","void cudnn::winograd_nonfused::winogradForwardData9x9_5x5<float, float>(cudnn::winograd_nonfused::WinogradDataParams<float, float>)",6,"dram_write_throughput","Device Memory Write Throughput",179.191239GB/s,360.764572GB/s,319.252978GB/s
"Tesla V100-SXM2-16GB (0)","compute_gemm_pointers(float2**, float2 const *, int, float2 const *, int, float2 const *, int, int)",14,"dram_write_throughput","Device Memory Write Throughput",7.646649GB/s,19.081577GB/s,11.535798GB/s
"Tesla V100-SXM2-16GB (0)","void Eigen::internal::EigenMetaKernel<Eigen::TensorEvaluator<Eigen::TensorAssignOp<Eigen::TensorMap<Eigen::Tensor<float, int=1, int=1, long>, int=16, Eigen::MakePointer>, Eigen::TensorCwiseBinaryOp<Eigen::internal::scalar_sum_op<float, float>, Eigen::TensorMap<Eigen::Tensor<float, int=1, int=1, long>, int=16, Eigen::MakePointer> const , Eigen::TensorCwiseBinaryOp<Eigen::internal::scalar_product_op<float, float>, Eigen::TensorBroadcastingOp<Eigen::array<long, unsigned long=1> const , Eigen::TensorReshapingOp<Eigen::Sizes<> const , Eigen::TensorCwiseBinaryOp<Eigen::internal::scalar_difference_op<float const , float const >, Eigen::TensorCwiseNullaryOp<Eigen::internal::scalar_constant_op<float const >, Eigen::TensorMap<Eigen::TensorFixedSize<float const , Eigen::Sizes<>, int=1, long>, int=16, Eigen::MakePointer> const > const , Eigen::TensorMap<Eigen::TensorFixedSize<float const , Eigen::Sizes<>, int=1, long>, int=16, Eigen::MakePointer> const > const > const > const , Eigen::TensorCwiseBinaryOp<Eigen::internal::scalar_difference_op<float, float>, Eigen::TensorCwiseUnaryOp<Eigen::internal::scalar_square_op<float const >, Eigen::TensorMap<Eigen::Tensor<float const , int=1, int=1, long>, int=16, Eigen::MakePointer> const > const , Eigen::TensorMap<Eigen::Tensor<float, int=1, int=1, long>, int=16, Eigen::MakePointer> const > const > const > const > const , Eigen::GpuDevice>, long>(float, int=1)",60,"dram_write_throughput","Device Memory Write Throughput",0.000000B/s,1.935216GB/s,514.777513MB/s
"Tesla V100-SXM2-16GB (0)","void fft2d_c2r_64x64<float, bool=0>(float*, float2*, int, int, int, int, int, int, int, int, int, int, float, float, int, float*, float*)",4,"dram_write_throughput","Device Memory Write Throughput",16.799173GB/s,89.578253GB/s,81.835348GB/s
"Tesla V100-SXM2-16GB (0)","void tensorflow::functor::ShuffleInTensor3Simple<float, int=2, int=1, int=0, bool=0>(int, float const *, tensorflow::functor::Dimension<int=3>, tensorflow::functor::ShuffleInTensor3Simple<float, int=2, int=1, int=0, bool=0>*)",80,"dram_write_throughput","Device Memory Write Throughput",0.000000B/s,4.845163GB/s,1.278816GB/s
"Tesla V100-SXM2-16GB (0)","void fft1d_c2r_32<float2, float, float, bool=0, bool=1, bool=0, bool=0>(float*, float2 const *, int, int3, int3, int2, int, float, float, float*, float*)",4,"dram_write_throughput","Device Memory Write Throughput",258.053845GB/s,301.676797GB/s,285.839548GB/s
"Tesla V100-SXM2-16GB (0)","void tensorflow::functor::ColumnReduceKernel<float*, float*, tensorflow::functor::Sum<float>>(float*, float*, int, int, float, std::iterator_traits<tensorflow::functor::ColumnReduceKernel<float*, float*, tensorflow::functor::Sum<float>>>::value_type)",20,"dram_write_throughput","Device Memory Write Throughput",64.546470GB/s,69.333475GB/s,66.974317GB/s
"Tesla V100-SXM2-16GB (0)","volta_gcgemm_32x32_nt",12,"dram_write_throughput","Device Memory Write Throughput",155.608970GB/s,551.272508GB/s,407.178487GB/s
"Tesla V100-SXM2-16GB (0)","volta_sgemm_128x64_nn",4,"dram_write_throughput","Device Memory Write Throughput",8.338445GB/s,51.531430GB/s,16.119055GB/s
"Tesla V100-SXM2-16GB (0)","void Eigen::internal::EigenMetaKernel<Eigen::TensorEvaluator<Eigen::TensorAssignOp<Eigen::TensorMap<Eigen::Tensor<float, int=1, int=1, int>, int=16, Eigen::MakePointer>, Eigen::TensorCwiseUnaryOp<Eigen::internal::scalar_right<float, float, Eigen::internal::scalar_quotient_op<float, float>>, Eigen::TensorMap<Eigen::Tensor<float const , int=1, int=1, int>, int=16, Eigen::MakePointer> const > const > const , Eigen::GpuDevice>, int>(float, int=1)",10,"dram_write_throughput","Device Memory Write Throughput",0.000000B/s,21.551962MB/s,2.233412MB/s
"Tesla V100-SXM2-16GB (0)","volta_scudnn_128x64_stridedB_medium_nn_v1",2,"dram_write_throughput","Device Memory Write Throughput",100.251317GB/s,110.034753GB/s,105.058939GB/s
"Tesla V100-SXM2-16GB (0)","volta_sgemm_128x64_nt",2,"dram_write_throughput","Device Memory Write Throughput",440.707810GB/s,529.431759GB/s,481.045009GB/s
"Tesla V100-SXM2-16GB (0)","volta_cgemm_64x32_tn",8,"dram_write_throughput","Device Memory Write Throughput",42.970105GB/s,388.986040GB/s,90.210232GB/s
"Tesla V100-SXM2-16GB (0)","cudnn::gemm::computeWgradSplitKOffsetsKernel(cudnn::gemm::ComputeOffsetsParams)",12,"dram_write_throughput","Device Memory Write Throughput",0.000000B/s,2.938483GB/s,241.024205MB/s
"Tesla V100-SXM2-16GB (0)","void Eigen::internal::EigenMetaKernel<Eigen::TensorEvaluator<Eigen::TensorAssignOp<Eigen::TensorMap<Eigen::Tensor<float, int=4, int=1, int>, int=16, Eigen::MakePointer>, Eigen::TensorBroadcastingOp<Eigen::array<int, unsigned long=4> const , Eigen::TensorMap<Eigen::Tensor<float const , int=4, int=1, int>, int=16, Eigen::MakePointer> const > const > const , Eigen::GpuDevice>, int>(float, int=4)",10,"dram_write_throughput","Device Memory Write Throughput",0.000000B/s,12.466331MB/s,1.243372MB/s
"Tesla V100-SXM2-16GB (0)","void Eigen::internal::EigenMetaKernel<Eigen::TensorEvaluator<Eigen::TensorAssignOp<Eigen::TensorMap<Eigen::Tensor<float, int=1, int=1, long>, int=16, Eigen::MakePointer>, Eigen::TensorCwiseBinaryOp<Eigen::internal::scalar_sum_op<float, float>, Eigen::TensorMap<Eigen::Tensor<float, int=1, int=1, long>, int=16, Eigen::MakePointer> const , Eigen::TensorCwiseBinaryOp<Eigen::internal::scalar_product_op<float, float>, Eigen::TensorBroadcastingOp<Eigen::array<long, unsigned long=1> const , Eigen::TensorReshapingOp<Eigen::Sizes<> const , Eigen::TensorCwiseBinaryOp<Eigen::internal::scalar_difference_op<float const , float const >, Eigen::TensorCwiseNullaryOp<Eigen::internal::scalar_constant_op<float const >, Eigen::TensorMap<Eigen::TensorFixedSize<float const , Eigen::Sizes<>, int=1, long>, int=16, Eigen::MakePointer> const > const , Eigen::TensorMap<Eigen::TensorFixedSize<float const , Eigen::Sizes<>, int=1, long>, int=16, Eigen::MakePointer> const > const > const > const , Eigen::TensorCwiseBinaryOp<Eigen::internal::scalar_difference_op<float const , float const >, Eigen::TensorMap<Eigen::Tensor<float const , int=1, int=1, long>, int=16, Eigen::MakePointer> const , Eigen::TensorMap<Eigen::Tensor<float, int=1, int=1, long>, int=16, Eigen::MakePointer> const > const > const > const > const , Eigen::GpuDevice>, long>(float, int=1)",60,"dram_write_throughput","Device Memory Write Throughput",0.000000B/s,3.434252GB/s,876.528474MB/s
"Tesla V100-SXM2-16GB (0)","void fft2d_r2c_32x32<float, unsigned int=0, bool=0>(float2*, float const *, int, int, int, int, int, int, int, int, int, cudnn::reduced_divisor, bool)",28,"dram_write_throughput","Device Memory Write Throughput",0.000000B/s,386.225564GB/s,282.495869GB/s
"Tesla V100-SXM2-16GB (0)","void fft2d_r2c_32x32<float, unsigned int=1, bool=1>(float2*, float const *, int, int, int, int, int, int, int, int, int, cudnn::reduced_divisor, bool)",2,"dram_write_throughput","Device Memory Write Throughput",760.494134MB/s,5.116045GB/s,3.389712GB/s
"Tesla V100-SXM2-16GB (0)","void fft2d_r2c_32x32<float, unsigned int=5, bool=1>(float2*, float const *, int, int, int, int, int, int, int, int, int, cudnn::reduced_divisor, bool)",2,"dram_write_throughput","Device Memory Write Throughput",0.000000B/s,0.000000B/s,0.000000B/s
"Tesla V100-SXM2-16GB (0)","void tensorflow::functor::SwapDimension1And2InTensor3UsingTiles<unsigned int, int=256, int=32, int=32, bool=0>(unsigned int const *, tensorflow::functor::Dimension<int=3>, tensorflow::functor::SwapDimension1And2InTensor3UsingTiles<unsigned int, int=256, int=32, int=32, bool=0>*)",40,"dram_write_throughput","Device Memory Write Throughput",265.093534GB/s,353.451848GB/s,313.452242GB/s
"Tesla V100-SXM2-16GB (0)","volta_scudnn_128x64_relu_interior_nn_v1",4,"dram_write_throughput","Device Memory Write Throughput",97.471196GB/s,144.916550GB/s,110.428015GB/s
"Tesla V100-SXM2-16GB (0)","volta_scudnn_128x64_stridedB_splitK_interior_nn_v1",12,"dram_write_throughput","Device Memory Write Throughput",26.486245MB/s,4.792239GB/s,519.679979MB/s
"Tesla V100-SXM2-16GB (0)","void cudnn::detail::dgrad_engine<float, int=128, int=6, int=8, int=3, int=3, int=5, bool=1>(int, int, int, float const *, int, float const , int, cudnn::detail::dgrad_engine<float, int=128, int=6, int=8, int=3, int=3, int=5, bool=1>*, kernel_grad_params, int, int, float, int, int, int)",12,"dram_write_throughput","Device Memory Write Throughput",9.152728GB/s,9.274072GB/s,9.225710GB/s
"Tesla V100-SXM2-16GB (0)","volta_gcgemm_64x32_nt",4,"dram_write_throughput","Device Memory Write Throughput",46.716843GB/s,394.854537GB/s,155.148811GB/s
"Tesla V100-SXM2-16GB (0)","void tensorflow::functor::CleanupSegments<float*, tensorflow::TransformOutputIterator<float, float, tensorflow::functor::DividesBy<float, float>, long>, tensorflow::functor::Sum<float>>(float*, float, int, int, int, float, std::iterator_traits<tensorflow::functor::CleanupSegments<float*, tensorflow::TransformOutputIterator<float, float, tensorflow::functor::DividesBy<float, float>, long>, tensorflow::functor::Sum<float>>>::value_type)",10,"dram_write_throughput","Device Memory Write Throughput",0.000000B/s,0.000000B/s,0.000000B/s
"Tesla V100-SXM2-16GB (0)","void transpose_readWrite_alignment_kernel<float2, float2, int=1, bool=0, int=6, int=4, int=4>(cublasTransposeParams<float2>, float2 const *, float2*, float2 const *)",6,"dram_write_throughput","Device Memory Write Throughput",30.205794GB/s,473.995126GB/s,367.472001GB/s
"Tesla V100-SXM2-16GB (0)","void tensorflow::functor::BlockReduceKernel<float*, float*, int=256, tensorflow::functor::Sum<float>>(float*, float*, int, float, std::iterator_traits<tensorflow::functor::BlockReduceKernel<float*, float*, int=256, tensorflow::functor::Sum<float>>>::value_type)",10,"dram_write_throughput","Device Memory Write Throughput",0.000000B/s,0.000000B/s,0.000000B/s
"Tesla V100-SXM2-16GB (0)","void Eigen::internal::EigenMetaKernel<Eigen::TensorEvaluator<Eigen::TensorAssignOp<Eigen::TensorMap<Eigen::Tensor<float, int=1, int=1, int>, int=16, Eigen::MakePointer>, Eigen::TensorCwiseUnaryOp<Eigen::internal::scalar_opposite_op<float>, Eigen::TensorMap<Eigen::Tensor<float const , int=1, int=1, int>, int=16, Eigen::MakePointer> const > const > const , Eigen::GpuDevice>, int>(float, int=1)",10,"dram_write_throughput","Device Memory Write Throughput",0.000000B/s,0.000000B/s,0.000000B/s
"Tesla V100-SXM2-16GB (0)","void fft2d_c2r_32x32<float, bool=0, unsigned int=1, bool=0, bool=0>(float*, float2 const *, int, int, int, int, int, int, int, int, int, float, float, cudnn::reduced_divisor, bool, float*, float*)",8,"dram_write_throughput","Device Memory Write Throughput",0.000000B/s,47.242551GB/s,19.845773GB/s
"Tesla V100-SXM2-16GB (0)","void Eigen::internal::EigenMetaKernel<Eigen::TensorEvaluator<Eigen::TensorAssignOp<Eigen::TensorMap<Eigen::Tensor<float, int=1, int=1, long>, int=16, Eigen::MakePointer>, Eigen::TensorCwiseBinaryOp<Eigen::internal::scalar_product_op<float const , float const >, Eigen::TensorMap<Eigen::Tensor<float const , int=1, int=1, long>, int=16, Eigen::MakePointer> const , Eigen::TensorConversionOp<float, Eigen::TensorCwiseBinaryOp<Eigen::internal::scalar_cmp_op<float const , float const , Eigen::internal::ComparisonName>, Eigen::TensorMap<Eigen::Tensor<float const , int=1, int=1, long>, int=16, Eigen::MakePointer> const , Eigen::TensorCwiseNullaryOp<Eigen::internal::scalar_constant_op<float const >, Eigen::TensorMap<Eigen::Tensor<float const , int=1, int=1, long>, int=16, Eigen::MakePointer> const > const > const > const > const > const , Eigen::GpuDevice>, long>(float, int=1)",20,"dram_write_throughput","Device Memory Write Throughput",219.165146GB/s,242.234655GB/s,233.160088GB/s
"Tesla V100-SXM2-16GB (0)","volta_cgemm_32x64_tn",2,"dram_write_throughput","Device Memory Write Throughput",8.444602GB/s,8.536311GB/s,8.490287GB/s
