==11924== NVPROF is profiling process 11924, command: python main.py --epoch=100000000 --data_dir=/home/keshavsanthanam/data/srcnn_data --checkpoint_dir=/tmp/srcnn_checkpoint_JTNVGW --max_steps=10
2019-01-26 16:41:51.989949: I tensorflow/stream_executor/cuda/cuda_gpu_executor.cc:964] successful NUMA node read from SysFS had negative value (-1), but there must be at least one NUMA node, so returning NUMA node zero
2019-01-26 16:41:51.990494: I tensorflow/core/common_runtime/gpu/gpu_device.cc:1432] Found device 0 with properties: 
name: Tesla V100-SXM2-16GB major: 7 minor: 0 memoryClockRate(GHz): 1.53
pciBusID: 0000:00:04.0
totalMemory: 15.75GiB freeMemory: 15.31GiB
2019-01-26 16:41:51.990516: I tensorflow/core/common_runtime/gpu/gpu_device.cc:1511] Adding visible gpu devices: 0
2019-01-26 16:41:52.826756: I tensorflow/core/common_runtime/gpu/gpu_device.cc:982] Device interconnect StreamExecutor with strength 1 edge matrix:
2019-01-26 16:41:52.826820: I tensorflow/core/common_runtime/gpu/gpu_device.cc:988]      0 
2019-01-26 16:41:52.826830: I tensorflow/core/common_runtime/gpu/gpu_device.cc:1001] 0:   N 
2019-01-26 16:41:52.827177: I tensorflow/core/common_runtime/gpu/gpu_device.cc:1115] Created TensorFlow device (/job:localhost/replica:0/task:0/device:GPU:0 with 14809 MB memory) -> physical GPU (device: 0, name: Tesla V100-SXM2-16GB, pci bus id: 0000:00:04.0, compute capability: 7.0)
2019-01-26 16:41:52.829219: I tensorflow/core/common_runtime/process_util.cc:69] Creating new thread pool with default inter op setting: 2. Tune using inter_op_parallelism_threads for best performance.
['/home/keshavsanthanam/data/srcnn_data/t26.bmp', '/home/keshavsanthanam/data/srcnn_data/t9.bmp', '/home/keshavsanthanam/data/srcnn_data/t28.bmp', '/home/keshavsanthanam/data/srcnn_data/tt8.bmp', '/home/keshavsanthanam/data/srcnn_data/t39.bmp', '/home/keshavsanthanam/data/srcnn_data/t13.bmp', '/home/keshavsanthanam/data/srcnn_data/tt27.bmp', '/home/keshavsanthanam/data/srcnn_data/tt4.bmp', '/home/keshavsanthanam/data/srcnn_data/t31.bmp', '/home/keshavsanthanam/data/srcnn_data/t52.bmp', '/home/keshavsanthanam/data/srcnn_data/t61.bmp', '/home/keshavsanthanam/data/srcnn_data/tt13.bmp', '/home/keshavsanthanam/data/srcnn_data/t2.bmp', '/home/keshavsanthanam/data/srcnn_data/t21.bmp', '/home/keshavsanthanam/data/srcnn_data/t65.bmp', '/home/keshavsanthanam/data/srcnn_data/t44.bmp', '/home/keshavsanthanam/data/srcnn_data/t5.bmp', '/home/keshavsanthanam/data/srcnn_data/t53.bmp', '/home/keshavsanthanam/data/srcnn_data/t19.bmp', '/home/keshavsanthanam/data/srcnn_data/tt10.bmp', '/home/keshavsanthanam/data/srcnn_data/t7.bmp', '/home/keshavsanthanam/data/srcnn_data/t17.bmp', '/home/keshavsanthanam/data/srcnn_data/t66.bmp', '/home/keshavsanthanam/data/srcnn_data/t33.bmp', '/home/keshavsanthanam/data/srcnn_data/t12.bmp', '/home/keshavsanthanam/data/srcnn_data/t35.bmp', '/home/keshavsanthanam/data/srcnn_data/tt19.bmp', '/home/keshavsanthanam/data/srcnn_data/tt5.bmp', '/home/keshavsanthanam/data/srcnn_data/tt3.bmp', '/home/keshavsanthanam/data/srcnn_data/tt26.bmp', '/home/keshavsanthanam/data/srcnn_data/tt2.bmp', '/home/keshavsanthanam/data/srcnn_data/t64.bmp', '/home/keshavsanthanam/data/srcnn_data/t48.bmp', '/home/keshavsanthanam/data/srcnn_data/tt22.bmp', '/home/keshavsanthanam/data/srcnn_data/t49.bmp', '/home/keshavsanthanam/data/srcnn_data/t45.bmp', '/home/keshavsanthanam/data/srcnn_data/t47.bmp', '/home/keshavsanthanam/data/srcnn_data/t38.bmp', '/home/keshavsanthanam/data/srcnn_data/t54.bmp', '/home/keshavsanthanam/data/srcnn_data/t4.bmp', '/home/keshavsanthanam/data/srcnn_data/tt12.bmp', '/home/keshavsanthanam/data/srcnn_data/tt17.bmp', '/home/keshavsanthanam/data/srcnn_data/t27.bmp', '/home/keshavsanthanam/data/srcnn_data/t58.bmp', '/home/keshavsanthanam/data/srcnn_data/t14.bmp', '/home/keshavsanthanam/data/srcnn_data/t10.bmp', '/home/keshavsanthanam/data/srcnn_data/t43.bmp', '/home/keshavsanthanam/data/srcnn_data/tt9.bmp', '/home/keshavsanthanam/data/srcnn_data/t30.bmp', '/home/keshavsanthanam/data/srcnn_data/t51.bmp', '/home/keshavsanthanam/data/srcnn_data/tt15.bmp', '/home/keshavsanthanam/data/srcnn_data/tt18.bmp', '/home/keshavsanthanam/data/srcnn_data/tt24.bmp', '/home/keshavsanthanam/data/srcnn_data/tt1.bmp', '/home/keshavsanthanam/data/srcnn_data/t1.bmp', '/home/keshavsanthanam/data/srcnn_data/tt7.bmp', '/home/keshavsanthanam/data/srcnn_data/tt23.bmp', '/home/keshavsanthanam/data/srcnn_data/t57.bmp', '/home/keshavsanthanam/data/srcnn_data/t3.bmp', '/home/keshavsanthanam/data/srcnn_data/t25.bmp', '/home/keshavsanthanam/data/srcnn_data/t23.bmp', '/home/keshavsanthanam/data/srcnn_data/t37.bmp', '/home/keshavsanthanam/data/srcnn_data/tt21.bmp', '/home/keshavsanthanam/data/srcnn_data/tt25.bmp', '/home/keshavsanthanam/data/srcnn_data/t46.bmp', '/home/keshavsanthanam/data/srcnn_data/t29.bmp', '/home/keshavsanthanam/data/srcnn_data/t32.bmp', '/home/keshavsanthanam/data/srcnn_data/t34.bmp', '/home/keshavsanthanam/data/srcnn_data/t20.bmp', '/home/keshavsanthanam/data/srcnn_data/t22.bmp', '/home/keshavsanthanam/data/srcnn_data/t55.bmp', '/home/keshavsanthanam/data/srcnn_data/t24.bmp', '/home/keshavsanthanam/data/srcnn_data/tt6.bmp', '/home/keshavsanthanam/data/srcnn_data/t15.bmp', '/home/keshavsanthanam/data/srcnn_data/tt16.bmp', '/home/keshavsanthanam/data/srcnn_data/t62.bmp', '/home/keshavsanthanam/data/srcnn_data/tt20.bmp', '/home/keshavsanthanam/data/srcnn_data/t60.bmp', '/home/keshavsanthanam/data/srcnn_data/t63.bmp', '/home/keshavsanthanam/data/srcnn_data/tt14.bmp', '/home/keshavsanthanam/data/srcnn_data/t40.bmp', '/home/keshavsanthanam/data/srcnn_data/t6.bmp', '/home/keshavsanthanam/data/srcnn_data/t8.bmp', '/home/keshavsanthanWARNING:tensorflow:From /home/keshavsanthanam/.local/lib/python2.7/site-packages/tensorflow/python/util/tf_should_use.py:189: initialize_all_variables (from tensorflow.python.ops.variables) is deprecated and will be removed after 2017-03-02.
Instructions for updating:
Use `tf.global_variables_initializer` instead.
am/data/srcnn_data/t18.bmp', '/home/keshavsanthanam/data/srcnn_data/t16.bmp', '/home/keshavsanthanam/data/srcnn_data/t59.bmp', '/home/keshavsanthanam/data/srcnn_data/t56.bmp', '/home/keshavsanthanam/data/srcnn_data/t42.bmp', '/home/keshavsanthanam/data/srcnn_data/t50.bmp', '/home/keshavsanthanam/data/srcnn_data/t36.bmp', '/home/keshavsanthanam/data/srcnn_data/t11.bmp']
Now Start Training...
Epoch: [ 1], step: [10], time: [9.6912], loss: [0.36010996]
132.077728156
==11924== Profiling application: python main.py --epoch=100000000 --data_dir=/home/keshavsanthanam/data/srcnn_data --checkpoint_dir=/tmp/srcnn_checkpoint_JTNVGW --max_steps=10
==11924== Profiling result:
==11924== Metric result:
"Device","Kernel","Invocations","Metric Name","Metric Description","Min","Max","Avg"
"Tesla V100-SXM2-16GB (0)","void tensorflow::functor::SwapDimension1And2InTensor3UsingTiles<unsigned int, int=128, int=3, int=128, bool=0>(unsigned int const *, tensorflow::functor::Dimension<int=3>, tensorflow::functor::SwapDimension1And2InTensor3UsingTiles<unsigned int, int=128, int=3, int=128, bool=0>*)",10,"flop_count_sp","Floating Point Operations(Single Precision)",0,0,0
"Tesla V100-SXM2-16GB (0)","void Eigen::internal::EigenMetaKernel<Eigen::TensorEvaluator<Eigen::TensorAssignOp<Eigen::TensorMap<Eigen::Tensor<float, int=1, int=1, int>, int=16, Eigen::MakePointer>, Eigen::TensorCwiseUnaryOp<Eigen::internal::scalar_right<float, float, Eigen::internal::scalar_product_op<float, float>>, Eigen::TensorMap<Eigen::Tensor<float const , int=1, int=1, int>, int=16, Eigen::MakePointer> const > const > const , Eigen::GpuDevice>, int>(float, int=1)",33,"flop_count_sp","Floating Point Operations(Single Precision)",1,169344,51923
"Tesla V100-SXM2-16GB (0)","void tensorflow::functor::SwapDimension1And2InTensor3UsingTiles<unsigned int, int=512, int=512, int=3, bool=0>(unsigned int const *, tensorflow::functor::Dimension<int=3>, tensorflow::functor::SwapDimension1And2InTensor3UsingTiles<unsigned int, int=512, int=512, int=3, bool=0>*)",10,"flop_count_sp","Floating Point Operations(Single Precision)",0,0,0
"Tesla V100-SXM2-16GB (0)","void flip_filter<float, float>(float*, float const *, int, int, int, int)",32,"flop_count_sp","Floating Point Operations(Single Precision)",0,0,0
"Tesla V100-SXM2-16GB (0)","void Eigen::internal::EigenMetaKernel<Eigen::TensorEvaluator<Eigen::TensorAssignOp<Eigen::TensorMap<Eigen::Tensor<float, int=1, int=1, int>, int=16, Eigen::MakePointer>, Eigen::TensorCwiseBinaryOp<Eigen::internal::scalar_difference_op<float, float>, Eigen::TensorMap<Eigen::Tensor<float const , int=1, int=1, int>, int=16, Eigen::MakePointer> const , Eigen::TensorMap<Eigen::Tensor<float const , int=1, int=1, long>, int=16, Eigen::MakePointer> const > const > const , Eigen::GpuDevice>, long>(float, int=1)",10,"flop_count_sp","Floating Point Operations(Single Precision)",169344,169344,169344
"Tesla V100-SXM2-16GB (0)","void Eigen::internal::EigenMetaKernel<Eigen::TensorEvaluator<Eigen::TensorAssignOp<Eigen::TensorMap<Eigen::Tensor<float, int=1, int=1, int>, int=16, Eigen::MakePointer>, Eigen::TensorCwiseBinaryOp<Eigen::internal::scalar_product_op<float, float>, Eigen::TensorMap<Eigen::Tensor<float const , int=1, int=1, int>, int=16, Eigen::MakePointer> const , Eigen::TensorMap<Eigen::Tensor<float const , int=1, int=1, long>, int=16, Eigen::MakePointer> const > const > const , Eigen::GpuDevice>, long>(float, int=1)",10,"flop_count_sp","Floating Point Operations(Single Precision)",169344,169344,169344
"Tesla V100-SXM2-16GB (0)","void cudnn::detail::explicit_convolve_sgemm<float, int, int=1024, int=5, int=5, int=3, int=3, int=3, int=0, bool=1>(int, int, int, float const *, int, float const , int, cudnn::detail::explicit_convolve_sgemm<float, int, int=1024, int=5, int=5, int=3, int=3, int=3, int=0, bool=1>*, kernel_conv_params, int, int, float, float, int, float const *, float const *)",6,"flop_count_sp","Floating Point Operations(Single Precision)",330240000,2890306944,1921728981
"Tesla V100-SXM2-16GB (0)","volta_scudnn_128x32_relu_interior_nn_v1",2,"flop_count_sp","Floating Point Operations(Single Precision)",2893750272,2893750272,2893750272
"Tesla V100-SXM2-16GB (0)","cudnn::gemm::computeBOffsetsKernel(cudnn::gemm::ComputeBOffsetsParams)",4,"flop_count_sp","Floating Point Operations(Single Precision)",0,0,0
"Tesla V100-SXM2-16GB (0)","void cudnn::detail::wgrad_alg0_engine<float, int=512, int=6, int=5, int=3, int=3, int=3, bool=1, int=512>(int, int, int, float const *, int, cudnn::detail::wgrad_alg0_engine<float, int=512, int=6, int=5, int=3, int=3, int=3, bool=1, int=512>*, float const , kernel_grad_params, int, float, int, int, int, int)",26,"flop_count_sp","Floating Point Operations(Single Precision)",331874304,3053760512,1613361152
"Tesla V100-SXM2-16GB (0)","cudnn::gemm::computeWgradBOffsetsKernel(cudnn::gemm::ComputeBOffsetsParams)",12,"flop_count_sp","Floating Point Operations(Single Precision)",0,0,0
"Tesla V100-SXM2-16GB (0)","void scalePackedTensor_kernel<float, float>(cudnnTensor4dStruct, float*, float)",36,"flop_count_sp","Floating Point Operations(Single Precision)",0,0,0
"Tesla V100-SXM2-16GB (0)","volta_scudnn_128x64_stridedB_interior_nn_v1",2,"flop_count_sp","Floating Point Operations(Single Precision)",332800000,332800000,332800000
"Tesla V100-SXM2-16GB (0)","void Eigen::internal::EigenMetaKernel<Eigen::TensorEvaluator<Eigen::TensorAssignOp<Eigen::TensorMap<Eigen::Tensor<float, int=1, int=1, long>, int=16, Eigen::MakePointer>, Eigen::TensorConversionOp<float, Eigen::TensorMap<Eigen::Tensor<int const , int=1, int=1, long>, int=16, Eigen::MakePointer> const > const > const , Eigen::GpuDevice>, long>(float, int=1)",10,"flop_count_sp","Floating Point Operations(Single Precision)",0,0,0
"Tesla V100-SXM2-16GB (0)","void Eigen::internal::EigenMetaKernel<Eigen::TensorEvaluator<Eigen::TensorAssignOp<Eigen::TensorMap<Eigen::Tensor<float, int=1, int=1, long>, int=16, Eigen::MakePointer>, Eigen::TensorCwiseBinaryOp<Eigen::internal::scalar_difference_op<float, float>, Eigen::TensorMap<Eigen::Tensor<float, int=1, int=1, long>, int=16, Eigen::MakePointer> const , Eigen::TensorCwiseBinaryOp<Eigen::internal::scalar_quotient_op<float, float>, Eigen::TensorCwiseBinaryOp<Eigen::internal::scalar_product_op<float, float>, Eigen::TensorBroadcastingOp<Eigen::array<long, unsigned long=1> const , Eigen::TensorReshapingOp<Eigen::Sizes<> const , Eigen::TensorCwiseBinaryOp<Eigen::internal::scalar_quotient_op<float, float>, Eigen::TensorCwiseBinaryOp<Eigen::internal::scalar_product_op<float const , float const >, Eigen::TensorMap<Eigen::TensorFixedSize<float const , Eigen::Sizes<>, int=1, long>, int=16, Eigen::MakePointer> const , Eigen::TensorCwiseUnaryOp<Eigen::internal::scalar_sqrt_op<float>, Eigen::TensorCwiseBinaryOp<Eigen::internal::scalar_difference_op<float const , float const >, Eigen::TensorCwiseNullaryOp<Eigen::internal::scalar_constant_op<float const >, Eigen::TensorMap<Eigen::TensorFixedSize<float const , Eigen::Sizes<>, int=1, long>, int=16, Eigen::MakePointer> const > const , Eigen::TensorMap<Eigen::TensorFixedSize<float const , Eigen::Sizes<>, int=1, long>, int=16, Eigen::MakePointer> const > const > const > const , Eigen::TensorCwiseBinaryOp<Eigen::internal::scalar_difference_op<float const , float const >, Eigen::TensorCwiseNullaryOp<Eigen::internal::scalar_constant_op<float const >, Eigen::TensorMap<Eigen::TensorFixedSize<float const , Eigen::Sizes<>, int=1, long>, int=16, Eigen::MakePointer> const > const , Eigen::TensorMap<Eigen::TensorFixedSize<float const , Eigen::Sizes<>, int=1, long>, int=16, Eigen::MakePointer> const > const > const > const > const , Eigen::TensorMap<Eigen::Tensor<float, int=1, int=1, long>, int=16, Eigen::MakePointer> const > const , Eigen::TensorCwiseBinaryOp<Eigen::internal::scalar_sum_op<float const , float const >, Eigen::TensorBroadcastingOp<Eigen::array<long, unsigned long=1> const , Eigen::TensorReshapingOp<Eigen::Sizes<> const , Eigen::TensorMap<Eigen::TensorFixedSize<float const , Eigen::Sizes<>, int=1, long>, int=16, Eigen::MakePointer> const > const > const , Eigen::TensorCwiseUnaryOp<Eigen::internal::scalar_sqrt_op<float>, Eigen::TensorMap<Eigen::Tensor<float, int=1, int=1, long>, int=16, Eigen::MakePointer> const > const > const > const > const > const , Eigen::GpuDevice>, long>(float, int=1)",60,"flop_count_sp","Floating Point Operations(Single Precision)",150,486070,104139
"Tesla V100-SXM2-16GB (0)","volta_cgemm_64x64_tn",12,"flop_count_sp","Floating Point Operations(Single Precision)",2295070720,2295070720,2295070720
"Tesla V100-SXM2-16GB (0)","void pointwise_mult_and_sum_complex<float2, int=8, int=4>(float2*, float2*, float2*, int, int, int, int, int, float2)",12,"flop_count_sp","Floating Point Operations(Single Precision)",449839104,449839104,449839104
"Tesla V100-SXM2-16GB (0)","void cudnn::winograd_nonfused::winogradForwardFilter9x9_5x5<float, float>(cudnn::winograd_nonfused::WinogradFilterParams<float, float>)",4,"flop_count_sp","Floating Point Operations(Single Precision)",138240,138240,138240
"Tesla V100-SXM2-16GB (0)","void fft2d_r2c_32x32<float, unsigned int=1, bool=0>(float2*, float const *, int, int, int, int, int, int, int, int, int, cudnn::reduced_divisor, bool)",4,"flop_count_sp","Floating Point Operations(Single Precision)",46235648,46235648,46235648
"Tesla V100-SXM2-16GB (0)","cudnn::gemm::computeOffsetsKernel(cudnn::gemm::ComputeOffsetsParams)",10,"flop_count_sp","Floating Point Operations(Single Precision)",0,0,0
"Tesla V100-SXM2-16GB (0)","void tensorflow::functor::FillPhiloxRandomKernelLaunch<tensorflow::random::NormalDistribution<tensorflow::random::PhiloxRandom, float>>(tensorflow::random::PhiloxRandom, tensorflow::random::PhiloxRandomResultElementType*, __int64, tensorflow::functor::FillPhiloxRandomKernelLaunch<tensorflow::random::NormalDistribution<tensorflow::random::PhiloxRandom, float>>)",3,"flop_count_sp","Floating Point Operations(Single Precision)",20378949,20798343,20522728
"Tesla V100-SXM2-16GB (0)","void fft2d_r2c_32x32<float, unsigned int=5, bool=0>(float2*, float const *, int, int, int, int, int, int, int, int, int, cudnn::reduced_divisor, bool)",6,"flop_count_sp","Floating Point Operations(Single Precision)",1835520,1835520,1835520
"Tesla V100-SXM2-16GB (0)","void tensorflow::functor::ColumnReduceMax16ColumnsKernel<float*, float*, tensorflow::functor::Sum<float>>(float*, float*, int, int, float, std::iterator_traits<tensorflow::functor::ColumnReduceMax16ColumnsKernel<float*, float*, tensorflow::functor::Sum<float>>>::value_type)",10,"flop_count_sp","Floating Point Operations(Single Precision)",416056,416056,416056
"Tesla V100-SXM2-16GB (0)","void cudnn::winograd_nonfused::winogradWgradDelta9x9_5x5<float, float>(cudnn::winograd_nonfused::WinogradDeltaParams<float, float>)",2,"flop_count_sp","Floating Point Operations(Single Precision)",16574976,16574976,16574976
"Tesla V100-SXM2-16GB (0)","void cudnn::winograd_nonfused::winogradWgradOutput9x9_5x5<float, float>(cudnn::winograd_nonfused::WinogradWgradOutputParams<float, float>)",2,"flop_count_sp","Floating Point Operations(Single Precision)",219936,219936,219936
"Tesla V100-SXM2-16GB (0)","void cudnn::detail::dgrad_engine<float, int=128, int=6, int=7, int=3, int=3, int=5, bool=1>(int, int, int, float const *, int, float const , int, cudnn::detail::dgrad_engine<float, int=128, int=6, int=7, int=3, int=3, int=5, bool=1>*, kernel_grad_params, int, int, float, int, int, int)",12,"flop_count_sp","Floating Point Operations(Single Precision)",340664320,340664320,340664320
"Tesla V100-SXM2-16GB (0)","void Eigen::internal::EigenMetaKernel<Eigen::TensorEvaluator<Eigen::TensorAssignOp<Eigen::TensorMap<Eigen::Tensor<float, int=1, int=1, int>, int=16, Eigen::MakePointer>, Eigen::TensorCwiseUnaryOp<Eigen::internal::scalar_square_op<float>, Eigen::TensorMap<Eigen::Tensor<float const , int=1, int=1, int>, int=16, Eigen::MakePointer> const > const > const , Eigen::GpuDevice>, int>(float, int=1)",10,"flop_count_sp","Floating Point Operations(Single Precision)",169344,169344,169344
"Tesla V100-SXM2-16GB (0)","void Eigen::internal::EigenMetaKernel<Eigen::TensorEvaluator<Eigen::TensorAssignOp<Eigen::TensorMap<Eigen::Tensor<float, int=1, int=1, long>, int=16, Eigen::MakePointer>, Eigen::TensorCwiseBinaryOp<Eigen::internal::scalar_max_op<float const , float const >, Eigen::TensorMap<Eigen::Tensor<float const , int=1, int=1, long>, int=16, Eigen::MakePointer> const , Eigen::TensorCwiseNullaryOp<Eigen::internal::scalar_constant_op<float const >, Eigen::TensorMap<Eigen::Tensor<float const , int=1, int=1, long>, int=16, Eigen::MakePointer> const > const > const > const , Eigen::GpuDevice>, long>(float, int=1)",20,"flop_count_sp","Floating Point Operations(Single Precision)",0,0,0
"Tesla V100-SXM2-16GB (0)","void cudnn::detail::implicit_convolve_sgemm<float, float, int=128, int=5, int=5, int=3, int=3, int=3, int=1, bool=1, bool=0, bool=1>(int, int, int, float const *, int, float*, cudnn::detail::implicit_convolve_sgemm<float, float, int=128, int=5, int=5, int=3, int=3, int=3, int=1, bool=1, bool=0, bool=1>*, kernel_conv_params, int, float, float, int, float, float, int, int)",4,"flop_count_sp","Floating Point Operations(Single Precision)",2544640000,2890306944,2717473472
"Tesla V100-SXM2-16GB (0)","void fft2d_r2c_64x64<float>(float2*, float const *, int, int, int, int, int, int, int, int)",28,"flop_count_sp","Floating Point Operations(Single Precision)",24809472,1058537472,111051922
"Tesla V100-SXM2-16GB (0)","void fft2d_c2r_32x32<float, bool=0, unsigned int=0, bool=0, bool=0>(float*, float2 const *, int, int, int, int, int, int, int, int, int, float, float, cudnn::reduced_divisor, bool, float*, float*)",16,"flop_count_sp","Floating Point Operations(Single Precision)",93036544,186073088,149213184
"Tesla V100-SXM2-16GB (0)","volta_cgemm_32x32_tn",2,"flop_count_sp","Floating Point Operations(Single Precision)",1167589376,1167589376,1167589376
"Tesla V100-SXM2-16GB (0)","void cudnn::detail::implicit_convolve_sgemm<float, float, int=1024, int=5, int=5, int=3, int=3, int=3, int=1, bool=1, bool=0, bool=1>(int, int, int, float const *, int, float*, cudnn::detail::implicit_convolve_sgemm<float, float, int=1024, int=5, int=5, int=3, int=3, int=3, int=1, bool=1, bool=0, bool=1>*, kernel_conv_params, int, float, float, int, float, float, int, int)",12,"flop_count_sp","Floating Point Operations(Single Precision)",330240000,330240000,330240000
"Tesla V100-SXM2-16GB (0)","void fft1d_r2c_32<float, float, float2, bool=0, bool=0>(float2*, float const *, int, int3, int3, int2, int2)",6,"flop_count_sp","Floating Point Operations(Single Precision)",729088,72908800,36697429
"Tesla V100-SXM2-16GB (0)","void tensorflow::functor::CleanupSegments<float*, float*, tensorflow::functor::Sum<float>>(float*, float*, int, int, int, float, std::iterator_traits<tensorflow::functor::CleanupSegments<float*, float*, tensorflow::functor::Sum<float>>>::value_type)",30,"flop_count_sp","Floating Point Operations(Single Precision)",1560,266240,133640
"Tesla V100-SXM2-16GB (0)","void tensorflow::functor::SwapDimension1And2InTensor3UsingTiles<unsigned int, int=128, int=128, int=3, bool=0>(unsigned int const *, tensorflow::functor::Dimension<int=3>, tensorflow::functor::SwapDimension1And2InTensor3UsingTiles<unsigned int, int=128, int=128, int=3, bool=0>*)",10,"flop_count_sp","Floating Point Operations(Single Precision)",0,0,0
"Tesla V100-SXM2-16GB (0)","void fft1d_r2c_32<float, float, float2, bool=1, bool=0>(float2*, float const *, int, int3, int3, int2, int2)",2,"flop_count_sp","Floating Point Operations(Single Precision)",729088,729088,729088
"Tesla V100-SXM2-16GB (0)","void cudnn::winograd_nonfused::winogradForwardOutput9x9_5x5<float, float>(cudnn::winograd_nonfused::WinogradOutputParams<float, float>)",4,"flop_count_sp","Floating Point Operations(Single Precision)",13661568,147984384,80822976
"Tesla V100-SXM2-16GB (0)","void im2col4d_kernel<float, int>(im2col4d_params, cudnnConvolutionStruct, cudnnTensor4dStruct, float const *, float*, int)",6,"flop_count_sp","Floating Point Operations(Single Precision)",0,0,0
"Tesla V100-SXM2-16GB (0)","void Eigen::internal::EigenMetaKernel<Eigen::TensorEvaluator<Eigen::TensorAssignOp<Eigen::TensorMap<Eigen::Tensor<float, int=3, int=1, int>, int=16, Eigen::MakePointer>, Eigen::TensorCwiseBinaryOp<Eigen::internal::scalar_sum_op<float, float>, Eigen::TensorBroadcastingOp<Eigen::array<long, unsigned long=3> const , Eigen::TensorMap<Eigen::Tensor<float const , int=3, int=1, int>, int=16, Eigen::MakePointer> const > const , Eigen::TensorBroadcastingOp<Eigen::array<long, unsigned long=3> const , Eigen::TensorMap<Eigen::Tensor<float const , int=3, int=1, int>, int=16, Eigen::MakePointer> const > const > const > const , Eigen::GpuDevice>, int>(float, int=3)",30,"flop_count_sp","Floating Point Operations(Single Precision)",169344,5120000,2616448
"Tesla V100-SXM2-16GB (0)","void cudnn::winograd_nonfused::winogradForwardData9x9_5x5<float, float>(cudnn::winograd_nonfused::WinogradDataParams<float, float>)",6,"flop_count_sp","Floating Point Operations(Single Precision)",22441344,239542272,167175296
"Tesla V100-SXM2-16GB (0)","compute_gemm_pointers(float2**, float2 const *, int, float2 const *, int, float2 const *, int, int)",24,"flop_count_sp","Floating Point Operations(Single Precision)",0,0,0
"Tesla V100-SXM2-16GB (0)","void Eigen::internal::EigenMetaKernel<Eigen::TensorEvaluator<Eigen::TensorAssignOp<Eigen::TensorMap<Eigen::Tensor<float, int=1, int=1, long>, int=16, Eigen::MakePointer>, Eigen::TensorCwiseBinaryOp<Eigen::internal::scalar_sum_op<float, float>, Eigen::TensorMap<Eigen::Tensor<float, int=1, int=1, long>, int=16, Eigen::MakePointer> const , Eigen::TensorCwiseBinaryOp<Eigen::internal::scalar_product_op<float, float>, Eigen::TensorBroadcastingOp<Eigen::array<long, unsigned long=1> const , Eigen::TensorReshapingOp<Eigen::Sizes<> const , Eigen::TensorCwiseBinaryOp<Eigen::internal::scalar_difference_op<float const , float const >, Eigen::TensorCwiseNullaryOp<Eigen::internal::scalar_constant_op<float const >, Eigen::TensorMap<Eigen::TensorFixedSize<float const , Eigen::Sizes<>, int=1, long>, int=16, Eigen::MakePointer> const > const , Eigen::TensorMap<Eigen::TensorFixedSize<float const , Eigen::Sizes<>, int=1, long>, int=16, Eigen::MakePointer> const > const > const > const , Eigen::TensorCwiseBinaryOp<Eigen::internal::scalar_difference_op<float, float>, Eigen::TensorCwiseUnaryOp<Eigen::internal::scalar_square_op<float const >, Eigen::TensorMap<Eigen::Tensor<float const , int=1, int=1, long>, int=16, Eigen::MakePointer> const > const , Eigen::TensorMap<Eigen::Tensor<float, int=1, int=1, long>, int=16, Eigen::MakePointer> const > const > const > const > const , Eigen::GpuDevice>, long>(float, int=1)",60,"flop_count_sp","Floating Point Operations(Single Precision)",15,66096,14237
"Tesla V100-SXM2-16GB (0)","void fft2d_c2r_64x64<float, bool=0>(float*, float2*, int, int, int, int, int, int, int, int, int, int, float, float, int, float*, float*)",14,"flop_count_sp","Floating Point Operations(Single Precision)",24014016,1029054464,885477257
"Tesla V100-SXM2-16GB (0)","void tensorflow::functor::ShuffleInTensor3Simple<float, int=2, int=1, int=0, bool=0>(int, float const *, tensorflow::functor::Dimension<int=3>, tensorflow::functor::ShuffleInTensor3Simple<float, int=2, int=1, int=0, bool=0>*)",80,"flop_count_sp","Floating Point Operations(Single Precision)",0,0,0
"Tesla V100-SXM2-16GB (0)","void fft1d_c2r_32<float2, float, float, bool=0, bool=1, bool=0, bool=0>(float*, float2 const *, int, int3, int3, int2, int, float, float, float*, float*)",4,"flop_count_sp","Floating Point Operations(Single Precision)",35430400,70860800,53145600
"Tesla V100-SXM2-16GB (0)","void tensorflow::functor::ColumnReduceKernel<float*, float*, tensorflow::functor::Sum<float>>(float*, float*, int, int, float, std::iterator_traits<tensorflow::functor::ColumnReduceKernel<float*, float*, tensorflow::functor::Sum<float>>>::value_type)",20,"flop_count_sp","Floating Point Operations(Single Precision)",2558976,5117952,3838464
"Tesla V100-SXM2-16GB (0)","volta_gcgemm_32x32_nt",12,"flop_count_sp","Floating Point Operations(Single Precision)",256245760,709376000,404750506
"Tesla V100-SXM2-16GB (0)","volta_sgemm_128x64_nn",4,"flop_count_sp","Floating Point Operations(Single Precision)",809902080,3191152640,2000527360
"Tesla V100-SXM2-16GB (0)","void Eigen::internal::EigenMetaKernel<Eigen::TensorEvaluator<Eigen::TensorAssignOp<Eigen::TensorMap<Eigen::Tensor<float, int=1, int=1, int>, int=16, Eigen::MakePointer>, Eigen::TensorCwiseUnaryOp<Eigen::internal::scalar_right<float, float, Eigen::internal::scalar_quotient_op<float, float>>, Eigen::TensorMap<Eigen::Tensor<float const , int=1, int=1, int>, int=16, Eigen::MakePointer> const > const > const , Eigen::GpuDevice>, int>(float, int=1)",10,"flop_count_sp","Floating Point Operations(Single Precision)",2540160,2540160,2540160
"Tesla V100-SXM2-16GB (0)","volta_scudnn_128x64_stridedB_medium_nn_v1",2,"flop_count_sp","Floating Point Operations(Single Precision)",824320000,824320000,824320000
"Tesla V100-SXM2-16GB (0)","volta_sgemm_128x64_nt",2,"flop_count_sp","Floating Point Operations(Single Precision)",211820544,211820544,211820544
"Tesla V100-SXM2-16GB (0)","volta_cgemm_64x32_tn",8,"flop_count_sp","Floating Point Operations(Single Precision)",311951360,2308440064,1520762880
"Tesla V100-SXM2-16GB (0)","cudnn::gemm::computeWgradSplitKOffsetsKernel(cudnn::gemm::ComputeOffsetsParams)",12,"flop_count_sp","Floating Point Operations(Single Precision)",0,0,0
"Tesla V100-SXM2-16GB (0)","void Eigen::internal::EigenMetaKernel<Eigen::TensorEvaluator<Eigen::TensorAssignOp<Eigen::TensorMap<Eigen::Tensor<float, int=4, int=1, int>, int=16, Eigen::MakePointer>, Eigen::TensorBroadcastingOp<Eigen::array<int, unsigned long=4> const , Eigen::TensorMap<Eigen::Tensor<float const , int=4, int=1, int>, int=16, Eigen::MakePointer> const > const > const , Eigen::GpuDevice>, int>(float, int=4)",10,"flop_count_sp","Floating Point Operations(Single Precision)",0,0,0
"Tesla V100-SXM2-16GB (0)","void Eigen::internal::EigenMetaKernel<Eigen::TensorEvaluator<Eigen::TensorAssignOp<Eigen::TensorMap<Eigen::Tensor<float, int=1, int=1, long>, int=16, Eigen::MakePointer>, Eigen::TensorCwiseBinaryOp<Eigen::internal::scalar_sum_op<float, float>, Eigen::TensorMap<Eigen::Tensor<float, int=1, int=1, long>, int=16, Eigen::MakePointer> const , Eigen::TensorCwiseBinaryOp<Eigen::internal::scalar_product_op<float, float>, Eigen::TensorBroadcastingOp<Eigen::array<long, unsigned long=1> const , Eigen::TensorReshapingOp<Eigen::Sizes<> const , Eigen::TensorCwiseBinaryOp<Eigen::internal::scalar_difference_op<float const , float const >, Eigen::TensorCwiseNullaryOp<Eigen::internal::scalar_constant_op<float const >, Eigen::TensorMap<Eigen::TensorFixedSize<float const , Eigen::Sizes<>, int=1, long>, int=16, Eigen::MakePointer> const > const , Eigen::TensorMap<Eigen::TensorFixedSize<float const , Eigen::Sizes<>, int=1, long>, int=16, Eigen::MakePointer> const > const > const > const , Eigen::TensorCwiseBinaryOp<Eigen::internal::scalar_difference_op<float const , float const >, Eigen::TensorMap<Eigen::Tensor<float const , int=1, int=1, long>, int=16, Eigen::MakePointer> const , Eigen::TensorMap<Eigen::Tensor<float, int=1, int=1, long>, int=16, Eigen::MakePointer> const > const > const > const > const , Eigen::GpuDevice>, long>(float, int=1)",60,"flop_count_sp","Floating Point Operations(Single Precision)",12,50544,10887
"Tesla V100-SXM2-16GB (0)","void fft2d_r2c_32x32<float, unsigned int=0, bool=0>(float2*, float const *, int, int, int, int, int, int, int, int, int, cudnn::reduced_divisor, bool)",58,"flop_count_sp","Floating Point Operations(Single Precision)",8669184,184942592,64171890
"Tesla V100-SXM2-16GB (0)","void fft2d_r2c_32x32<float, unsigned int=1, bool=1>(float2*, float const *, int, int, int, int, int, int, int, int, int, cudnn::reduced_divisor, bool)",2,"flop_count_sp","Floating Point Operations(Single Precision)",4334592,4334592,4334592
"Tesla V100-SXM2-16GB (0)","void fft2d_r2c_32x32<float, unsigned int=5, bool=1>(float2*, float const *, int, int, int, int, int, int, int, int, int, cudnn::reduced_divisor, bool)",12,"flop_count_sp","Floating Point Operations(Single Precision)",1835520,1835520,1835520
"Tesla V100-SXM2-16GB (0)","void tensorflow::functor::SwapDimension1And2InTensor3UsingTiles<unsigned int, int=256, int=32, int=32, bool=0>(unsigned int const *, tensorflow::functor::Dimension<int=3>, tensorflow::functor::SwapDimension1And2InTensor3UsingTiles<unsigned int, int=256, int=32, int=32, bool=0>*)",40,"flop_count_sp","Floating Point Operations(Single Precision)",0,0,0
"Tesla V100-SXM2-16GB (0)","volta_scudnn_128x64_relu_interior_nn_v1",4,"flop_count_sp","Floating Point Operations(Single Precision)",665600000,2549760000,1607680000
"Tesla V100-SXM2-16GB (0)","volta_scudnn_128x64_stridedB_splitK_interior_nn_v1",12,"flop_count_sp","Floating Point Operations(Single Precision)",1311334400,6477520896,3470508032
"Tesla V100-SXM2-16GB (0)","void cudnn::detail::dgrad_engine<float, int=128, int=6, int=8, int=3, int=3, int=5, bool=1>(int, int, int, float const *, int, float const , int, cudnn::detail::dgrad_engine<float, int=128, int=6, int=8, int=3, int=3, int=5, bool=1>*, kernel_grad_params, int, int, float, int, int, int)",12,"flop_count_sp","Floating Point Operations(Single Precision)",372314112,372314112,372314112
"Tesla V100-SXM2-16GB (0)","volta_gcgemm_64x32_nt",14,"flop_count_sp","Floating Point Operations(Single Precision)",254017536,902430720,809800265
"Tesla V100-SXM2-16GB (0)","void tensorflow::functor::CleanupSegments<float*, tensorflow::TransformOutputIterator<float, float, tensorflow::functor::DividesBy<float, float>, long>, tensorflow::functor::Sum<float>>(float*, float, int, int, int, float, std::iterator_traits<tensorflow::functor::CleanupSegments<float*, tensorflow::TransformOutputIterator<float, float, tensorflow::functor::DividesBy<float, float>, long>, tensorflow::functor::Sum<float>>>::value_type)",10,"flop_count_sp","Floating Point Operations(Single Precision)",145,145,145
"Tesla V100-SXM2-16GB (0)","void transpose_readWrite_alignment_kernel<float2, float2, int=1, bool=0, int=6, int=4, int=4>(cublasTransposeParams<float2>, float2 const *, float2*, float2 const *)",6,"flop_count_sp","Floating Point Operations(Single Precision)",2433024,103809024,37036032
"Tesla V100-SXM2-16GB (0)","void tensorflow::functor::BlockReduceKernel<float*, float*, int=256, tensorflow::functor::Sum<float>>(float*, float*, int, float, std::iterator_traits<tensorflow::functor::BlockReduceKernel<float*, float*, int=256, tensorflow::functor::Sum<float>>>::value_type)",10,"flop_count_sp","Floating Point Operations(Single Precision)",194656,194656,194656
"Tesla V100-SXM2-16GB (0)","void Eigen::internal::EigenMetaKernel<Eigen::TensorEvaluator<Eigen::TensorAssignOp<Eigen::TensorMap<Eigen::Tensor<float, int=1, int=1, int>, int=16, Eigen::MakePointer>, Eigen::TensorCwiseUnaryOp<Eigen::internal::scalar_opposite_op<float>, Eigen::TensorMap<Eigen::Tensor<float const , int=1, int=1, int>, int=16, Eigen::MakePointer> const > const > const , Eigen::GpuDevice>, int>(float, int=1)",10,"flop_count_sp","Floating Point Operations(Single Precision)",169344,169344,169344
"Tesla V100-SXM2-16GB (0)","void fft2d_c2r_32x32<float, bool=0, unsigned int=1, bool=0, bool=0>(float*, float2 const *, int, int, int, int, int, int, int, int, int, float, float, cudnn::reduced_divisor, bool, float*, float*)",28,"flop_count_sp","Floating Point Operations(Single Precision)",2103840,44746752,8448370
"Tesla V100-SXM2-16GB (0)","void Eigen::internal::EigenMetaKernel<Eigen::TensorEvaluator<Eigen::TensorAssignOp<Eigen::TensorMap<Eigen::Tensor<float, int=1, int=1, long>, int=16, Eigen::MakePointer>, Eigen::TensorCwiseBinaryOp<Eigen::internal::scalar_product_op<float const , float const >, Eigen::TensorMap<Eigen::Tensor<float const , int=1, int=1, long>, int=16, Eigen::MakePointer> const , Eigen::TensorConversionOp<float, Eigen::TensorCwiseBinaryOp<Eigen::internal::scalar_cmp_op<float const , float const , Eigen::internal::ComparisonName>, Eigen::TensorMap<Eigen::Tensor<float const , int=1, int=1, long>, int=16, Eigen::MakePointer> const , Eigen::TensorCwiseNullaryOp<Eigen::internal::scalar_constant_op<float const >, Eigen::TensorMap<Eigen::Tensor<float const , int=1, int=1, long>, int=16, Eigen::MakePointer> const > const > const > const > const > const , Eigen::GpuDevice>, long>(float, int=1)",20,"flop_count_sp","Floating Point Operations(Single Precision)",0,0,0
"Tesla V100-SXM2-16GB (0)","volta_cgemm_32x64_tn",2,"flop_count_sp","Floating Point Operations(Single Precision)",8910274560,8910274560,8910274560
