==12430== NVPROF is profiling process 12430, command: python main.py --epoch=100000000 --data_dir=/home/keshavsanthanam/data/srcnn_data --checkpoint_dir=/tmp/srcnn_checkpoint_VKCK5J --max_steps=10
2019-01-26 16:44:57.224962: I tensorflow/stream_executor/cuda/cuda_gpu_executor.cc:964] successful NUMA node read from SysFS had negative value (-1), but there must be at least one NUMA node, so returning NUMA node zero
2019-01-26 16:44:57.225535: I tensorflow/core/common_runtime/gpu/gpu_device.cc:1432] Found device 0 with properties: 
name: Tesla V100-SXM2-16GB major: 7 minor: 0 memoryClockRate(GHz): 1.53
pciBusID: 0000:00:04.0
totalMemory: 15.75GiB freeMemory: 15.31GiB
2019-01-26 16:44:57.225561: I tensorflow/core/common_runtime/gpu/gpu_device.cc:1511] Adding visible gpu devices: 0
2019-01-26 16:44:58.059706: I tensorflow/core/common_runtime/gpu/gpu_device.cc:982] Device interconnect StreamExecutor with strength 1 edge matrix:
2019-01-26 16:44:58.059753: I tensorflow/core/common_runtime/gpu/gpu_device.cc:988]      0 
2019-01-26 16:44:58.059761: I tensorflow/core/common_runtime/gpu/gpu_device.cc:1001] 0:   N 
2019-01-26 16:44:58.060109: I tensorflow/core/common_runtime/gpu/gpu_device.cc:1115] Created TensorFlow device (/job:localhost/replica:0/task:0/device:GPU:0 with 14809 MB memory) -> physical GPU (device: 0, name: Tesla V100-SXM2-16GB, pci bus id: 0000:00:04.0, compute capability: 7.0)
2019-01-26 16:44:58.061930: I tensorflow/core/common_runtime/process_util.cc:69] Creating new thread pool with default inter op setting: 2. Tune using inter_op_parallelism_threads for best performance.
['/home/keshavsanthanam/data/srcnn_data/t26.bmp', '/home/keshavsanthanam/data/srcnn_data/t9.bmp', '/home/keshavsanthanam/data/srcnn_data/t28.bmp', '/home/keshavsanthanam/data/srcnn_data/tt8.bmp', '/home/keshavsanthanam/data/srcnn_data/t39.bmp', '/home/keshavsanthanam/data/srcnn_data/t13.bmp', '/home/keshavsanthanam/data/srcnn_data/tt27.bmp', '/home/keshavsanthanam/data/srcnn_data/tt4.bmp', '/home/keshavsanthanam/data/srcnn_data/t31.bmp', '/home/keshavsanthanam/data/srcnn_data/t52.bmp', '/home/keshavsanthanam/data/srcnn_data/t61.bmp', '/home/keshavsanthanam/data/srcnn_data/tt13.bmp', '/home/keshavsanthanam/data/srcnn_data/t2.bmp', '/home/keshavsanthanam/data/srcnn_data/t21.bmp', '/home/keshavsanthanam/data/srcnn_data/t65.bmp', '/home/keshavsanthanam/data/srcnn_data/t44.bmp', '/home/keshavsanthanam/data/srcnn_data/t5.bmp', '/home/keshavsanthanam/data/srcnn_data/t53.bmp', '/home/keshavsanthanam/data/srcnn_data/t19.bmp', '/home/keshavsanthanam/data/srcnn_data/tt10.bmp', '/home/keshavsanthanam/data/srcnn_data/t7.bmp', '/home/keshavsanthanam/data/srcnn_data/t17.bmp', '/home/keshavsanthanam/data/srcnn_data/t66.bmp', '/home/keshavsanthanam/data/srcnn_data/t33.bmp', '/home/keshavsanthanam/data/srcnn_data/t12.bmp', '/home/keshavsanthanam/data/srcnn_data/t35.bmp', '/home/keshavsanthanam/data/srcnn_data/tt19.bmp', '/home/keshavsanthanam/data/srcnn_data/tt5.bmp', '/home/keshavsanthanam/data/srcnn_data/tt3.bmp', '/home/keshavsanthanam/data/srcnn_data/tt26.bmp', '/home/keshavsanthanam/data/srcnn_data/tt2.bmp', '/home/keshavsanthanam/data/srcnn_data/t64.bmp', '/home/keshavsanthanam/data/srcnn_data/t48.bmp', '/home/keshavsanthanam/data/srcnn_data/tt22.bmp', '/home/keshavsanthanam/data/srcnn_data/t49.bmp', '/home/keshavsanthanam/data/srcnn_data/t45.bmp', '/home/keshavsanthanam/data/srcnn_data/t47.bmp', '/home/keshavsanthanam/data/srcnn_data/t38.bmp', '/home/keshavsanthanam/data/srcnn_data/t54.bmp', '/home/keshavsanthanam/data/srcnn_data/t4.bmp', '/home/keshavsanthanam/data/srcnn_data/tt12.bmp', '/home/keshavsanthanam/data/srcnn_data/tt17.bmp', '/home/keshavsanthanam/data/srcnn_data/t27.bmp', '/home/keshavsanthanam/data/srcnn_data/t58.bmp', '/home/keshavsanthanam/data/srcnn_data/t14.bmp', '/home/keshavsanthanam/data/srcnn_data/t10.bmp', '/home/keshavsanthanam/data/srcnn_data/t43.bmp', '/home/keshavsanthanam/data/srcnn_data/tt9.bmp', '/home/keshavsanthanam/data/srcnn_data/t30.bmp', '/home/keshavsanthanam/data/srcnn_data/t51.bmp', '/home/keshavsanthanam/data/srcnn_data/tt15.bmp', '/home/keshavsanthanam/data/srcnn_data/tt18.bmp', '/home/keshavsanthanam/data/srcnn_data/tt24.bmp', '/home/keshavsanthanam/data/srcnn_data/tt1.bmp', '/home/keshavsanthanam/data/srcnn_data/t1.bmp', '/home/keshavsanthanam/data/srcnn_data/tt7.bmp', '/home/keshavsanthanam/data/srcnn_data/tt23.bmp', '/home/keshavsanthanam/data/srcnn_data/t57.bmp', '/home/keshavsanthanam/data/srcnn_data/t3.bmp', '/home/keshavsanthanam/data/srcnn_data/t25.bmp', '/home/keshavsanthanam/data/srcnn_data/t23.bmp', '/home/keshavsanthanam/data/srcnn_data/t37.bmp', '/home/keshavsanthanam/data/srcnn_data/tt21.bmp', '/home/keshavsanthanam/data/srcnn_data/tt25.bmp', '/home/keshavsanthanam/data/srcnn_data/t46.bmp', '/home/keshavsanthanam/data/srcnn_data/t29.bmp', '/home/keshavsanthanam/data/srcnn_data/t32.bmp', '/home/keshavsanthanam/data/srcnn_data/t34.bmp', '/home/keshavsanthanam/data/srcnn_data/t20.bmp', '/home/keshavsanthanam/data/srcnn_data/t22.bmp', '/home/keshavsanthanam/data/srcnn_data/t55.bmp', '/home/keshavsanthanam/data/srcnn_data/t24.bmp', '/home/keshavsanthanam/data/srcnn_data/tt6.bmp', '/home/keshavsanthanam/data/srcnn_data/t15.bmp', '/home/keshavsanthanam/data/srcnn_data/tt16.bmp', '/home/keshavsanthanam/data/srcnn_data/t62.bmp', '/home/keshavsanthanam/data/srcnn_data/tt20.bmp', '/home/keshavsanthanam/data/srcnn_data/t60.bmp', '/home/keshavsanthanam/data/srcnn_data/t63.bmp', '/home/keshavsanthanam/data/srcnn_data/tt14.bmp', '/home/keshavsanthanam/data/srcnn_data/t40.bmp', '/home/keshavsanthanam/data/srcnn_data/t6.bmp', '/home/keshavsanthanam/data/srcnn_data/t8.bmp', '/home/keshavsanthanWARNING:tensorflow:From /home/keshavsanthanam/.local/lib/python2.7/site-packages/tensorflow/python/util/tf_should_use.py:189: initialize_all_variables (from tensorflow.python.ops.variables) is deprecated and will be removed after 2017-03-02.
Instructions for updating:
Use `tf.global_variables_initializer` instead.
am/data/srcnn_data/t18.bmp', '/home/keshavsanthanam/data/srcnn_data/t16.bmp', '/home/keshavsanthanam/data/srcnn_data/t59.bmp', '/home/keshavsanthanam/data/srcnn_data/t56.bmp', '/home/keshavsanthanam/data/srcnn_data/t42.bmp', '/home/keshavsanthanam/data/srcnn_data/t50.bmp', '/home/keshavsanthanam/data/srcnn_data/t36.bmp', '/home/keshavsanthanam/data/srcnn_data/t11.bmp']
Now Start Training...
Epoch: [ 1], step: [10], time: [9.3853], loss: [0.35995260]
136.383682246
==12430== Profiling application: python main.py --epoch=100000000 --data_dir=/home/keshavsanthanam/data/srcnn_data --checkpoint_dir=/tmp/srcnn_checkpoint_VKCK5J --max_steps=10
==12430== Profiling result:
==12430== Metric result:
"Device","Kernel","Invocations","Metric Name","Metric Description","Min","Max","Avg"
"Tesla V100-SXM2-16GB (0)","void tensorflow::functor::SwapDimension1And2InTensor3UsingTiles<unsigned int, int=128, int=3, int=128, bool=0>(unsigned int const *, tensorflow::functor::Dimension<int=3>, tensorflow::functor::SwapDimension1And2InTensor3UsingTiles<unsigned int, int=128, int=3, int=128, bool=0>*)",10,"l2_write_throughput","L2 Throughput (Writes)",98.324651GB/s,102.273432GB/s,100.419552GB/s
"Tesla V100-SXM2-16GB (0)","void Eigen::internal::EigenMetaKernel<Eigen::TensorEvaluator<Eigen::TensorAssignOp<Eigen::TensorMap<Eigen::Tensor<float, int=1, int=1, int>, int=16, Eigen::MakePointer>, Eigen::TensorCwiseUnaryOp<Eigen::internal::scalar_right<float, float, Eigen::internal::scalar_product_op<float, float>>, Eigen::TensorMap<Eigen::Tensor<float const , int=1, int=1, int>, int=16, Eigen::MakePointer> const > const > const , Eigen::GpuDevice>, int>(float, int=1)",33,"l2_write_throughput","L2 Throughput (Writes)",127.657191MB/s,138.937587GB/s,48.155580GB/s
"Tesla V100-SXM2-16GB (0)","void tensorflow::functor::SwapDimension1And2InTensor3UsingTiles<unsigned int, int=512, int=512, int=3, bool=0>(unsigned int const *, tensorflow::functor::Dimension<int=3>, tensorflow::functor::SwapDimension1And2InTensor3UsingTiles<unsigned int, int=512, int=512, int=3, bool=0>*)",10,"l2_write_throughput","L2 Throughput (Writes)",199.351008GB/s,207.102514GB/s,202.358373GB/s
"Tesla V100-SXM2-16GB (0)","void flip_filter<float, float>(float*, float const *, int, int, int, int)",12,"l2_write_throughput","L2 Throughput (Writes)",2.780067GB/s,722.597693GB/s,666.400064GB/s
"Tesla V100-SXM2-16GB (0)","void Eigen::internal::EigenMetaKernel<Eigen::TensorEvaluator<Eigen::TensorAssignOp<Eigen::TensorMap<Eigen::Tensor<float, int=1, int=1, int>, int=16, Eigen::MakePointer>, Eigen::TensorCwiseBinaryOp<Eigen::internal::scalar_difference_op<float, float>, Eigen::TensorMap<Eigen::Tensor<float const , int=1, int=1, int>, int=16, Eigen::MakePointer> const , Eigen::TensorMap<Eigen::Tensor<float const , int=1, int=1, long>, int=16, Eigen::MakePointer> const > const > const , Eigen::GpuDevice>, long>(float, int=1)",10,"l2_write_throughput","L2 Throughput (Writes)",112.097372GB/s,118.138547GB/s,116.878776GB/s
"Tesla V100-SXM2-16GB (0)","void Eigen::internal::EigenMetaKernel<Eigen::TensorEvaluator<Eigen::TensorAssignOp<Eigen::TensorMap<Eigen::Tensor<float, int=1, int=1, int>, int=16, Eigen::MakePointer>, Eigen::TensorCwiseBinaryOp<Eigen::internal::scalar_product_op<float, float>, Eigen::TensorMap<Eigen::Tensor<float const , int=1, int=1, int>, int=16, Eigen::MakePointer> const , Eigen::TensorMap<Eigen::Tensor<float const , int=1, int=1, long>, int=16, Eigen::MakePointer> const > const > const , Eigen::GpuDevice>, long>(float, int=1)",10,"l2_write_throughput","L2 Throughput (Writes)",113.385847GB/s,117.435342GB/s,115.510172GB/s
"Tesla V100-SXM2-16GB (0)","void cudnn::detail::explicit_convolve_sgemm<float, int, int=1024, int=5, int=5, int=3, int=3, int=3, int=0, bool=1>(int, int, int, float const *, int, float const , int, cudnn::detail::explicit_convolve_sgemm<float, int, int=1024, int=5, int=5, int=3, int=3, int=3, int=0, bool=1>*, kernel_conv_params, int, int, float, float, int, float const *, float const *)",6,"l2_write_throughput","L2 Throughput (Writes)",7.876839GB/s,566.020731GB/s,165.462673GB/s
"Tesla V100-SXM2-16GB (0)","volta_scudnn_128x32_relu_interior_nn_v1",2,"l2_write_throughput","L2 Throughput (Writes)",2.555297GB/s,2.655674GB/s,2.605759GB/s
"Tesla V100-SXM2-16GB (0)","cudnn::gemm::computeBOffsetsKernel(cudnn::gemm::ComputeBOffsetsParams)",4,"l2_write_throughput","L2 Throughput (Writes)",152.587891MB/s,217.504668MB/s,181.460103MB/s
"Tesla V100-SXM2-16GB (0)","void cudnn::detail::wgrad_alg0_engine<float, int=512, int=6, int=5, int=3, int=3, int=3, bool=1, int=512>(int, int, int, float const *, int, cudnn::detail::wgrad_alg0_engine<float, int=512, int=6, int=5, int=3, int=3, int=3, bool=1, int=512>*, float const , kernel_grad_params, int, float, int, int, int, int)",36,"l2_write_throughput","L2 Throughput (Writes)",11.826164GB/s,178.451063GB/s,90.387573GB/s
"Tesla V100-SXM2-16GB (0)","cudnn::gemm::computeWgradBOffsetsKernel(cudnn::gemm::ComputeBOffsetsParams)",12,"l2_write_throughput","L2 Throughput (Writes)",156.462193MB/s,187.328883MB/s,177.618191MB/s
"Tesla V100-SXM2-16GB (0)","void scalePackedTensor_kernel<float, float>(cudnnTensor4dStruct, float*, float)",36,"l2_write_throughput","L2 Throughput (Writes)",2.263830GB/s,534.656701GB/s,476.219526GB/s
"Tesla V100-SXM2-16GB (0)","volta_scudnn_128x64_stridedB_interior_nn_v1",2,"l2_write_throughput","L2 Throughput (Writes)",350.737684GB/s,389.132656GB/s,369.085876GB/s
"Tesla V100-SXM2-16GB (0)","void Eigen::internal::EigenMetaKernel<Eigen::TensorEvaluator<Eigen::TensorAssignOp<Eigen::TensorMap<Eigen::Tensor<float, int=1, int=1, long>, int=16, Eigen::MakePointer>, Eigen::TensorConversionOp<float, Eigen::TensorMap<Eigen::Tensor<int const , int=1, int=1, long>, int=16, Eigen::MakePointer> const > const > const , Eigen::GpuDevice>, long>(float, int=1)",10,"l2_write_throughput","L2 Throughput (Writes)",132.889044MB/s,135.103861MB/s,134.097878MB/s
"Tesla V100-SXM2-16GB (0)","void Eigen::internal::EigenMetaKernel<Eigen::TensorEvaluator<Eigen::TensorAssignOp<Eigen::TensorMap<Eigen::Tensor<float, int=1, int=1, long>, int=16, Eigen::MakePointer>, Eigen::TensorCwiseBinaryOp<Eigen::internal::scalar_difference_op<float, float>, Eigen::TensorMap<Eigen::Tensor<float, int=1, int=1, long>, int=16, Eigen::MakePointer> const , Eigen::TensorCwiseBinaryOp<Eigen::internal::scalar_quotient_op<float, float>, Eigen::TensorCwiseBinaryOp<Eigen::internal::scalar_product_op<float, float>, Eigen::TensorBroadcastingOp<Eigen::array<long, unsigned long=1> const , Eigen::TensorReshapingOp<Eigen::Sizes<> const , Eigen::TensorCwiseBinaryOp<Eigen::internal::scalar_quotient_op<float, float>, Eigen::TensorCwiseBinaryOp<Eigen::internal::scalar_product_op<float const , float const >, Eigen::TensorMap<Eigen::TensorFixedSize<float const , Eigen::Sizes<>, int=1, long>, int=16, Eigen::MakePointer> const , Eigen::TensorCwiseUnaryOp<Eigen::internal::scalar_sqrt_op<float>, Eigen::TensorCwiseBinaryOp<Eigen::internal::scalar_difference_op<float const , float const >, Eigen::TensorCwiseNullaryOp<Eigen::internal::scalar_constant_op<float const >, Eigen::TensorMap<Eigen::TensorFixedSize<float const , Eigen::Sizes<>, int=1, long>, int=16, Eigen::MakePointer> const > const , Eigen::TensorMap<Eigen::TensorFixedSize<float const , Eigen::Sizes<>, int=1, long>, int=16, Eigen::MakePointer> const > const > const > const , Eigen::TensorCwiseBinaryOp<Eigen::internal::scalar_difference_op<float const , float const >, Eigen::TensorCwiseNullaryOp<Eigen::internal::scalar_constant_op<float const >, Eigen::TensorMap<Eigen::TensorFixedSize<float const , Eigen::Sizes<>, int=1, long>, int=16, Eigen::MakePointer> const > const , Eigen::TensorMap<Eigen::TensorFixedSize<float const , Eigen::Sizes<>, int=1, long>, int=16, Eigen::MakePointer> const > const > const > const > const , Eigen::TensorMap<Eigen::Tensor<float, int=1, int=1, long>, int=16, Eigen::MakePointer> const > const , Eigen::TensorCwiseBinaryOp<Eigen::internal::scalar_sum_op<float const , float const >, Eigen::TensorBroadcastingOp<Eigen::array<long, unsigned long=1> const , Eigen::TensorReshapingOp<Eigen::Sizes<> const , Eigen::TensorMap<Eigen::TensorFixedSize<float const , Eigen::Sizes<>, int=1, long>, int=16, Eigen::MakePointer> const > const > const , Eigen::TensorCwiseUnaryOp<Eigen::internal::scalar_sqrt_op<float>, Eigen::TensorMap<Eigen::Tensor<float, int=1, int=1, long>, int=16, Eigen::MakePointer> const > const > const > const > const > const , Eigen::GpuDevice>, long>(float, int=1)",60,"l2_write_throughput","L2 Throughput (Writes)",82.296768MB/s,8.076957GB/s,1.961411GB/s
"Tesla V100-SXM2-16GB (0)","volta_cgemm_64x64_tn",2,"l2_write_throughput","L2 Throughput (Writes)",4.127034GB/s,4.295113GB/s,4.209662GB/s
"Tesla V100-SXM2-16GB (0)","void pointwise_mult_and_sum_complex<float2, int=8, int=4>(float2*, float2*, float2*, int, int, int, int, int, float2)",2,"l2_write_throughput","L2 Throughput (Writes)",474.538959GB/s,475.660602GB/s,475.099119GB/s
"Tesla V100-SXM2-16GB (0)","void cudnn::winograd_nonfused::winogradForwardFilter9x9_5x5<float, float>(cudnn::winograd_nonfused::WinogradFilterParams<float, float>)",4,"l2_write_throughput","L2 Throughput (Writes)",15.232732GB/s,18.938627GB/s,16.981615GB/s
"Tesla V100-SXM2-16GB (0)","void fft2d_r2c_32x32<float, unsigned int=1, bool=0>(float2*, float const *, int, int, int, int, int, int, int, int, int, cudnn::reduced_divisor, bool)",4,"l2_write_throughput","L2 Throughput (Writes)",315.607056GB/s,384.148874GB/s,351.721003GB/s
"Tesla V100-SXM2-16GB (0)","cudnn::gemm::computeOffsetsKernel(cudnn::gemm::ComputeOffsetsParams)",10,"l2_write_throughput","L2 Throughput (Writes)",812.389232MB/s,1.458054GB/s,1.147574GB/s
"Tesla V100-SXM2-16GB (0)","void tensorflow::functor::FillPhiloxRandomKernelLaunch<tensorflow::random::NormalDistribution<tensorflow::random::PhiloxRandom, float>>(tensorflow::random::PhiloxRandom, tensorflow::random::PhiloxRandomResultElementType*, __int64, tensorflow::functor::FillPhiloxRandomKernelLaunch<tensorflow::random::NormalDistribution<tensorflow::random::PhiloxRandom, float>>)",3,"l2_write_throughput","L2 Throughput (Writes)",267.431436GB/s,343.740392GB/s,305.171509GB/s
"Tesla V100-SXM2-16GB (0)","void fft2d_r2c_32x32<float, unsigned int=5, bool=0>(float2*, float const *, int, int, int, int, int, int, int, int, int, cudnn::reduced_divisor, bool)",6,"l2_write_throughput","L2 Throughput (Writes)",29.335539GB/s,39.020028GB/s,35.311548GB/s
"Tesla V100-SXM2-16GB (0)","void tensorflow::functor::ColumnReduceMax16ColumnsKernel<float*, float*, tensorflow::functor::Sum<float>>(float*, float*, int, int, float, std::iterator_traits<tensorflow::functor::ColumnReduceMax16ColumnsKernel<float*, float*, tensorflow::functor::Sum<float>>>::value_type)",10,"l2_write_throughput","L2 Throughput (Writes)",435.965402MB/s,460.394497MB/s,453.551990MB/s
"Tesla V100-SXM2-16GB (0)","void cudnn::winograd_nonfused::winogradWgradDelta9x9_5x5<float, float>(cudnn::winograd_nonfused::WinogradDeltaParams<float, float>)",2,"l2_write_throughput","L2 Throughput (Writes)",186.045722GB/s,186.275142GB/s,186.160551GB/s
"Tesla V100-SXM2-16GB (0)","void cudnn::winograd_nonfused::winogradWgradOutput9x9_5x5<float, float>(cudnn::winograd_nonfused::WinogradWgradOutputParams<float, float>)",2,"l2_write_throughput","L2 Throughput (Writes)",27.930679GB/s,31.262233GB/s,29.502969GB/s
"Tesla V100-SXM2-16GB (0)","void cudnn::detail::dgrad_engine<float, int=128, int=6, int=7, int=3, int=3, int=5, bool=1>(int, int, int, float const *, int, float const , int, cudnn::detail::dgrad_engine<float, int=128, int=6, int=7, int=3, int=3, int=5, bool=1>*, kernel_grad_params, int, int, float, int, int, int)",12,"l2_write_throughput","L2 Throughput (Writes)",640.311269GB/s,660.548594GB/s,650.434686GB/s
"Tesla V100-SXM2-16GB (0)","void Eigen::internal::EigenMetaKernel<Eigen::TensorEvaluator<Eigen::TensorAssignOp<Eigen::TensorMap<Eigen::Tensor<float, int=1, int=1, int>, int=16, Eigen::MakePointer>, Eigen::TensorCwiseUnaryOp<Eigen::internal::scalar_square_op<float>, Eigen::TensorMap<Eigen::Tensor<float const , int=1, int=1, int>, int=16, Eigen::MakePointer> const > const > const , Eigen::GpuDevice>, int>(float, int=1)",10,"l2_write_throughput","L2 Throughput (Writes)",125.663296GB/s,132.410318GB/s,130.311343GB/s
"Tesla V100-SXM2-16GB (0)","void Eigen::internal::EigenMetaKernel<Eigen::TensorEvaluator<Eigen::TensorAssignOp<Eigen::TensorMap<Eigen::Tensor<float, int=1, int=1, long>, int=16, Eigen::MakePointer>, Eigen::TensorCwiseBinaryOp<Eigen::internal::scalar_max_op<float const , float const >, Eigen::TensorMap<Eigen::Tensor<float const , int=1, int=1, long>, int=16, Eigen::MakePointer> const , Eigen::TensorCwiseNullaryOp<Eigen::internal::scalar_constant_op<float const >, Eigen::TensorMap<Eigen::Tensor<float const , int=1, int=1, long>, int=16, Eigen::MakePointer> const > const > const > const , Eigen::GpuDevice>, long>(float, int=1)",20,"l2_write_throughput","L2 Throughput (Writes)",338.298432GB/s,351.453464GB/s,347.297886GB/s
"Tesla V100-SXM2-16GB (0)","void cudnn::detail::implicit_convolve_sgemm<float, float, int=128, int=5, int=5, int=3, int=3, int=3, int=1, bool=1, bool=0, bool=1>(int, int, int, float const *, int, float*, cudnn::detail::implicit_convolve_sgemm<float, float, int=128, int=5, int=5, int=3, int=3, int=3, int=1, bool=1, bool=0, bool=1>*, kernel_conv_params, int, float, float, int, float, float, int, int)",24,"l2_write_throughput","L2 Throughput (Writes)",6.483046GB/s,277.160994GB/s,125.019201GB/s
"Tesla V100-SXM2-16GB (0)","void fft2d_r2c_64x64<float>(float2*, float const *, int, int, int, int, int, int, int, int)",8,"l2_write_throughput","L2 Throughput (Writes)",128.945310GB/s,554.516314GB/s,491.179494GB/s
"Tesla V100-SXM2-16GB (0)","void fft2d_c2r_32x32<float, bool=0, unsigned int=0, bool=0, bool=0>(float*, float2 const *, int, int, int, int, int, int, int, int, int, float, float, cudnn::reduced_divisor, bool, float*, float*)",16,"l2_write_throughput","L2 Throughput (Writes)",6.247310GB/s,302.080318GB/s,183.384498GB/s
"Tesla V100-SXM2-16GB (0)","volta_cgemm_32x32_tn",2,"l2_write_throughput","L2 Throughput (Writes)",280.853977GB/s,284.085509GB/s,282.460514GB/s
"Tesla V100-SXM2-16GB (0)","void cudnn::detail::implicit_convolve_sgemm<float, float, int=1024, int=5, int=5, int=3, int=3, int=3, int=1, bool=1, bool=0, bool=1>(int, int, int, float const *, int, float*, cudnn::detail::implicit_convolve_sgemm<float, float, int=1024, int=5, int=5, int=3, int=3, int=3, int=1, bool=1, bool=0, bool=1>*, kernel_conv_params, int, float, float, int, float, float, int, int)",12,"l2_write_throughput","L2 Throughput (Writes)",576.726247GB/s,633.075308GB/s,596.378203GB/s
"Tesla V100-SXM2-16GB (0)","void fft1d_r2c_32<float, float, float2, bool=0, bool=0>(float2*, float const *, int, int3, int3, int2, int2)",6,"l2_write_throughput","L2 Throughput (Writes)",16.078089GB/s,234.967988GB/s,215.899809GB/s
"Tesla V100-SXM2-16GB (0)","void tensorflow::functor::CleanupSegments<float*, float*, tensorflow::functor::Sum<float>>(float*, float*, int, int, int, float, std::iterator_traits<tensorflow::functor::CleanupSegments<float*, float*, tensorflow::functor::Sum<float>>>::value_type)",30,"l2_write_throughput","L2 Throughput (Writes)",136.239187MB/s,8.357608GB/s,5.411201GB/s
"Tesla V100-SXM2-16GB (0)","void tensorflow::functor::SwapDimension1And2InTensor3UsingTiles<unsigned int, int=128, int=128, int=3, bool=0>(unsigned int const *, tensorflow::functor::Dimension<int=3>, tensorflow::functor::SwapDimension1And2InTensor3UsingTiles<unsigned int, int=128, int=128, int=3, bool=0>*)",10,"l2_write_throughput","L2 Throughput (Writes)",94.179995GB/s,98.811798GB/s,97.335805GB/s
"Tesla V100-SXM2-16GB (0)","void fft1d_r2c_32<float, float, float2, bool=1, bool=0>(float2*, float const *, int, int3, int3, int2, int2)",2,"l2_write_throughput","L2 Throughput (Writes)",12.724701GB/s,17.678885GB/s,14.928459GB/s
"Tesla V100-SXM2-16GB (0)","void cudnn::winograd_nonfused::winogradForwardOutput9x9_5x5<float, float>(cudnn::winograd_nonfused::WinogradOutputParams<float, float>)",4,"l2_write_throughput","L2 Throughput (Writes)",66.411589GB/s,206.655171GB/s,182.681981GB/s
"Tesla V100-SXM2-16GB (0)","void im2col4d_kernel<float, int>(im2col4d_params, cudnnConvolutionStruct, cudnnTensor4dStruct, float const *, float*, int)",6,"l2_write_throughput","L2 Throughput (Writes)",264.476982GB/s,529.107908GB/s,431.148459GB/s
"Tesla V100-SXM2-16GB (0)","void Eigen::internal::EigenMetaKernel<Eigen::TensorEvaluator<Eigen::TensorAssignOp<Eigen::TensorMap<Eigen::Tensor<float, int=3, int=1, int>, int=16, Eigen::MakePointer>, Eigen::TensorCwiseBinaryOp<Eigen::internal::scalar_sum_op<float, float>, Eigen::TensorBroadcastingOp<Eigen::array<long, unsigned long=3> const , Eigen::TensorMap<Eigen::Tensor<float const , int=3, int=1, int>, int=16, Eigen::MakePointer> const > const , Eigen::TensorBroadcastingOp<Eigen::array<long, unsigned long=3> const , Eigen::TensorMap<Eigen::Tensor<float const , int=3, int=1, int>, int=16, Eigen::MakePointer> const > const > const > const , Eigen::GpuDevice>, int>(float, int=3)",30,"l2_write_throughput","L2 Throughput (Writes)",51.111755GB/s,244.566530GB/s,226.623473GB/s
"Tesla V100-SXM2-16GB (0)","void cudnn::winograd_nonfused::winogradForwardData9x9_5x5<float, float>(cudnn::winograd_nonfused::WinogradDataParams<float, float>)",6,"l2_write_throughput","L2 Throughput (Writes)",191.786265GB/s,385.179783GB/s,339.936251GB/s
"Tesla V100-SXM2-16GB (0)","compute_gemm_pointers(float2**, float2 const *, int, float2 const *, int, float2 const *, int, int)",14,"l2_write_throughput","L2 Throughput (Writes)",9.966361GB/s,26.768149GB/s,14.061773GB/s
"Tesla V100-SXM2-16GB (0)","void Eigen::internal::EigenMetaKernel<Eigen::TensorEvaluator<Eigen::TensorAssignOp<Eigen::TensorMap<Eigen::Tensor<float, int=1, int=1, long>, int=16, Eigen::MakePointer>, Eigen::TensorCwiseBinaryOp<Eigen::internal::scalar_sum_op<float, float>, Eigen::TensorMap<Eigen::Tensor<float, int=1, int=1, long>, int=16, Eigen::MakePointer> const , Eigen::TensorCwiseBinaryOp<Eigen::internal::scalar_product_op<float, float>, Eigen::TensorBroadcastingOp<Eigen::array<long, unsigned long=1> const , Eigen::TensorReshapingOp<Eigen::Sizes<> const , Eigen::TensorCwiseBinaryOp<Eigen::internal::scalar_difference_op<float const , float const >, Eigen::TensorCwiseNullaryOp<Eigen::internal::scalar_constant_op<float const >, Eigen::TensorMap<Eigen::TensorFixedSize<float const , Eigen::Sizes<>, int=1, long>, int=16, Eigen::MakePointer> const > const , Eigen::TensorMap<Eigen::TensorFixedSize<float const , Eigen::Sizes<>, int=1, long>, int=16, Eigen::MakePointer> const > const > const > const , Eigen::TensorCwiseBinaryOp<Eigen::internal::scalar_difference_op<float, float>, Eigen::TensorCwiseUnaryOp<Eigen::internal::scalar_square_op<float const >, Eigen::TensorMap<Eigen::Tensor<float const , int=1, int=1, long>, int=16, Eigen::MakePointer> const > const , Eigen::TensorMap<Eigen::Tensor<float, int=1, int=1, long>, int=16, Eigen::MakePointer> const > const > const > const > const , Eigen::GpuDevice>, long>(float, int=1)",60,"l2_write_throughput","L2 Throughput (Writes)",99.462965MB/s,11.062983GB/s,2.668326GB/s
"Tesla V100-SXM2-16GB (0)","void fft2d_c2r_64x64<float, bool=0>(float*, float2*, int, int, int, int, int, int, int, int, int, int, float, float, int, float*, float*)",4,"l2_write_throughput","L2 Throughput (Writes)",7.816371GB/s,200.230170GB/s,180.857828GB/s
"Tesla V100-SXM2-16GB (0)","void tensorflow::functor::ShuffleInTensor3Simple<float, int=2, int=1, int=0, bool=0>(int, float const *, tensorflow::functor::Dimension<int=3>, tensorflow::functor::ShuffleInTensor3Simple<float, int=2, int=1, int=0, bool=0>*)",80,"l2_write_throughput","L2 Throughput (Writes)",1.285887GB/s,11.853196GB/s,4.091383GB/s
"Tesla V100-SXM2-16GB (0)","void fft1d_c2r_32<float2, float, float, bool=0, bool=1, bool=0, bool=0>(float*, float2 const *, int, int3, int3, int2, int, float, float, float*, float*)",4,"l2_write_throughput","L2 Throughput (Writes)",312.541978GB/s,368.683356GB/s,347.383795GB/s
"Tesla V100-SXM2-16GB (0)","void tensorflow::functor::ColumnReduceKernel<float*, float*, tensorflow::functor::Sum<float>>(float*, float*, int, int, float, std::iterator_traits<tensorflow::functor::ColumnReduceKernel<float*, float*, tensorflow::functor::Sum<float>>>::value_type)",20,"l2_write_throughput","L2 Throughput (Writes)",684.100627MB/s,1.313127GB/s,0.992229GB/s
"Tesla V100-SXM2-16GB (0)","volta_gcgemm_32x32_nt",12,"l2_write_throughput","L2 Throughput (Writes)",150.792489GB/s,562.535951GB/s,411.741406GB/s
"Tesla V100-SXM2-16GB (0)","volta_sgemm_128x64_nn",4,"l2_write_throughput","L2 Throughput (Writes)",1.802378GB/s,27.335515GB/s,6.487351GB/s
"Tesla V100-SXM2-16GB (0)","void Eigen::internal::EigenMetaKernel<Eigen::TensorEvaluator<Eigen::TensorAssignOp<Eigen::TensorMap<Eigen::Tensor<float, int=1, int=1, int>, int=16, Eigen::MakePointer>, Eigen::TensorCwiseUnaryOp<Eigen::internal::scalar_right<float, float, Eigen::internal::scalar_quotient_op<float, float>>, Eigen::TensorMap<Eigen::Tensor<float const , int=1, int=1, int>, int=16, Eigen::MakePointer> const > const > const , Eigen::GpuDevice>, int>(float, int=1)",10,"l2_write_throughput","L2 Throughput (Writes)",112.737928GB/s,116.740458GB/s,115.240289GB/s
"Tesla V100-SXM2-16GB (0)","volta_scudnn_128x64_stridedB_medium_nn_v1",2,"l2_write_throughput","L2 Throughput (Writes)",122.595712GB/s,131.405985GB/s,126.947607GB/s
"Tesla V100-SXM2-16GB (0)","volta_sgemm_128x64_nt",2,"l2_write_throughput","L2 Throughput (Writes)",449.786523GB/s,536.398264GB/s,489.323526GB/s
"Tesla V100-SXM2-16GB (0)","volta_cgemm_64x32_tn",8,"l2_write_throughput","L2 Throughput (Writes)",30.675233GB/s,381.511312GB/s,82.747842GB/s
"Tesla V100-SXM2-16GB (0)","cudnn::gemm::computeWgradSplitKOffsetsKernel(cudnn::gemm::ComputeOffsetsParams)",12,"l2_write_throughput","L2 Throughput (Writes)",844.474967MB/s,4.584355GB/s,2.247405GB/s
"Tesla V100-SXM2-16GB (0)","void Eigen::internal::EigenMetaKernel<Eigen::TensorEvaluator<Eigen::TensorAssignOp<Eigen::TensorMap<Eigen::Tensor<float, int=4, int=1, int>, int=16, Eigen::MakePointer>, Eigen::TensorBroadcastingOp<Eigen::array<int, unsigned long=4> const , Eigen::TensorMap<Eigen::Tensor<float const , int=4, int=1, int>, int=16, Eigen::MakePointer> const > const > const , Eigen::GpuDevice>, int>(float, int=4)",10,"l2_write_throughput","L2 Throughput (Writes)",58.892948GB/s,62.237027GB/s,61.156657GB/s
"Tesla V100-SXM2-16GB (0)","void Eigen::internal::EigenMetaKernel<Eigen::TensorEvaluator<Eigen::TensorAssignOp<Eigen::TensorMap<Eigen::Tensor<float, int=1, int=1, long>, int=16, Eigen::MakePointer>, Eigen::TensorCwiseBinaryOp<Eigen::internal::scalar_sum_op<float, float>, Eigen::TensorMap<Eigen::Tensor<float, int=1, int=1, long>, int=16, Eigen::MakePointer> const , Eigen::TensorCwiseBinaryOp<Eigen::internal::scalar_product_op<float, float>, Eigen::TensorBroadcastingOp<Eigen::array<long, unsigned long=1> const , Eigen::TensorReshapingOp<Eigen::Sizes<> const , Eigen::TensorCwiseBinaryOp<Eigen::internal::scalar_difference_op<float const , float const >, Eigen::TensorCwiseNullaryOp<Eigen::internal::scalar_constant_op<float const >, Eigen::TensorMap<Eigen::TensorFixedSize<float const , Eigen::Sizes<>, int=1, long>, int=16, Eigen::MakePointer> const > const , Eigen::TensorMap<Eigen::TensorFixedSize<float const , Eigen::Sizes<>, int=1, long>, int=16, Eigen::MakePointer> const > const > const > const , Eigen::TensorCwiseBinaryOp<Eigen::internal::scalar_difference_op<float const , float const >, Eigen::TensorMap<Eigen::Tensor<float const , int=1, int=1, long>, int=16, Eigen::MakePointer> const , Eigen::TensorMap<Eigen::Tensor<float, int=1, int=1, long>, int=16, Eigen::MakePointer> const > const > const > const > const , Eigen::GpuDevice>, long>(float, int=1)",60,"l2_write_throughput","L2 Throughput (Writes)",104.596538MB/s,10.737601GB/s,2.539451GB/s
"Tesla V100-SXM2-16GB (0)","void fft2d_r2c_32x32<float, unsigned int=0, bool=0>(float2*, float const *, int, int, int, int, int, int, int, int, int, cudnn::reduced_divisor, bool)",28,"l2_write_throughput","L2 Throughput (Writes)",89.554103GB/s,380.084000GB/s,306.230397GB/s
"Tesla V100-SXM2-16GB (0)","void fft2d_r2c_32x32<float, unsigned int=1, bool=1>(float2*, float const *, int, int, int, int, int, int, int, int, int, cudnn::reduced_divisor, bool)",2,"l2_write_throughput","L2 Throughput (Writes)",43.044514GB/s,62.852395GB/s,51.141166GB/s
"Tesla V100-SXM2-16GB (0)","void fft2d_r2c_32x32<float, unsigned int=5, bool=1>(float2*, float const *, int, int, int, int, int, int, int, int, int, cudnn::reduced_divisor, bool)",2,"l2_write_throughput","L2 Throughput (Writes)",28.848931GB/s,38.044527GB/s,32.814686GB/s
"Tesla V100-SXM2-16GB (0)","void tensorflow::functor::SwapDimension1And2InTensor3UsingTiles<unsigned int, int=256, int=32, int=32, bool=0>(unsigned int const *, tensorflow::functor::Dimension<int=3>, tensorflow::functor::SwapDimension1And2InTensor3UsingTiles<unsigned int, int=256, int=32, int=32, bool=0>*)",40,"l2_write_throughput","L2 Throughput (Writes)",285.767805GB/s,447.950347GB/s,386.842208GB/s
"Tesla V100-SXM2-16GB (0)","volta_scudnn_128x64_relu_interior_nn_v1",4,"l2_write_throughput","L2 Throughput (Writes)",125.890769GB/s,176.015779GB/s,138.177046GB/s
"Tesla V100-SXM2-16GB (0)","volta_scudnn_128x64_stridedB_splitK_interior_nn_v1",12,"l2_write_throughput","L2 Throughput (Writes)",294.514863MB/s,3.371632GB/s,1.247369GB/s
"Tesla V100-SXM2-16GB (0)","void cudnn::detail::dgrad_engine<float, int=128, int=6, int=8, int=3, int=3, int=5, bool=1>(int, int, int, float const *, int, float const , int, cudnn::detail::dgrad_engine<float, int=128, int=6, int=8, int=3, int=3, int=5, bool=1>*, kernel_grad_params, int, int, float, int, int, int)",12,"l2_write_throughput","L2 Throughput (Writes)",876.252006GB/s,884.139463GB/s,881.711093GB/s
"Tesla V100-SXM2-16GB (0)","volta_gcgemm_64x32_nt",4,"l2_write_throughput","L2 Throughput (Writes)",34.131448GB/s,390.413162GB/s,145.942188GB/s
"Tesla V100-SXM2-16GB (0)","void tensorflow::functor::CleanupSegments<float*, tensorflow::TransformOutputIterator<float, float, tensorflow::functor::DividesBy<float, float>, long>, tensorflow::functor::Sum<float>>(float*, float, int, int, int, float, std::iterator_traits<tensorflow::functor::CleanupSegments<float*, tensorflow::TransformOutputIterator<float, float, tensorflow::functor::DividesBy<float, float>, long>, tensorflow::functor::Sum<float>>>::value_type)",10,"l2_write_throughput","L2 Throughput (Writes)",111.810092MB/s,115.803309MB/s,114.737676MB/s
"Tesla V100-SXM2-16GB (0)","void transpose_readWrite_alignment_kernel<float2, float2, int=1, bool=0, int=6, int=4, int=4>(cublasTransposeParams<float2>, float2 const *, float2*, float2 const *)",6,"l2_write_throughput","L2 Throughput (Writes)",301.700907GB/s,486.757664GB/s,375.154900GB/s
"Tesla V100-SXM2-16GB (0)","void tensorflow::functor::BlockReduceKernel<float*, float*, int=256, tensorflow::functor::Sum<float>>(float*, float*, int, float, std::iterator_traits<tensorflow::functor::BlockReduceKernel<float*, float*, int=256, tensorflow::functor::Sum<float>>>::value_type)",10,"l2_write_throughput","L2 Throughput (Writes)",183.105469MB/s,186.842315MB/s,185.554695MB/s
"Tesla V100-SXM2-16GB (0)","void Eigen::internal::EigenMetaKernel<Eigen::TensorEvaluator<Eigen::TensorAssignOp<Eigen::TensorMap<Eigen::Tensor<float, int=1, int=1, int>, int=16, Eigen::MakePointer>, Eigen::TensorCwiseUnaryOp<Eigen::internal::scalar_opposite_op<float>, Eigen::TensorMap<Eigen::Tensor<float const , int=1, int=1, int>, int=16, Eigen::MakePointer> const > const > const , Eigen::GpuDevice>, int>(float, int=1)",10,"l2_write_throughput","L2 Throughput (Writes)",121.784799GB/s,135.131078GB/s,131.527583GB/s
"Tesla V100-SXM2-16GB (0)","void fft2d_c2r_32x32<float, bool=0, unsigned int=1, bool=0, bool=0>(float*, float2 const *, int, int, int, int, int, int, int, int, int, float, float, cudnn::reduced_divisor, bool, float*, float*)",8,"l2_write_throughput","L2 Throughput (Writes)",737.852468MB/s,59.873694GB/s,23.476883GB/s
"Tesla V100-SXM2-16GB (0)","void Eigen::internal::EigenMetaKernel<Eigen::TensorEvaluator<Eigen::TensorAssignOp<Eigen::TensorMap<Eigen::Tensor<float, int=1, int=1, long>, int=16, Eigen::MakePointer>, Eigen::TensorCwiseBinaryOp<Eigen::internal::scalar_product_op<float const , float const >, Eigen::TensorMap<Eigen::Tensor<float const , int=1, int=1, long>, int=16, Eigen::MakePointer> const , Eigen::TensorConversionOp<float, Eigen::TensorCwiseBinaryOp<Eigen::internal::scalar_cmp_op<float const , float const , Eigen::internal::ComparisonName>, Eigen::TensorMap<Eigen::Tensor<float const , int=1, int=1, long>, int=16, Eigen::MakePointer> const , Eigen::TensorCwiseNullaryOp<Eigen::internal::scalar_constant_op<float const >, Eigen::TensorMap<Eigen::Tensor<float const , int=1, int=1, long>, int=16, Eigen::MakePointer> const > const > const > const > const > const , Eigen::GpuDevice>, long>(float, int=1)",20,"l2_write_throughput","L2 Throughput (Writes)",224.267609GB/s,247.129570GB/s,237.932010GB/s
"Tesla V100-SXM2-16GB (0)","volta_cgemm_32x64_tn",2,"l2_write_throughput","L2 Throughput (Writes)",4.269595GB/s,4.298772GB/s,4.284138GB/s
