==4909== NVPROF is profiling process 4909, command: python tf_cnn_benchmarks.py --num_gpus=1 --batch_size=64 --num_batches=10 --num_warmup_batches=0 --model=inception3 --data_dir=/home/keshavsanthanam/data/imagenet --allow_growth
2019-02-01 13:19:28.913183: I tensorflow/stream_executor/cuda/cuda_gpu_executor.cc:964] successful NUMA node read from SysFS had negative value (-1), but there must be at least one NUMA node, so returning NUMA node zero
2019-02-01 13:19:28.913707: I tensorflow/core/common_runtime/gpu/gpu_device.cc:1432] Found device 0 with properties: 
name: Tesla V100-SXM2-16GB major: 7 minor: 0 memoryClockRate(GHz): 1.53
pciBusID: 0000:00:04.0
totalMemory: 15.75GiB freeMemory: 15.33GiB
2019-02-01 13:19:28.913732: I tensorflow/core/common_runtime/gpu/gpu_device.cc:1511] Adding visible gpu devices: 0
2019-02-01 13:19:29.780851: I tensorflow/core/common_runtime/gpu/gpu_device.cc:982] Device interconnect StreamExecutor with strength 1 edge matrix:
2019-02-01 13:19:29.780898: I tensorflow/core/common_runtime/gpu/gpu_device.cc:988]      0 
2019-02-01 13:19:29.780906: I tensorflow/core/common_runtime/gpu/gpu_device.cc:1001] 0:   N 
2019-02-01 13:19:29.781265: I tensorflow/core/common_runtime/gpu/gpu_device.cc:1115] Created TensorFlow device (/job:localhost/replica:0/task:0/device:GPU:0 with 14837 MB memory) -> physical GPU (device: 0, name: Tesla V100-SXM2-16GB, pci bus id: 0000:00:04.0, compute capability: 7.0)
W0201 13:19:34.207288 140264279093632 tf_logging.py:125] From /home/keshavsanthanam/gpusched/workloads/tensorflow/image_classification/benchmark_cnn.py:2250: __init__ (from tensorflow.python.training.supervisor) is deprecated and will be removed in a future version.
Instructions for updating:
Please switch to tf.train.MonitoredTrainingSession
2019-02-01 13:19:35.018296: I tensorflow/core/common_runtime/gpu/gpu_device.cc:1511] Adding visible gpu devices: 0
2019-02-01 13:19:35.018391: I tensorflow/core/common_runtime/gpu/gpu_device.cc:982] Device interconnect StreamExecutor with strength 1 edge matrix:
2019-02-01 13:19:35.018401: I tensorflow/core/common_runtime/gpu/gpu_device.cc:988]      0 
2019-02-01 13:19:35.018412: I tensorflow/core/common_runtime/gpu/gpu_device.cc:1001] 0:   N 
2019-02-01 13:19:35.019814: I tensorflow/core/common_runtime/gpu/gpu_device.cc:1115] Created TensorFlow device (/job:localhost/replica:0/task:0/device:GPU:0 with 14837 MB memory) -> physical GPU (device: 0, name: Tesla V100-SXM2-16GB, pci bus id: 0000:00:04.0, compute capability: 7.0)
I0201 13:19:43.807382 140264279093632 tf_logging.py:115] Running local_init_op.
I0201 13:20:14.369661 140264279093632 tf_logging.py:115] Done running local_init_op.
TensorFlow:  1.12
Model:       inception3
Dataset:     imagenet
Mode:        training
SingleSess:  False
Batch size:  64 global
             64 per device
Num batches: 10
Num epochs:  0.00
Devices:     ['/gpu:0']
Data format: NCHW
Optimizer:   sgd
Variables:   parameter_server
==========
start:2019-02-01 13:19:29.784331
Generating training model
Initializing graph
Running warm up
Done warm up
Step	Img/sec	total_loss
1	images/sec: 0.2 +/- 0.0 (jitter = 0.0)	7.374
10	images/sec: 0.5 +/- 0.0 (jitter = 0.0)	7.439
----------------------------------------------------------------
total images/sec: 0.49
----------------------------------------------------------------
end:2019-02-01 13:41:59.173420
==4909== Profiling application: python tf_cnn_benchmarks.py --num_gpus=1 --batch_size=64 --num_batches=10 --num_warmup_batches=0 --model=inception3 --data_dir=/home/keshavsanthanam/data/imagenet --allow_growth
==4909== Profiling result:
==4909== Metric result:
"Device","Kernel","Invocations","Metric Name","Metric Description","Min","Max","Avg"
"Tesla V100-SXM2-16GB (0)","void Eigen::internal::EigenMetaKernel<Eigen::TensorEvaluator<Eigen::TensorAssignOp<Eigen::TensorMap<Eigen::Tensor<float, int=1, int=1, int>, int=16, Eigen::MakePointer>, Eigen::TensorCwiseUnaryOp<Eigen::internal::scalar_right<float, float, Eigen::internal::scalar_product_op<float, float>>, Eigen::TensorMap<Eigen::Tensor<float const , int=1, int=1, int>, int=16, Eigen::MakePointer> const > const > const , Eigen::GpuDevice>, int>(float, int=1)",2955,"ipc","Executed IPC",0.135469,1.146442,0.621882
"Tesla V100-SXM2-16GB (0)","void Eigen::internal::EigenMetaKernel<Eigen::TensorEvaluator<Eigen::TensorAssignOp<Eigen::TensorMap<Eigen::Tensor<float, int=1, int=1, long>, int=16, Eigen::MakePointer>, Eigen::TensorCwiseBinaryOp<Eigen::internal::scalar_difference_op<float, float>, Eigen::TensorMap<Eigen::Tensor<float, int=1, int=1, long>, int=16, Eigen::MakePointer> const , Eigen::TensorCwiseBinaryOp<Eigen::internal::scalar_product_op<float const , float const >, Eigen::TensorBroadcastingOp<Eigen::array<long, unsigned long=1> const , Eigen::TensorReshapingOp<Eigen::Sizes<> const , Eigen::TensorMap<Eigen::TensorFixedSize<float const , Eigen::Sizes<>, int=1, long>, int=16, Eigen::MakePointer> const > const > const , Eigen::TensorMap<Eigen::Tensor<float const , int=1, int=1, long>, int=16, Eigen::MakePointer> const > const > const > const , Eigen::GpuDevice>, long>(float, int=1)",1900,"ipc","Executed IPC",0.156975,0.750551,0.455029
"Tesla V100-SXM2-16GB (0)","void Eigen::internal::EigenMetaKernel<Eigen::TensorEvaluator<Eigen::TensorAssignOp<Eigen::TensorMap<Eigen::Tensor<float, int=1, int=1, long>, int=16, Eigen::MakePointer>, Eigen::TensorCwiseBinaryOp<Eigen::internal::scalar_sum_op<float, float>, Eigen::TensorCwiseBinaryOp<Eigen::internal::scalar_sum_op<float, float>, Eigen::TensorCwiseBinaryOp<Eigen::internal::scalar_sum_op<float const , float const >, Eigen::TensorMap<Eigen::Tensor<float const , int=1, int=1, long>, int=16, Eigen::MakePointer> const , Eigen::TensorMap<Eigen::Tensor<float const , int=1, int=1, long>, int=16, Eigen::MakePointer> const > const , Eigen::TensorMap<Eigen::Tensor<float const , int=1, int=1, long>, int=16, Eigen::MakePointer> const > const , Eigen::TensorMap<Eigen::Tensor<float const , int=1, int=1, long>, int=16, Eigen::MakePointer> const > const > const , Eigen::GpuDevice>, long>(float, int=1)",90,"ipc","Executed IPC",0.110314,0.116600,0.112617
"Tesla V100-SXM2-16GB (0)","void flip_filter<float, float>(float*, float const *, int, int, int, int)",136,"ipc","Executed IPC",0.210755,0.589351,0.363589
"Tesla V100-SXM2-16GB (0)","void Eigen::internal::InnerReductionKernel<int=128, Eigen::TensorEvaluator<Eigen::TensorReductionOp<Eigen::internal::MaxReducer<float>, Eigen::IndexList<Eigen::type2index<long=1>> const , Eigen::TensorMap<Eigen::Tensor<float const , int=2, int=1, int>, int=16, Eigen::MakePointer> const , Eigen::MakePointer> const , Eigen::GpuDevice>, Eigen::internal::MaxReducer<float>, int>(Eigen::internal::MaxReducer<float>, float, long=1, float, Eigen::internal::MaxReducer<float>::CoeffReturnType*)",10,"ipc","Executed IPC",0.630415,0.640059,0.635509
"Tesla V100-SXM2-16GB (0)","void Eigen::internal::EigenMetaKernel<Eigen::TensorEvaluator<Eigen::TensorAssignOp<Eigen::TensorMap<Eigen::Tensor<float, int=4, int=1, int>, int=16, Eigen::MakePointer>, Eigen::TensorSlicingOp<Eigen::DSizes<int, int=4> const , Eigen::DSizes<int, int=4> const , Eigen::TensorMap<Eigen::Tensor<float const , int=4, int=1, int>, int=16, Eigen::MakePointer> const > const > const , Eigen::GpuDevice>, int>(float, int=4)",460,"ipc","Executed IPC",0.916128,1.093557,1.057633
"Tesla V100-SXM2-16GB (0)","void cudnn::winograd_nonfused::winogradWgradDelta4x4<float, float>(cudnn::winograd_nonfused::WinogradDeltaParams<float, float>)",12,"ipc","Executed IPC",0.369775,0.628574,0.461554
"Tesla V100-SXM2-16GB (0)","void Eigen::internal::EigenMetaKernel<Eigen::TensorEvaluator<Eigen::TensorAssignOp<Eigen::TensorMap<Eigen::Tensor<float, int=1, int=1, int>, int=16, Eigen::MakePointer>, Eigen::TensorCwiseBinaryOp<Eigen::internal::scalar_difference_op<float, float>, Eigen::TensorMap<Eigen::Tensor<float const , int=1, int=1, int>, int=16, Eigen::MakePointer> const , Eigen::TensorMap<Eigen::Tensor<float const , int=1, int=1, long>, int=16, Eigen::MakePointer> const > const > const , Eigen::GpuDevice>, long>(float, int=1)",1880,"ipc","Executed IPC",0.349492,0.627625,0.550381
"Tesla V100-SXM2-16GB (0)","void cudnn::winograd_nonfused::winogradWgradData4x4<float, float>(cudnn::winograd_nonfused::WinogradDataParams<float, float>)",12,"ipc","Executed IPC",0.786057,1.390245,0.991315
"Tesla V100-SXM2-16GB (0)","void cudnn::detail::explicit_convolve_sgemm<float, int, int=1024, int=5, int=5, int=3, int=3, int=3, int=0, bool=1>(int, int, int, float const *, int, float const , int, cudnn::detail::explicit_convolve_sgemm<float, int, int=1024, int=5, int=5, int=3, int=3, int=3, int=0, bool=1>*, kernel_conv_params, int, int, float, float, int, float const *, float const *)",24,"ipc","Executed IPC",1.024524,1.649721,1.256475
"Tesla V100-SXM2-16GB (0)","void Eigen::internal::EigenMetaKernel<Eigen::TensorEvaluator<Eigen::TensorAssignOp<Eigen::TensorMap<Eigen::Tensor<float, int=1, int=1, long>, int=16, Eigen::MakePointer>, Eigen::TensorCwiseBinaryOp<Eigen::internal::scalar_sum_op<float, float>, Eigen::TensorCwiseBinaryOp<Eigen::internal::scalar_sum_op<float const , float const >, Eigen::TensorMap<Eigen::Tensor<float const , int=1, int=1, long>, int=16, Eigen::MakePointer> const , Eigen::TensorMap<Eigen::Tensor<float const , int=1, int=1, long>, int=16, Eigen::MakePointer> const > const , Eigen::TensorMap<Eigen::Tensor<float const , int=1, int=1, long>, int=16, Eigen::MakePointer> const > const > const , Eigen::GpuDevice>, long>(float, int=1)",20,"ipc","Executed IPC",0.113052,0.114856,0.113966
"Tesla V100-SXM2-16GB (0)","void fft1d_c2r_32<float2, float, float, bool=0, bool=1, bool=0, bool=1>(float*, float2 const *, int, int3, int3, int2, int, float, float, float*, float*)",24,"ipc","Executed IPC",0.615970,0.843650,0.690654
"Tesla V100-SXM2-16GB (0)","cudnn::gemm::computeBOffsetsKernel(cudnn::gemm::ComputeBOffsetsParams)",76,"ipc","Executed IPC",0.060716,0.125786,0.097306
"Tesla V100-SXM2-16GB (0)","volta_scudnn_128x128_stridedB_splitK_small_nn_v1",12,"ipc","Executed IPC",1.999127,2.298211,2.111381
"Tesla V100-SXM2-16GB (0)","void cudnn::detail::wgrad_alg0_engine<float, int=512, int=6, int=5, int=3, int=3, int=3, bool=1, int=512>(int, int, int, float const *, int, cudnn::detail::wgrad_alg0_engine<float, int=512, int=6, int=5, int=3, int=3, int=3, bool=1, int=512>*, float const , kernel_grad_params, int, float, int, int, int, int)",212,"ipc","Executed IPC",0.944663,2.493983,1.628683
"Tesla V100-SXM2-16GB (0)","void DSE::vector_fft<int=1, int=2, int=128, int=8, int=8, int=1, float, float, float2>(float2*, float2, int, int3, float2*)",12,"ipc","Executed IPC",0.766616,0.771845,0.769553
"Tesla V100-SXM2-16GB (0)","cudnn::gemm::computeWgradBOffsetsKernel(cudnn::gemm::ComputeBOffsetsParams)",172,"ipc","Executed IPC",0.070146,0.427505,0.153596
"Tesla V100-SXM2-16GB (0)","void scalePackedTensor_kernel<float, float>(cudnnTensor4dStruct, float*, float)",1084,"ipc","Executed IPC",0.118771,1.168493,1.040297
"Tesla V100-SXM2-16GB (0)","volta_sgemm_128x128_nn",6,"ipc","Executed IPC",2.301453,2.320505,2.312438
"Tesla V100-SXM2-16GB (0)","volta_scudnn_128x128_stridedB_splitK_interior_nn_v1",20,"ipc","Executed IPC",1.738520,1.882525,1.803868
"Tesla V100-SXM2-16GB (0)","volta_sgemm_128x128_nt",12,"ipc","Executed IPC",2.225649,2.299559,2.258872
"Tesla V100-SXM2-16GB (0)","void cudnn::detail::dgrad2d_alg1_1<float, int=0, int=6, int=6, int=5, int=4, int=4, bool=1, bool=1>(int, int, int, float const *, int, float const , int, cudnn::detail::dgrad2d_alg1_1<float, int=0, int=6, int=6, int=5, int=4, int=4, bool=1, bool=1>*, kernel_grad_params, int, int, float, int, int)",4,"ipc","Executed IPC",2.307444,2.422627,2.364465
"Tesla V100-SXM2-16GB (0)","void pointwise_mult_and_sum_complex<float2, int=8, int=4>(float2*, float2*, float2*, int, int, int, int, int, float2)",8,"ipc","Executed IPC",1.042554,1.259527,1.123899
"Tesla V100-SXM2-16GB (0)","void cudnn::detail::pooling_fw_4d_kernel<float, float, cudnn::detail::averpooling_func<float>, int=2, bool=0>(cudnnTensorStruct, float const *, cudnn::detail::pooling_fw_4d_kernel<float, float, cudnn::detail::averpooling_func<float>, int=2, bool=0>, cudnnTensorStruct*, cudnnPoolingStruct, float, cudnnPoolingStruct, int, cudnn::reduced_divisor, float)",90,"ipc","Executed IPC",0.812135,3.072106,2.742302
"Tesla V100-SXM2-16GB (0)","volta_scudnn_128x128_relu_interior_nn_v1",12,"ipc","Executed IPC",2.197409,2.382287,2.261266
"Tesla V100-SXM2-16GB (0)","volta_scudnn_128x128_stridedB_small_nn_v1",12,"ipc","Executed IPC",2.269308,2.360931,2.312826
"Tesla V100-SXM2-16GB (0)","void tensorflow::BiasNHWCKernel<float>(int, float const *, float const , tensorflow::BiasNHWCKernel<float>*, int)",10,"ipc","Executed IPC",0.474436,0.501973,0.491560
"Tesla V100-SXM2-16GB (0)","void cudnn::detail::bn_fw_tr_1C11_singleread<float, int=512, bool=1, int=1, int=2, int=0>(cudnnTensorStruct, float const *, cudnn::detail::bn_fw_tr_1C11_singleread<float, int=512, bool=1, int=1, int=2, int=0>, cudnnTensorStruct*, float const *, float const , float, float, float*, float const *, float const *, float const *, float, float, cudnn::reduced_divisor, int, float*, cudnn::detail::bnFwPersistentState*, int, float, float, float, int, float, float, cudnnStatus_t*, bool)",940,"ipc","Executed IPC",0.771745,2.024274,1.032814
"Tesla V100-SXM2-16GB (0)","void Eigen::internal::EigenMetaKernel<Eigen::TensorEvaluator<Eigen::TensorAssignOp<Eigen::TensorMap<Eigen::Tensor<float, int=1, int=1, long>, int=16, Eigen::MakePointer>, Eigen::TensorCwiseBinaryOp<Eigen::internal::scalar_sum_op<float const , float const >, Eigen::TensorMap<Eigen::Tensor<float const , int=1, int=1, long>, int=16, Eigen::MakePointer> const , Eigen::TensorMap<Eigen::Tensor<float const , int=1, int=1, long>, int=16, Eigen::MakePointer> const > const > const , Eigen::GpuDevice>, long>(float, int=1)",1000,"ipc","Executed IPC",0.152743,0.832798,0.513405
"Tesla V100-SXM2-16GB (0)","void Eigen::internal::EigenMetaKernel<Eigen::TensorEvaluator<Eigen::TensorAssignOp<Eigen::TensorMap<Eigen::Tensor<float, int=1, int=1, int>, int=16, Eigen::MakePointer>, Eigen::TensorCwiseUnaryOp<Eigen::internal::scalar_right<float, float, Eigen::internal::scalar_sum_op<float, float>>, Eigen::TensorMap<Eigen::Tensor<float const , int=1, int=1, int>, int=16, Eigen::MakePointer> const > const > const , Eigen::GpuDevice>, int>(float, int=1)",10,"ipc","Executed IPC",0.324113,0.360000,0.348991
"Tesla V100-SXM2-16GB (0)","void tensorflow::functor::SwapDimension1And2InTensor3UsingTiles<unsigned int, int=1024, int=1024, int=2, bool=0>(unsigned int const *, tensorflow::functor::Dimension<int=3>, tensorflow::functor::SwapDimension1And2InTensor3UsingTiles<unsigned int, int=1024, int=1024, int=2, bool=0>*)",10,"ipc","Executed IPC",2.739757,2.797427,2.776237
"Tesla V100-SXM2-16GB (0)","void cudnn::winograd_nonfused::winogradWgradDelta9x9_5x5<float, float>(cudnn::winograd_nonfused::WinogradDeltaParams<float, float>)",2,"ipc","Executed IPC",1.773119,1.805914,1.789517
"Tesla V100-SXM2-16GB (0)","void cudnn::detail::wgrad_alg0_engine<float, int=128, int=6, int=8, int=3, int=3, int=5, bool=1, int=512>(int, int, int, float const *, int, cudnn::detail::wgrad_alg0_engine<float, int=128, int=6, int=8, int=3, int=3, int=5, bool=1, int=512>*, float const , kernel_grad_params, int, float, int, int, int, int)",472,"ipc","Executed IPC",1.286776,2.036163,1.829848
"Tesla V100-SXM2-16GB (0)","void cudnn::winograd_nonfused::winogradWgradOutput9x9_5x5<float, float>(cudnn::winograd_nonfused::WinogradWgradOutputParams<float, float>)",2,"ipc","Executed IPC",0.617964,0.655339,0.636652
"Tesla V100-SXM2-16GB (0)","void cudnn::detail::dgrad_engine<float, int=128, int=6, int=7, int=3, int=3, int=5, bool=1>(int, int, int, float const *, int, float const , int, cudnn::detail::dgrad_engine<float, int=128, int=6, int=7, int=3, int=3, int=5, bool=1>*, kernel_grad_params, int, int, float, int, int, int)",494,"ipc","Executed IPC",0.964524,1.952038,1.828442
"Tesla V100-SXM2-16GB (0)","void Eigen::internal::EigenMetaKernel<Eigen::TensorEvaluator<Eigen::TensorAssignOp<Eigen::TensorMap<Eigen::Tensor<float, int=1, int=1, long>, int=16, Eigen::MakePointer>, Eigen::TensorCwiseBinaryOp<Eigen::internal::scalar_max_op<float const , float const >, Eigen::TensorMap<Eigen::Tensor<float const , int=1, int=1, long>, int=16, Eigen::MakePointer> const , Eigen::TensorCwiseNullaryOp<Eigen::internal::scalar_constant_op<float const >, Eigen::TensorMap<Eigen::Tensor<float const , int=1, int=1, long>, int=16, Eigen::MakePointer> const > const > const > const , Eigen::GpuDevice>, long>(float, int=1)",940,"ipc","Executed IPC",0.137812,0.847047,0.198228
"Tesla V100-SXM2-16GB (0)","void cudnn::detail::implicit_convolve_sgemm<float, float, int=128, int=5, int=5, int=3, int=3, int=3, int=1, bool=1, bool=0, bool=1>(int, int, int, float const *, int, float*, cudnn::detail::implicit_convolve_sgemm<float, float, int=128, int=5, int=5, int=3, int=3, int=3, int=1, bool=1, bool=0, bool=1>*, kernel_conv_params, int, float, float, int, float, float, int, int)",270,"ipc","Executed IPC",1.561762,2.427364,1.941594
"Tesla V100-SXM2-16GB (0)","void Eigen::internal::EigenMetaKernel<Eigen::TensorEvaluator<Eigen::TensorAssignOp<Eigen::TensorMap<Eigen::Tensor<float, int=1, int=1, long>, int=16, Eigen::MakePointer>, Eigen::TensorCwiseBinaryOp<Eigen::internal::scalar_difference_op<float const , float const >, Eigen::TensorMap<Eigen::Tensor<float, int=1, int=1, long>, int=16, Eigen::MakePointer> const , Eigen::TensorMap<Eigen::Tensor<float const , int=1, int=1, long>, int=16, Eigen::MakePointer> const > const > const , Eigen::GpuDevice>, long>(float, int=1)",1880,"ipc","Executed IPC",0.306073,0.622735,0.552832
"Tesla V100-SXM2-16GB (0)","volta_scudnn_128x64_stridedB_splitK_medium_nn_v1",12,"ipc","Executed IPC",1.966747,2.286767,2.092300
"Tesla V100-SXM2-16GB (0)","void fft2d_c2r_32x32<float, bool=0, unsigned int=0, bool=0, bool=0>(float*, float2 const *, int, int, int, int, int, int, int, int, int, float, float, cudnn::reduced_divisor, bool, float*, float*)",284,"ipc","Executed IPC",0.343451,1.159286,0.602929
"Tesla V100-SXM2-16GB (0)","void cudnn::detail::explicit_convolve_sgemm<float, int, int=128, int=6, int=7, int=3, int=3, int=5, int=0, bool=0>(int, int, int, float const *, int, float const , int, cudnn::detail::explicit_convolve_sgemm<float, int, int=128, int=6, int=7, int=3, int=3, int=5, int=0, bool=0>*, kernel_conv_params, int, int, float, float, int, float const *, float const *)",2,"ipc","Executed IPC",2.266384,2.268030,2.267207
"Tesla V100-SXM2-16GB (0)","volta_scudnn_128x64_stridedB_small_nn_v1",26,"ipc","Executed IPC",2.307166,2.459360,2.383526
"Tesla V100-SXM2-16GB (0)","volta_scudnn_128x64_relu_small_nn_v1",26,"ipc","Executed IPC",2.290988,2.444123,2.345804
"Tesla V100-SXM2-16GB (0)","volta_cgemm_32x32_tn",1638,"ipc","Executed IPC",0.696518,2.308707,1.044436
"Tesla V100-SXM2-16GB (0)","void DSE::regular_fft_clip<int=1, int=2, int=256, int=16, int=16, int=1, float, float, float2>(float*, float2*, int, int3, float2*, int, float2*, float2*, int, int, int, int, int, float, float, bool, int, float, float)",12,"ipc","Executed IPC",0.716814,0.944436,0.868702
"Tesla V100-SXM2-16GB (0)","void Eigen::internal::EigenMetaKernel<Eigen::TensorEvaluator<Eigen::TensorAssignOp<Eigen::TensorMap<Eigen::Tensor<float, int=1, int=1, int>, int=16, Eigen::MakePointer>, Eigen::TensorSelectOp<Eigen::TensorBroadcastingOp<Eigen::array<int, unsigned long=1> const , Eigen::TensorReshapingOp<Eigen::IndexList<Eigen::type2index<long=1>> const , Eigen::TensorMap<Eigen::TensorFixedSize<bool const , Eigen::Sizes<>, int=1, long>, int=16, Eigen::MakePointer> const > const > const , Eigen::TensorMap<Eigen::Tensor<float const , int=1, int=1, long>, int=16, Eigen::MakePointer> const , Eigen::TensorMap<Eigen::Tensor<float const , int=1, int=1, long>, int=16, Eigen::MakePointer> const > const > const , Eigen::GpuDevice>, long>(float, int=1)",10,"ipc","Executed IPC",0.102137,0.111287,0.108397
"Tesla V100-SXM2-16GB (0)","void cudnn::detail::implicit_convolve_sgemm<float, float, int=1024, int=5, int=5, int=3, int=3, int=3, int=1, bool=1, bool=0, bool=1>(int, int, int, float const *, int, float*, cudnn::detail::implicit_convolve_sgemm<float, float, int=1024, int=5, int=5, int=3, int=3, int=3, int=1, bool=1, bool=0, bool=1>*, kernel_conv_params, int, float, float, int, float, float, int, int)",392,"ipc","Executed IPC",1.427203,2.744960,2.641749
"Tesla V100-SXM2-16GB (0)","void fft1d_r2c_32<float, float, float2, bool=0, bool=0>(float2*, float const *, int, int3, int3, int2, int2)",198,"ipc","Executed IPC",0.135878,1.867446,0.866725
"Tesla V100-SXM2-16GB (0)","void fft1d_r2c_32<float, float, float2, bool=1, bool=0>(float2*, float const *, int, int3, int3, int2, int2)",62,"ipc","Executed IPC",0.120784,1.134578,0.677255
"Tesla V100-SXM2-16GB (0)","void tensorflow::functor::BlockReduceKernel<cub::TransformInputIterator<float, tensorflow::squareHalf<float>, float*, long>, float*, int=256, cub::Sum>(float, float, int, float*, std::iterator_traits<tensorflow::functor::BlockReduceKernel<cub::TransformInputIterator<float, tensorflow::squareHalf<float>, float*, long>, float*, int=256, cub::Sum>>::value_type)",870,"ipc","Executed IPC",0.101339,0.274326,0.149977
"Tesla V100-SXM2-16GB (0)","void cudnn::winograd_nonfused::winogradForwardData4x4<float, float>(cudnn::winograd_nonfused::WinogradDataParams<float, float>)",24,"ipc","Executed IPC",0.673060,2.247745,1.045306
"Tesla V100-SXM2-16GB (0)","void Eigen::internal::EigenMetaKernel<Eigen::TensorEvaluator<Eigen::TensorAssignOp<Eigen::TensorSlicingOp<Eigen::array<int, unsigned long=2> const , Eigen::array<int, unsigned long=2> const , Eigen::TensorMap<Eigen::Tensor<float, int=2, int=1, int>, int=16, Eigen::MakePointer>>, Eigen::TensorMap<Eigen::Tensor<float const , int=2, int=1, int>, int=16, Eigen::MakePointer> const > const , Eigen::GpuDevice>, int>(int, unsigned long=2)",460,"ipc","Executed IPC",0.551381,0.643452,0.576723
"Tesla V100-SXM2-16GB (0)","void cudnn::winograd_nonfused::winogradForwardData9x9_5x5<float, float>(cudnn::winograd_nonfused::WinogradDataParams<float, float>)",6,"ipc","Executed IPC",1.800058,1.882761,1.836931
"Tesla V100-SXM2-16GB (0)","void cudnn::winograd::winograd3x3Kernel<float, float, int=1, int=4, int=8, bool=0>(cudnn::maxwell::winograd::KernelParams)",36,"ipc","Executed IPC",1.810941,1.932205,1.884827
"Tesla V100-SXM2-16GB (0)","void cudnn::detail::pooling_bw_kernel_avg<float, float, cudnn::detail::averpooling_func<float>, int=2, bool=0>(cudnnTensorStruct, float const *, float const , cudnn::detail::pooling_bw_kernel_avg<float, float, cudnn::detail::averpooling_func<float>, int=2, bool=0>, float const , cudnn::detail::pooling_bw_kernel_avg<float, float, cudnn::detail::averpooling_func<float>, int=2, bool=0>, cudnnTensorStruct*, cudnnPoolingStruct, float, cudnnPoolingStruct, int, cudnn::reduced_divisor, float)",90,"ipc","Executed IPC",2.308867,3.299080,2.532203
"Tesla V100-SXM2-16GB (0)","void fft2d_c2r_64x64<float, bool=0>(float*, float2*, int, int, int, int, int, int, int, int, int, int, float, float, int, float*, float*)",60,"ipc","Executed IPC",1.548348,2.434677,2.113712
"Tesla V100-SXM2-16GB (0)","void tensorflow::functor::ShuffleInTensor3Simple<float, int=2, int=1, int=0, bool=0>(int, float const *, tensorflow::functor::Dimension<int=3>, tensorflow::functor::ShuffleInTensor3Simple<float, int=2, int=1, int=0, bool=0>*)",2810,"ipc","Executed IPC",0.592343,1.742966,1.049510
"Tesla V100-SXM2-16GB (0)","volta_gcgemm_32x32_nt",276,"ipc","Executed IPC",1.604771,2.462449,2.237013
"Tesla V100-SXM2-16GB (0)","void fft2d_r2c_16x16<float>(float2*, float const *, int, int, int, int, int, int, int, int)",132,"ipc","Executed IPC",1.238013,1.839066,1.496628
"Tesla V100-SXM2-16GB (0)","void tensorflow::functor::FillPhiloxRandomKernelLaunch<tensorflow::random::TruncatedNormalDistribution<tensorflow::random::SingleSampleAdapter<tensorflow::random::PhiloxRandom>, float>>(tensorflow::random::PhiloxRandom, tensorflow::random::PhiloxRandomResultElementType*, __int64, tensorflow::functor::FillPhiloxRandomKernelLaunch<tensorflow::random::TruncatedNormalDistribution<tensorflow::random::SingleSampleAdapter<tensorflow::random::PhiloxRandom>, float>>)",95,"ipc","Executed IPC",0.686815,1.870402,1.443366
"Tesla V100-SXM2-16GB (0)","void DSE::regular_fft_clip<int=1, int=2, int=128, int=16, int=32, int=1, float, float, float2>(float*, float2*, int, int3, float2*, int, float2*, float2*, int, int, int, int, int, float, float, bool, int, float, float)",12,"ipc","Executed IPC",0.689748,1.017343,0.907542
"Tesla V100-SXM2-16GB (0)","volta_cgemm_64x32_tn",12,"ipc","Executed IPC",2.252149,2.358879,2.332223
"Tesla V100-SXM2-16GB (0)","cudnn::gemm::computeWgradSplitKOffsetsKernel(cudnn::gemm::ComputeOffsetsParams)",172,"ipc","Executed IPC",0.051969,0.170828,0.086592
"Tesla V100-SXM2-16GB (0)","volta_scudnn_128x64_stridedB_splitK_small_nn_v1",40,"ipc","Executed IPC",1.746942,2.278945,2.076953
"Tesla V100-SXM2-16GB (0)","void cudnn::detail::explicit_convolve_sgemm<float, int, int=128, int=5, int=5, int=3, int=3, int=3, int=0, bool=0>(int, int, int, float const *, int, float const , int, cudnn::detail::explicit_convolve_sgemm<float, int, int=128, int=5, int=5, int=3, int=3, int=3, int=0, bool=0>*, kernel_conv_params, int, int, float, float, int, float const *, float const *)",4,"ipc","Executed IPC",2.202248,2.206003,2.204461
"Tesla V100-SXM2-16GB (0)","void cudnn::detail::pooling_fw_4d_kernel<float, float, cudnn::detail::maxpooling_func<float, cudnnNanPropagation_t=0>, int=0, bool=0>(cudnnTensorStruct, float const *, cudnn::detail::pooling_fw_4d_kernel<float, float, cudnn::detail::maxpooling_func<float, cudnnNanPropagation_t=0>, int=0, bool=0>, cudnnTensorStruct*, cudnnPoolingStruct, float, cudnnPoolingStruct, int, cudnn::reduced_divisor, float)",50,"ipc","Executed IPC",1.665298,2.819807,2.085943
"Tesla V100-SXM2-16GB (0)","void Eigen::internal::EigenMetaKernel<Eigen::TensorEvaluator<Eigen::TensorAssignOp<Eigen::TensorMap<Eigen::Tensor<float, int=2, int=1, int>, int=16, Eigen::MakePointer>, Eigen::TensorCwiseBinaryOp<Eigen::internal::scalar_product_op<float, float>, Eigen::TensorBroadcastingOp<Eigen::array<long, unsigned long=2> const , Eigen::TensorMap<Eigen::Tensor<float const , int=2, int=1, int>, int=16, Eigen::MakePointer> const > const , Eigen::TensorMap<Eigen::Tensor<float const , int=2, int=1, int>, int=16, Eigen::MakePointer> const > const > const , Eigen::GpuDevice>, int>(float, int=2)",10,"ipc","Executed IPC",0.512499,0.544296,0.537564
"Tesla V100-SXM2-16GB (0)","void fft2d_r2c_32x32<float, unsigned int=0, bool=0>(float2*, float const *, int, int, int, int, int, int, int, int, int, cudnn::reduced_divisor, bool)",388,"ipc","Executed IPC",0.612187,1.477822,0.962640
"Tesla V100-SXM2-16GB (0)","void fft2d_r2c_32x32<float, unsigned int=1, bool=1>(float2*, float const *, int, int, int, int, int, int, int, int, int, cudnn::reduced_divisor, bool)",12,"ipc","Executed IPC",0.836566,1.801693,1.432055
"Tesla V100-SXM2-16GB (0)","void cudnn::winograd::generateWinogradTilesKernel<int=0, float, float>(cudnn::winograd::GenerateWinogradTilesParams<float, float>)",144,"ipc","Executed IPC",0.227509,1.031116,0.548524
"Tesla V100-SXM2-16GB (0)","void cudnn::detail::dgrad2d_alg1_1<float, int=0, int=4, int=6, int=3, int=2, int=4, bool=1, bool=1>(int, int, int, float const *, int, float const , int, cudnn::detail::dgrad2d_alg1_1<float, int=0, int=4, int=6, int=3, int=2, int=4, bool=1, bool=1>*, kernel_grad_params, int, int, float, int, int)",14,"ipc","Executed IPC",2.209874,2.377206,2.344727
"Tesla V100-SXM2-16GB (0)","void fft2d_r2c_32x32<float, unsigned int=5, bool=1>(float2*, float const *, int, int, int, int, int, int, int, int, int, cudnn::reduced_divisor, bool)",2,"ipc","Executed IPC",0.862647,1.126343,0.994495
"Tesla V100-SXM2-16GB (0)","void Eigen::internal::EigenMetaKernel<Eigen::TensorEvaluator<Eigen::TensorAssignOp<Eigen::TensorMap<Eigen::Tensor<float, int=2, int=1, int>, int=16, Eigen::MakePointer>, Eigen::TensorGeneratorOp<tensorflow::generator::SparseXentGradGenerator<float, int>, Eigen::TensorMap<Eigen::Tensor<float, int=2, int=1, int>, int=16, Eigen::MakePointer> const > const > const , Eigen::GpuDevice>, int>(float, int=2)",10,"ipc","Executed IPC",0.602978,0.622122,0.613735
"Tesla V100-SXM2-16GB (0)","volta_scudnn_128x64_relu_interior_nn_v1",34,"ipc","Executed IPC",2.252091,2.423879,2.330464
"Tesla V100-SXM2-16GB (0)","void cudnn::detail::dgrad_engine<float, int=128, int=6, int=8, int=3, int=3, int=5, bool=1>(int, int, int, float const *, int, float const , int, cudnn::detail::dgrad_engine<float, int=128, int=6, int=8, int=3, int=3, int=5, bool=1>*, kernel_grad_params, int, int, float, int, int, int)",194,"ipc","Executed IPC",0.716075,1.667546,1.014141
"Tesla V100-SXM2-16GB (0)","volta_gcgemm_64x32_nt",172,"ipc","Executed IPC",2.058302,2.496296,2.372116
"Tesla V100-SXM2-16GB (0)","volta_sgemm_32x128_nn",10,"ipc","Executed IPC",1.505278,1.841331,1.687916
"Tesla V100-SXM2-16GB (0)","void Eigen::internal::EigenMetaKernel<Eigen::TensorEvaluator<Eigen::TensorAssignOp<Eigen::TensorMap<Eigen::Tensor<float, int=2, int=1, int>, int=16, Eigen::MakePointer>, Eigen::TensorCwiseUnaryOp<Eigen::internal::scalar_exp_op<float>, Eigen::TensorMap<Eigen::Tensor<float, int=2, int=1, int>, int=16, Eigen::MakePointer> const > const > const , Eigen::GpuDevice>, int>(float, int=2)",10,"ipc","Executed IPC",0.613998,0.628748,0.621885
"Tesla V100-SXM2-16GB (0)","void tensorflow::functor::BlockReduceKernel<float*, float*, int=256, tensorflow::functor::Sum<float>>(float*, float*, int, float, std::iterator_traits<tensorflow::functor::BlockReduceKernel<float*, float*, int=256, tensorflow::functor::Sum<float>>>::value_type)",10,"ipc","Executed IPC",0.237454,0.250122,0.245671
"Tesla V100-SXM2-16GB (0)","void tensorflow::functor::CleanupSegments<float*, float*, cub::Sum>(float*, float*, int, int, int, cub::Sum, std::iterator_traits<tensorflow::functor::CleanupSegments<float*, float*, cub::Sum>>::value_type)",850,"ipc","Executed IPC",0.024695,0.069238,0.066824
"Tesla V100-SXM2-16GB (0)","void pooling_bw_kernel_max_nchw_fully_packed_large<float, float, int=3, cudnnNanPropagation_t=0>(cudnnTensorStruct, float const *, cudnnTensorStruct, float const *, cudnnTensorStruct, float const *, cudnnTensorStruct, float*, cudnnPoolingStruct, float, float, cudnn::reduced_divisor, cudnn::reduced_divisor, int)",10,"ipc","Executed IPC",0.951970,0.958046,0.954867
"Tesla V100-SXM2-16GB (0)","volta_sgemm_32x128_nt",10,"ipc","Executed IPC",2.369047,2.440187,2.406133
"Tesla V100-SXM2-16GB (0)","void cudnn::winograd_nonfused::winogradForwardOutput4x4<float, float>(cudnn::winograd_nonfused::WinogradOutputParams<float, float>)",24,"ipc","Executed IPC",0.506407,2.103397,0.841393
"Tesla V100-SXM2-16GB (0)","void Eigen::internal::EigenMetaKernel<Eigen::TensorEvaluator<Eigen::TensorAssignOp<Eigen::TensorMap<Eigen::Tensor<float, int=1, int=1, long>, int=16, Eigen::MakePointer>, Eigen::TensorCwiseBinaryOp<Eigen::internal::scalar_sum_op<float, float>, Eigen::TensorCwiseBinaryOp<Eigen::internal::scalar_sum_op<float, float>, Eigen::TensorCwiseBinaryOp<Eigen::internal::scalar_sum_op<float, float>, Eigen::TensorCwiseBinaryOp<Eigen::internal::scalar_sum_op<float, float>, Eigen::TensorCwiseBinaryOp<Eigen::internal::scalar_sum_op<float, float>, Eigen::TensorCwiseBinaryOp<Eigen::internal::scalar_sum_op<float, float>, Eigen::TensorCwiseBinaryOp<Eigen::internal::scalar_sum_op<float const , float const >, Eigen::TensorMap<Eigen::Tensor<float const , int=1, int=1, long>, int=16, Eigen::MakePointer> const , Eigen::TensorMap<Eigen::Tensor<float const , int=1, int=1, long>, int=16, Eigen::MakePointer> const > const , Eigen::TensorMap<Eigen::Tensor<float const , int=1, int=1, long>, int=16, Eigen::MakePointer> const > const , Eigen::TensorMap<Eigen::Tensor<float const , int=1, int=1, long>, int=16, Eigen::MakePointer> const > const , Eigen::TensorMap<Eigen::Tensor<float const , int=1, int=1, long>, int=16, Eigen::MakePointer> const > const , Eigen::TensorMap<Eigen::Tensor<float const , int=1, int=1, long>, int=16, Eigen::MakePointer> const > const , Eigen::TensorMap<Eigen::Tensor<float const , int=1, int=1, long>, int=16, Eigen::MakePointer> const > const , Eigen::TensorMap<Eigen::Tensor<float const , int=1, int=1, long>, int=16, Eigen::MakePointer> const > const > const , Eigen::GpuDevice>, long>(float, int=1)",10,"ipc","Executed IPC",0.271648,0.291604,0.283205
"Tesla V100-SXM2-16GB (0)","void DSE::vector_fft<int=1, int=2, int=256, int=16, int=16, int=1, float, float, float2>(float2*, float2, int, int3, float2*)",12,"ipc","Executed IPC",0.562423,0.567591,0.564963
"Tesla V100-SXM2-16GB (0)","volta_sgemm_128x64_tn",10,"ipc","Executed IPC",0.959696,0.999807,0.981076
"Tesla V100-SXM2-16GB (0)","volta_scudnn_128x32_relu_interior_nn_v1",6,"ipc","Executed IPC",1.580458,2.582479,2.058283
"Tesla V100-SXM2-16GB (0)","void Eigen::internal::EigenMetaKernel<Eigen::TensorEvaluator<Eigen::TensorAssignOp<Eigen::TensorMap<Eigen::Tensor<float, int=2, int=1, int>, int=16, Eigen::MakePointer>, Eigen::TensorCwiseBinaryOp<Eigen::internal::scalar_difference_op<float const , float const >, Eigen::TensorMap<Eigen::Tensor<float const , int=2, int=1, int>, int=16, Eigen::MakePointer> const , Eigen::TensorBroadcastingOp<Eigen::IndexList<Eigen::type2index<long=1>> const , Eigen::TensorReshapingOp<Eigen::IndexList<int> const , Eigen::TensorMap<Eigen::Tensor<float, int=1, int=1, int>, int=16, Eigen::MakePointer>> const > const > const > const , Eigen::GpuDevice>, int>(float, int=2)",10,"ipc","Executed IPC",0.591591,0.607314,0.599752
"Tesla V100-SXM2-16GB (0)","volta_scudnn_128x64_stridedB_interior_nn_v1",14,"ipc","Executed IPC",1.704719,2.407630,2.142941
"Tesla V100-SXM2-16GB (0)","void cub::DeviceReduceKernel<cub::DeviceReducePolicy<float, int, cub::Sum>::Policy600, cub::TransformInputIterator<float, tensorflow::squareHalf<float>, float*, long>, float*, int, cub::Sum>(int, cub::Sum, cub::DeviceReducePolicy<float, int, cub::Sum>::Policy600, cub::GridEvenShare<cub::Sum>, float)",90,"ipc","Executed IPC",0.187663,0.355651,0.239290
"Tesla V100-SXM2-16GB (0)","void cudnn::detail::implicit_convolve_sgemm<float, float, int=512, int=6, int=8, int=3, int=3, int=5, int=1, bool=1, bool=0, bool=1>(int, int, int, float const *, int, float*, cudnn::detail::implicit_convolve_sgemm<float, float, int=512, int=6, int=8, int=3, int=3, int=5, int=1, bool=1, bool=0, bool=1>*, kernel_conv_params, int, float, float, int, float, float, int, int)",146,"ipc","Executed IPC",2.010592,2.111828,2.050342
"Tesla V100-SXM2-16GB (0)","void cudnn::detail::explicit_convolve_sgemm<float, int, int=128, int=6, int=7, int=3, int=3, int=5, int=0, bool=1>(int, int, int, float const *, int, float const , int, cudnn::detail::explicit_convolve_sgemm<float, int, int=128, int=6, int=7, int=3, int=3, int=5, int=0, bool=1>*, kernel_conv_params, int, int, float, float, int, float const *, float const *)",10,"ipc","Executed IPC",2.131378,2.204513,2.156652
"Tesla V100-SXM2-16GB (0)","void DSE::regular_fft_pad<int=0, int=1, int=256, int=16, int=16, int=1, float, float, float2>(float2*, float*, int, int3, float*, int, float*, float*, int, int, int, int, int, bool)",24,"ipc","Executed IPC",1.196684,1.283817,1.251571
"Tesla V100-SXM2-16GB (0)","void tensorflow::functor::ColumnReduceKernel<float const *, float*, cub::Sum>(float const *, float*, int, int, cub::Sum, std::iterator_traits<tensorflow::functor::ColumnReduceKernel<float const *, float*, cub::Sum>>::value_type)",10,"ipc","Executed IPC",0.454051,0.490478,0.483025
"Tesla V100-SXM2-16GB (0)","void cudnn::winograd_nonfused::winogradForwardFilter9x9_5x5<float, float>(cudnn::winograd_nonfused::WinogradFilterParams<float, float>)",4,"ipc","Executed IPC",0.581572,0.682579,0.639965
"Tesla V100-SXM2-16GB (0)","void fft2d_r2c_32x32<float, unsigned int=1, bool=0>(float2*, float const *, int, int, int, int, int, int, int, int, int, cudnn::reduced_divisor, bool)",68,"ipc","Executed IPC",0.780157,1.940304,1.721711
"Tesla V100-SXM2-16GB (0)","void pooling_bw_kernel_max_nchw_fully_packed_small<float, float, int=3, cudnnNanPropagation_t=0>(cudnnTensorStruct, float const *, cudnnTensorStruct, float const *, cudnnTensorStruct, float const *, cudnnTensorStruct, float*, cudnnPoolingStruct, float, float, cudnn::reduced_divisor, cudnn::reduced_divisor)",30,"ipc","Executed IPC",1.844663,2.127481,1.971874
"Tesla V100-SXM2-16GB (0)","cudnn::gemm::computeOffsetsKernel(cudnn::gemm::ComputeOffsetsParams)",162,"ipc","Executed IPC",0.097470,0.627636,0.199758
"Tesla V100-SXM2-16GB (0)","void fft2d_r2c_32x32<float, unsigned int=5, bool=0>(float2*, float const *, int, int, int, int, int, int, int, int, int, cudnn::reduced_divisor, bool)",2,"ipc","Executed IPC",0.891170,1.116691,1.003930
"Tesla V100-SXM2-16GB (0)","volta_scudnn_128x128_relu_small_nn_v1",4,"ipc","Executed IPC",2.261675,2.290403,2.274267
"Tesla V100-SXM2-16GB (0)","void cudnn::detail::bn_bw_1C11_kernel_new<float, float, float2, int=512, bool=1, int=1>(float, cudnn::detail::bn_bw_1C11_kernel_new<float, float, float2, int=512, bool=1, int=1>, cudnn::detail::bn_bw_1C11_kernel_new<float, float, float2, int=512, bool=1, int=1>, cudnn::detail::bn_bw_1C11_kernel_new<float, float, float2, int=512, bool=1, int=1>, cudnnTensorStruct, float const *, float, float const , float, cudnnTensorStruct*, cudnn::detail::bn_bw_1C11_kernel_new<float, float, float2, int=512, bool=1, int=1> const *, cudnn::detail::bn_bw_1C11_kernel_new<float, float, float2, int=512, bool=1, int=1>*, cudnn::detail::bn_bw_1C11_kernel_new<float, float, float2, int=512, bool=1, int=1> const *, cudnn::detail::bn_bw_1C11_kernel_new<float, float, float2, int=512, bool=1, int=1> const , cudnn::detail::bn_bw_1C11_kernel_new<float, float, float2, int=512, bool=1, int=1> const , cudnn::detail::bn_bw_1C11_kernel_new<float, float, float2, int=512, bool=1, int=1>)",30,"ipc","Executed IPC",0.515669,0.694280,0.633151
"Tesla V100-SXM2-16GB (0)","void cudnn::detail::bn_bw_1C11_singleread<float, int=512, bool=1, int=1, int=2, int=0>(float, float, float, float, cudnnTensorStruct, float const *, cudnn::detail::bn_bw_1C11_singleread<float, int=512, bool=1, int=1, int=2, int=0>, float const , cudnn::detail::bn_bw_1C11_singleread<float, int=512, bool=1, int=1, int=2, int=0>, cudnnTensorStruct*, float const *, float*, float const *, float const , float const , float, cudnn::reduced_divisor, int, float*, cudnn::detail::bnBwPersistentState*, int, float, float, float, int, float, cudnnStatus_t*, bool)",910,"ipc","Executed IPC",0.783222,1.165045,0.975836
"Tesla V100-SXM2-16GB (0)","void Eigen::internal::ReductionInitKernel<float, int>(float, int, Eigen::internal::ReductionInitKernel<float, int>*)",30,"ipc","Executed IPC",0.206309,0.404007,0.345205
"Tesla V100-SXM2-16GB (0)","void fft2d_r2c_64x64<float>(float2*, float const *, int, int, int, int, int, int, int, int)",120,"ipc","Executed IPC",1.668599,2.253144,2.138413
"Tesla V100-SXM2-16GB (0)","void tensorflow::BiasGradNHWC_SharedAtomics<float>(int, float const *, tensorflow::BiasGradNHWC_SharedAtomics<float>*, int)",1,"ipc","Executed IPC",1.084290,1.084290,1.084290
"Tesla V100-SXM2-16GB (0)","void cudnn::detail::implicit_convolve_sgemm<float, float, int=128, int=6, int=7, int=3, int=3, int=5, int=1, bool=1, bool=0, bool=1>(int, int, int, float const *, int, float*, cudnn::detail::implicit_convolve_sgemm<float, float, int=128, int=6, int=7, int=3, int=3, int=5, int=1, bool=1, bool=0, bool=1>*, kernel_conv_params, int, float, float, int, float, float, int, int)",196,"ipc","Executed IPC",2.174643,2.259159,2.212798
"Tesla V100-SXM2-16GB (0)","void cudnn::detail::pooling_bw_kernel_max<float, float, cudnn::detail::maxpooling_func<float, cudnnNanPropagation_t=0>, bool=0>(cudnnTensorStruct, float const *, cudnn::detail::pooling_bw_kernel_max<float, float, cudnn::detail::maxpooling_func<float, cudnnNanPropagation_t=0>, bool=0>, float const , cudnn::detail::pooling_bw_kernel_max<float, float, cudnn::detail::maxpooling_func<float, cudnnNanPropagation_t=0>, bool=0>, float const , cudnn::detail::pooling_bw_kernel_max<float, float, cudnn::detail::maxpooling_func<float, cudnnNanPropagation_t=0>, bool=0>, cudnnTensorStruct*, cudnnPoolingStruct, float, cudnnPoolingStruct, int, cudnn::reduced_divisor, float)",10,"ipc","Executed IPC",1.567107,1.591871,1.582250
"Tesla V100-SXM2-16GB (0)","void DSE::regular_fft_pad<int=0, int=1, int=128, int=16, int=32, int=1, float, float, float2>(float2*, float*, int, int3, float*, int, float*, float*, int, int, int, int, int, bool)",24,"ipc","Executed IPC",1.186164,1.240374,1.205905
"Tesla V100-SXM2-16GB (0)","volta_scudnn_128x32_relu_small_nn_v1",4,"ipc","Executed IPC",2.475533,2.501659,2.491496
"Tesla V100-SXM2-16GB (0)","void cudnn::detail::explicit_convolve_sgemm<float, int, int=128, int=5, int=5, int=3, int=3, int=3, int=0, bool=1>(int, int, int, float const *, int, float const , int, cudnn::detail::explicit_convolve_sgemm<float, int, int=128, int=5, int=5, int=3, int=3, int=3, int=0, bool=1>*, kernel_conv_params, int, int, float, float, int, float const *, float const *)",18,"ipc","Executed IPC",1.548165,2.108694,1.935394
"Tesla V100-SXM2-16GB (0)","void fft1d_r2c_32<float, float, float2, bool=0, bool=1>(float2*, float const *, int, int3, int3, int2, int2)",24,"ipc","Executed IPC",0.529117,0.747553,0.584800
"Tesla V100-SXM2-16GB (0)","void cudnn::winograd_nonfused::winogradForwardOutput9x9_5x5<float, float>(cudnn::winograd_nonfused::WinogradOutputParams<float, float>)",4,"ipc","Executed IPC",2.267797,2.395083,2.342243
"Tesla V100-SXM2-16GB (0)","void im2col4d_kernel<float, int>(im2col4d_params, cudnnConvolutionStruct, cudnnTensor4dStruct, float const *, float*, int)",96,"ipc","Executed IPC",0.712203,1.281384,0.970481
"Tesla V100-SXM2-16GB (0)","void DSE::vector_fft<int=0, int=1, int=256, int=16, int=16, int=1, float, float, float2>(float2*, float2, int, int3, float2*)",24,"ipc","Executed IPC",0.562661,0.570791,0.565746
"Tesla V100-SXM2-16GB (0)","void cudnn::detail::implicit_convolve_sgemm<float, float, int=1024, int=6, int=7, int=3, int=3, int=5, int=1, bool=1, bool=0, bool=1>(int, int, int, float const *, int, float*, cudnn::detail::implicit_convolve_sgemm<float, float, int=1024, int=6, int=7, int=3, int=3, int=5, int=1, bool=1, bool=0, bool=1>*, kernel_conv_params, int, float, float, int, float, float, int, int)",12,"ipc","Executed IPC",2.322579,2.330729,2.327714
"Tesla V100-SXM2-16GB (0)","void cudnn::winograd::winograd3x3Kernel<float, float, int=4, int=1, int=8, bool=0>(cudnn::maxwell::winograd::KernelParams)",96,"ipc","Executed IPC",0.815511,1.523251,1.418238
"Tesla V100-SXM2-16GB (0)","volta_scudnn_128x128_stridedB_interior_nn_v1",24,"ipc","Executed IPC",1.756052,2.324724,2.135329
"Tesla V100-SXM2-16GB (0)","compute_gemm_pointers(float2**, float2 const *, int, float2 const *, int, float2 const *, int, int)",210,"ipc","Executed IPC",0.025239,0.253449,0.116641
"Tesla V100-SXM2-16GB (0)","void cudnn::detail::dgrad_engine<float, int=512, int=6, int=5, int=3, int=3, int=3, bool=1>(int, int, int, float const *, int, float const , int, cudnn::detail::dgrad_engine<float, int=512, int=6, int=5, int=3, int=3, int=3, bool=1>*, kernel_grad_params, int, int, float, int, int, int)",196,"ipc","Executed IPC",1.545661,2.311078,2.081769
"Tesla V100-SXM2-16GB (0)","void cudnn::detail::wgrad_alg0_engine<float, int=128, int=6, int=7, int=3, int=3, int=5, bool=1, int=512>(int, int, int, float const *, int, cudnn::detail::wgrad_alg0_engine<float, int=128, int=6, int=7, int=3, int=3, int=5, bool=1, int=512>*, float const , kernel_grad_params, int, float, int, int, int, int)",342,"ipc","Executed IPC",1.339488,2.227380,1.763453
"Tesla V100-SXM2-16GB (0)","void cudnn::winograd_nonfused::winogradWgradOutput4x4<float, float>(cudnn::winograd_nonfused::WinogradWgradOutputParams<float, float>)",12,"ipc","Executed IPC",0.496580,0.883469,0.658653
"Tesla V100-SXM2-16GB (0)","void Eigen::internal::InnerReductionKernel<int=128, Eigen::TensorEvaluator<Eigen::TensorReductionOp<Eigen::internal::SumReducer<float>, Eigen::IndexList<Eigen::type2index<long=1>> const , Eigen::TensorGeneratorOp<tensorflow::generator::SparseXentLossGenerator<float, int>, Eigen::TensorMap<Eigen::Tensor<float, int=2, int=1, int>, int=16, Eigen::MakePointer> const > const , Eigen::MakePointer> const , Eigen::GpuDevice>, Eigen::internal::SumReducer<float>, int>(Eigen::internal::SumReducer<float>, float, long=1, float, Eigen::internal::SumReducer<float>::CoeffReturnType*)",10,"ipc","Executed IPC",0.851225,0.884049,0.868437
"Tesla V100-SXM2-16GB (0)","void fft1d_c2r_32<float2, float, float, bool=0, bool=1, bool=0, bool=0>(float*, float2 const *, int, int3, int3, int2, int, float, float, float*, float*)",136,"ipc","Executed IPC",0.259360,1.084707,0.738155
"Tesla V100-SXM2-16GB (0)","volta_sgemm_128x64_nn",10,"ipc","Executed IPC",1.942918,2.455254,2.264740
"Tesla V100-SXM2-16GB (0)","void Eigen::internal::EigenMetaKernel<Eigen::TensorEvaluator<Eigen::TensorAssignOp<Eigen::TensorMap<Eigen::Tensor<__int64, int=1, int=1, int>, int=16, Eigen::MakePointer>, Eigen::TensorCwiseUnaryOp<Eigen::internal::scalar_right<__int64, __int64, Eigen::internal::scalar_max_op<__int64, __int64>>, Eigen::TensorMap<Eigen::Tensor<__int64 const , int=1, int=1, int>, int=16, Eigen::MakePointer> const > const > const , Eigen::GpuDevice>, int>(__int64, int=1)",1,"ipc","Executed IPC",0.141515,0.141515,0.141515
"Tesla V100-SXM2-16GB (0)","void DSE::vector_fft<int=0, int=1, int=128, int=8, int=8, int=1, float, float, float2>(float2*, float2, int, int3, float2*)",24,"ipc","Executed IPC",0.768907,0.774071,0.771838
"Tesla V100-SXM2-16GB (0)","volta_sgemm_128x64_nt",14,"ipc","Executed IPC",2.089770,2.401114,2.244629
"Tesla V100-SXM2-16GB (0)","void cub::DeviceReduceSingleTileKernel<cub::DeviceReducePolicy<float, int, cub::Sum>::Policy600, float*, float*, int, cub::Sum, float>(int, cub::Sum, cub::DeviceReducePolicy<float, int, cub::Sum>::Policy600, float*, float*)",90,"ipc","Executed IPC",0.108409,0.336301,0.271532
"Tesla V100-SXM2-16GB (0)","volta_scudnn_128x128_stridedB_splitK_xregs_large_nn_v1",4,"ipc","Executed IPC",2.308491,2.309473,2.309184
"Tesla V100-SXM2-16GB (0)","void cudnn::winograd_nonfused::winogradForwardFilter4x4<float, float>(cudnn::winograd_nonfused::WinogradFilterParams<float, float>)",24,"ipc","Executed IPC",0.338957,0.787669,0.541825
"Tesla V100-SXM2-16GB (0)","void cudnn::detail::explicit_convolve_sgemm<float, int, int=1024, int=6, int=7, int=3, int=3, int=5, int=0, bool=1>(int, int, int, float const *, int, float const , int, cudnn::detail::explicit_convolve_sgemm<float, int, int=1024, int=6, int=7, int=3, int=3, int=5, int=0, bool=1>*, kernel_conv_params, int, int, float, float, int, float const *, float const *)",38,"ipc","Executed IPC",1.724749,2.257273,2.174890
"Tesla V100-SXM2-16GB (0)","void Eigen::internal::EigenMetaKernel<Eigen::TensorEvaluator<Eigen::TensorAssignOp<Eigen::TensorMap<Eigen::Tensor<float, int=1, int=1, int>, int=16, Eigen::MakePointer>, Eigen::TensorCwiseNullaryOp<Eigen::internal::scalar_constant_op<float>, Eigen::TensorMap<Eigen::Tensor<float, int=1, int=1, int>, int=16, Eigen::MakePointer> const > const > const , Eigen::GpuDevice>, int>(float, int=1)",1880,"ipc","Executed IPC",0.432281,0.804178,0.732304
"Tesla V100-SXM2-16GB (0)","void cudnn::winograd::winograd3x3Kernel<float, float, int=2, int=2, int=8, bool=0>(cudnn::maxwell::winograd::KernelParams)",12,"ipc","Executed IPC",0.842757,0.855288,0.850907
"Tesla V100-SXM2-16GB (0)","void fft2d_c2r_16x16<float, bool=0>(float*, float2*, int, int, int, int, int, int, int, int, int, int, float, float, int, float*, float*)",66,"ipc","Executed IPC",1.389526,1.989044,1.780286
"Tesla V100-SXM2-16GB (0)","volta_scudnn_128x64_stridedB_splitK_interior_nn_v1",84,"ipc","Executed IPC",0.975649,2.374020,1.548769
"Tesla V100-SXM2-16GB (0)","void Eigen::internal::EigenMetaKernel<Eigen::TensorEvaluator<Eigen::TensorAssignOp<Eigen::TensorMap<Eigen::Tensor<float, int=1, int=1, long>, int=16, Eigen::MakePointer>, Eigen::TensorCwiseBinaryOp<Eigen::internal::scalar_sum_op<float, float>, Eigen::TensorMap<Eigen::Tensor<float, int=1, int=1, long>, int=16, Eigen::MakePointer> const , Eigen::TensorCwiseBinaryOp<Eigen::internal::scalar_sum_op<float, float>, Eigen::TensorCwiseBinaryOp<Eigen::internal::scalar_sum_op<float, float>, Eigen::TensorCwiseBinaryOp<Eigen::internal::scalar_sum_op<float, float>, Eigen::TensorCwiseBinaryOp<Eigen::internal::scalar_sum_op<float, float>, Eigen::TensorCwiseBinaryOp<Eigen::internal::scalar_sum_op<float, float>, Eigen::TensorCwiseBinaryOp<Eigen::internal::scalar_sum_op<float, float>, Eigen::TensorCwiseBinaryOp<Eigen::internal::scalar_sum_op<float const , float const >, Eigen::TensorMap<Eigen::Tensor<float const , int=1, int=1, long>, int=16, Eigen::MakePointer> const , Eigen::TensorMap<Eigen::Tensor<float const , int=1, int=1, long>, int=16, Eigen::MakePointer> const > const , Eigen::TensorMap<Eigen::Tensor<float const , int=1, int=1, long>, int=16, Eigen::MakePointer> const > const , Eigen::TensorMap<Eigen::Tensor<float const , int=1, int=1, long>, int=16, Eigen::MakePointer> const > const , Eigen::TensorMap<Eigen::Tensor<float const , int=1, int=1, long>, int=16, Eigen::MakePointer> const > const , Eigen::TensorMap<Eigen::Tensor<float const , int=1, int=1, long>, int=16, Eigen::MakePointer> const > const , Eigen::TensorMap<Eigen::Tensor<float const , int=1, int=1, long>, int=16, Eigen::MakePointer> const > const , Eigen::TensorMap<Eigen::Tensor<float const , int=1, int=1, long>, int=16, Eigen::MakePointer> const > const > const > const , Eigen::GpuDevice>, long>(float, int=1)",110,"ipc","Executed IPC",0.271151,0.460542,0.429549
"Tesla V100-SXM2-16GB (0)","void transpose_readWrite_alignment_kernel<float2, float2, int=1, bool=0, int=6, int=4, int=4>(cublasTransposeParams<float2>, float2 const *, float2*, float2 const *)",228,"ipc","Executed IPC",0.461648,0.493973,0.475016
"Tesla V100-SXM2-16GB (0)","void Eigen::internal::InnerReductionKernel<int=128, Eigen::TensorEvaluator<Eigen::TensorReductionOp<Eigen::internal::SumReducer<float>, Eigen::IndexList<Eigen::type2index<long=1>> const , Eigen::TensorCwiseUnaryOp<Eigen::internal::scalar_exp_op<float>, Eigen::TensorMap<Eigen::Tensor<float, int=2, int=1, int>, int=16, Eigen::MakePointer> const > const , Eigen::MakePointer> const , Eigen::GpuDevice>, Eigen::internal::SumReducer<float>, int>(Eigen::internal::SumReducer<float>, float, long=1, float, Eigen::internal::SumReducer<float>::CoeffReturnType*)",10,"ipc","Executed IPC",0.812559,0.818282,0.816249
"Tesla V100-SXM2-16GB (0)","void fft2d_c2r_32x32<float, bool=0, unsigned int=1, bool=0, bool=0>(float*, float2 const *, int, int, int, int, int, int, int, int, int, float, float, cudnn::reduced_divisor, bool, float*, float*)",82,"ipc","Executed IPC",1.110104,1.826727,1.400148
"Tesla V100-SXM2-16GB (0)","void Eigen::internal::EigenMetaKernel<Eigen::TensorEvaluator<Eigen::TensorAssignOp<Eigen::TensorMap<Eigen::Tensor<float, int=1, int=1, long>, int=16, Eigen::MakePointer>, Eigen::TensorCwiseBinaryOp<Eigen::internal::scalar_product_op<float const , float const >, Eigen::TensorMap<Eigen::Tensor<float const , int=1, int=1, long>, int=16, Eigen::MakePointer> const , Eigen::TensorConversionOp<float, Eigen::TensorCwiseBinaryOp<Eigen::internal::scalar_cmp_op<float const , float const , Eigen::internal::ComparisonName>, Eigen::TensorMap<Eigen::Tensor<float const , int=1, int=1, long>, int=16, Eigen::MakePointer> const , Eigen::TensorCwiseNullaryOp<Eigen::internal::scalar_constant_op<float const >, Eigen::TensorMap<Eigen::Tensor<float const , int=1, int=1, long>, int=16, Eigen::MakePointer> const > const > const > const > const > const , Eigen::GpuDevice>, long>(float, int=1)",940,"ipc","Executed IPC",0.383543,0.443640,0.408192
