==19241== NVPROF is profiling process 19241, command: python tf_cnn_benchmarks.py --num_gpus=1 --batch_size=16 --num_batches=10 --num_warmup_batches=0 --model=vgg16 --data_dir=/home/keshavsanthanam/data/imagenet --allow_growth
2019-01-27 01:23:41.254946: I tensorflow/stream_executor/cuda/cuda_gpu_executor.cc:964] successful NUMA node read from SysFS had negative value (-1), but there must be at least one NUMA node, so returning NUMA node zero
2019-01-27 01:23:41.255512: I tensorflow/core/common_runtime/gpu/gpu_device.cc:1432] Found device 0 with properties: 
name: Tesla V100-SXM2-16GB major: 7 minor: 0 memoryClockRate(GHz): 1.53
pciBusID: 0000:00:04.0
totalMemory: 15.75GiB freeMemory: 15.31GiB
2019-01-27 01:23:41.255539: I tensorflow/core/common_runtime/gpu/gpu_device.cc:1511] Adding visible gpu devices: 0
2019-01-27 01:23:42.154402: I tensorflow/core/common_runtime/gpu/gpu_device.cc:982] Device interconnect StreamExecutor with strength 1 edge matrix:
2019-01-27 01:23:42.154455: I tensorflow/core/common_runtime/gpu/gpu_device.cc:988]      0 
2019-01-27 01:23:42.154463: I tensorflow/core/common_runtime/gpu/gpu_device.cc:1001] 0:   N 
2019-01-27 01:23:42.154859: I tensorflow/core/common_runtime/gpu/gpu_device.cc:1115] Created TensorFlow device (/job:localhost/replica:0/task:0/device:GPU:0 with 14809 MB memory) -> physical GPU (device: 0, name: Tesla V100-SXM2-16GB, pci bus id: 0000:00:04.0, compute capability: 7.0)
W0127 01:23:42.940623 140509067018624 tf_logging.py:125] From /home/keshavsanthanam/gpusched/workloads/tensorflow/image_classification/benchmark_cnn.py:2250: __init__ (from tensorflow.python.training.supervisor) is deprecated and will be removed in a future version.
Instructions for updating:
Please switch to tf.train.MonitoredTrainingSession
2019-01-27 01:23:43.036719: I tensorflow/core/common_runtime/gpu/gpu_device.cc:1511] Adding visible gpu devices: 0
2019-01-27 01:23:43.036791: I tensorflow/core/common_runtime/gpu/gpu_device.cc:982] Device interconnect StreamExecutor with strength 1 edge matrix:
2019-01-27 01:23:43.036798: I tensorflow/core/common_runtime/gpu/gpu_device.cc:988]      0 
2019-01-27 01:23:43.036803: I tensorflow/core/common_runtime/gpu/gpu_device.cc:1001] 0:   N 
2019-01-27 01:23:43.037142: I tensorflow/core/common_runtime/gpu/gpu_device.cc:1115] Created TensorFlow device (/job:localhost/replica:0/task:0/device:GPU:0 with 14809 MB memory) -> physical GPU (device: 0, name: Tesla V100-SXM2-16GB, pci bus id: 0000:00:04.0, compute capability: 7.0)
I0127 01:23:43.869648 140509067018624 tf_logging.py:115] Running local_init_op.
I0127 01:24:16.488270 140509067018624 tf_logging.py:115] Done running local_init_op.
TensorFlow:  1.12
Model:       vgg16
Dataset:     imagenet
Mode:        training
SingleSess:  False
Batch size:  16 global
             16 per device
Num batches: 10
Num epochs:  0.00
Devices:     ['/gpu:0']
Data format: NCHW
Optimizer:   sgd
Variables:   parameter_server
==========
start:2019-01-27 01:23:42.157813
Generating training model
Initializing graph
Running warm up
Done warm up
Step	Img/sec	total_loss
1	images/sec: 0.3 +/- 0.0 (jitter = 0.0)	7.257
10	images/sec: 1.3 +/- 0.2 (jitter = 0.0)	7.263
----------------------------------------------------------------
total images/sec: 1.26
----------------------------------------------------------------
end:2019-01-27 01:26:23.136676
==19241== Profiling application: python tf_cnn_benchmarks.py --num_gpus=1 --batch_size=16 --num_batches=10 --num_warmup_batches=0 --model=vgg16 --data_dir=/home/keshavsanthanam/data/imagenet --allow_growth
==19241== Profiling result:
==19241== Metric result:
"Device","Kernel","Invocations","Metric Name","Metric Description","Min","Max","Avg"
"Tesla V100-SXM2-16GB (0)","void Eigen::internal::EigenMetaKernel<Eigen::TensorEvaluator<Eigen::TensorAssignOp<Eigen::TensorMap<Eigen::Tensor<float, int=1, int=1, int>, int=16, Eigen::MakePointer>, Eigen::TensorCwiseUnaryOp<Eigen::internal::scalar_right<float, float, Eigen::internal::scalar_product_op<float, float>>, Eigen::TensorMap<Eigen::Tensor<float const , int=1, int=1, int>, int=16, Eigen::MakePointer> const > const > const , Eigen::GpuDevice>, int>(float, int=1)",356,"sm_efficiency","Multiprocessor Activity",0.144540%,96.579009%,24.855240%
"Tesla V100-SXM2-16GB (0)","void Eigen::internal::EigenMetaKernel<Eigen::TensorEvaluator<Eigen::TensorAssignOp<Eigen::TensorMap<Eigen::Tensor<float, int=1, int=1, long>, int=16, Eigen::MakePointer>, Eigen::TensorCwiseBinaryOp<Eigen::internal::scalar_difference_op<float, float>, Eigen::TensorMap<Eigen::Tensor<float, int=1, int=1, long>, int=16, Eigen::MakePointer> const , Eigen::TensorCwiseBinaryOp<Eigen::internal::scalar_product_op<float const , float const >, Eigen::TensorBroadcastingOp<Eigen::array<long, unsigned long=1> const , Eigen::TensorReshapingOp<Eigen::Sizes<> const , Eigen::TensorMap<Eigen::TensorFixedSize<float const , Eigen::Sizes<>, int=1, long>, int=16, Eigen::MakePointer> const > const > const , Eigen::TensorMap<Eigen::Tensor<float const , int=1, int=1, long>, int=16, Eigen::MakePointer> const > const > const > const , Eigen::GpuDevice>, long>(float, int=1)",320,"sm_efficiency","Multiprocessor Activity",0.218379%,97.063941%,29.395991%
"Tesla V100-SXM2-16GB (0)","void flip_filter<float, float>(float*, float const *, int, int, int, int)",20,"sm_efficiency","Multiprocessor Activity",82.228423%,97.987830%,91.793251%
"Tesla V100-SXM2-16GB (0)","void Eigen::internal::InnerReductionKernel<int=128, Eigen::TensorEvaluator<Eigen::TensorReductionOp<Eigen::internal::MaxReducer<float>, Eigen::IndexList<Eigen::type2index<long=1>> const , Eigen::TensorMap<Eigen::Tensor<float const , int=2, int=1, int>, int=16, Eigen::MakePointer> const , Eigen::MakePointer> const , Eigen::GpuDevice>, Eigen::internal::MaxReducer<float>, int>(Eigen::internal::MaxReducer<float>, float, long=1, float, Eigen::internal::MaxReducer<float>::CoeffReturnType*)",10,"sm_efficiency","Multiprocessor Activity",1.050827%,1.063616%,1.058144%
"Tesla V100-SXM2-16GB (0)","void cudnn::winograd_nonfused::winogradWgradDelta4x4<float, float>(cudnn::winograd_nonfused::WinogradDeltaParams<float, float>)",18,"sm_efficiency","Multiprocessor Activity",79.320616%,98.892501%,94.478124%
"Tesla V100-SXM2-16GB (0)","void pooling_bw_kernel_max_nchw_fully_packed_small<float, float, int=2, cudnnNanPropagation_t=0>(cudnnTensorStruct, float const *, cudnnTensorStruct, float const *, cudnnTensorStruct, float const *, cudnnTensorStruct, float*, cudnnPoolingStruct, float, float, cudnn::reduced_divisor, cudnn::reduced_divisor)",20,"sm_efficiency","Multiprocessor Activity",83.172061%,93.214415%,88.309164%
"Tesla V100-SXM2-16GB (0)","void cudnn::winograd_nonfused::winogradWgradData4x4<float, float>(cudnn::winograd_nonfused::WinogradDataParams<float, float>)",18,"sm_efficiency","Multiprocessor Activity",79.059460%,98.965943%,92.877444%
"Tesla V100-SXM2-16GB (0)","void cudnn::detail::explicit_convolve_sgemm<float, int, int=1024, int=5, int=5, int=3, int=3, int=3, int=0, bool=1>(int, int, int, float const *, int, float const , int, cudnn::detail::explicit_convolve_sgemm<float, int, int=1024, int=5, int=5, int=3, int=3, int=3, int=0, bool=1>*, kernel_conv_params, int, int, float, float, int, float const *, float const *)",12,"sm_efficiency","Multiprocessor Activity",98.933732%,99.123901%,99.035029%
"Tesla V100-SXM2-16GB (0)","cudnn::gemm::computeBOffsetsKernel(cudnn::gemm::ComputeBOffsetsParams)",16,"sm_efficiency","Multiprocessor Activity",0.133542%,0.234682%,0.176027%
"Tesla V100-SXM2-16GB (0)","volta_scudnn_128x128_stridedB_splitK_small_nn_v1",8,"sm_efficiency","Multiprocessor Activity",95.776135%,97.315853%,96.525494%
"Tesla V100-SXM2-16GB (0)","void cudnn::detail::wgrad_alg0_engine<float, int=512, int=6, int=5, int=3, int=3, int=3, bool=1, int=512>(int, int, int, float const *, int, cudnn::detail::wgrad_alg0_engine<float, int=512, int=6, int=5, int=3, int=3, int=3, bool=1, int=512>*, float const , kernel_grad_params, int, float, int, int, int, int)",24,"sm_efficiency","Multiprocessor Activity",93.506713%,99.534342%,96.718690%
"Tesla V100-SXM2-16GB (0)","void DSE::vector_fft<int=1, int=2, int=128, int=8, int=8, int=1, float, float, float2>(float2*, float2, int, int3, float2*)",12,"sm_efficiency","Multiprocessor Activity",95.204836%,99.703954%,97.839619%
"Tesla V100-SXM2-16GB (0)","cudnn::gemm::computeWgradBOffsetsKernel(cudnn::gemm::ComputeBOffsetsParams)",36,"sm_efficiency","Multiprocessor Activity",0.150374%,0.280119%,0.187454%
"Tesla V100-SXM2-16GB (0)","void scalePackedTensor_kernel<float, float>(cudnnTensor4dStruct, float*, float)",92,"sm_efficiency","Multiprocessor Activity",0.800152%,76.423924%,54.381665%
"Tesla V100-SXM2-16GB (0)","volta_sgemm_128x128_nn",18,"sm_efficiency","Multiprocessor Activity",46.533664%,99.367522%,69.655194%
"Tesla V100-SXM2-16GB (0)","volta_sgemm_128x128_nt",10,"sm_efficiency","Multiprocessor Activity",44.920863%,99.521060%,77.018244%
"Tesla V100-SXM2-16GB (0)","void pointwise_mult_and_sum_complex<float2, int=8, int=4>(float2*, float2*, float2*, int, int, int, int, int, float2)",26,"sm_efficiency","Multiprocessor Activity",88.402708%,99.341793%,95.209531%
"Tesla V100-SXM2-16GB (0)","volta_scudnn_128x128_stridedB_splitK_medium_nn_v1",8,"sm_efficiency","Multiprocessor Activity",95.934994%,96.736213%,96.305972%
"Tesla V100-SXM2-16GB (0)","volta_scudnn_winograd_128x128_ldg1_ldg4_relu_tile148t_nt_v1",2,"sm_efficiency","Multiprocessor Activity",98.894212%,98.922112%,98.908162%
"Tesla V100-SXM2-16GB (0)","void cub::DeviceSegmentedReduceKernel<cub::DeviceReducePolicy<float, int, cub::Sum>::Policy600, float const *, float*, cub::TransformInputIterator<int, tensorflow::functor::RowOffset, cub::CountingInputIterator<int, long>, long>, int, cub::Sum, float>(int, cub::Sum, cub::DeviceReducePolicy<float, int, cub::Sum>::Policy600, cub::Sum, int, float*, int)",3,"sm_efficiency","Multiprocessor Activity",90.276812%,93.265354%,92.110124%
"Tesla V100-SXM2-16GB (0)","void tensorflow::BiasGradNCHW_SharedAtomics<float>(float const *, tensorflow::BiasGradNCHW_SharedAtomics<float>*, int, int, int, int)",130,"sm_efficiency","Multiprocessor Activity",69.605432%,92.009691%,82.698633%
"Tesla V100-SXM2-16GB (0)","volta_scudnn_128x128_stridedB_small_nn_v1",4,"sm_efficiency","Multiprocessor Activity",97.804057%,97.879665%,97.851513%
"Tesla V100-SXM2-16GB (0)","void tensorflow::BiasNHWCKernel<float>(int, float const *, float const , tensorflow::BiasNHWCKernel<float>*, int)",30,"sm_efficiency","Multiprocessor Activity",3.950274%,19.897283%,13.457834%
"Tesla V100-SXM2-16GB (0)","void Eigen::internal::EigenMetaKernel<Eigen::TensorEvaluator<Eigen::TensorAssignOp<Eigen::TensorMap<Eigen::Tensor<float, int=1, int=1, long>, int=16, Eigen::MakePointer>, Eigen::TensorCwiseBinaryOp<Eigen::internal::scalar_sum_op<float const , float const >, Eigen::TensorMap<Eigen::Tensor<float const , int=1, int=1, long>, int=16, Eigen::MakePointer> const , Eigen::TensorMap<Eigen::Tensor<float const , int=1, int=1, long>, int=16, Eigen::MakePointer> const > const > const , Eigen::GpuDevice>, long>(float, int=1)",320,"sm_efficiency","Multiprocessor Activity",0.196447%,96.876218%,29.425885%
"Tesla V100-SXM2-16GB (0)","void Eigen::internal::EigenMetaKernel<Eigen::TensorEvaluator<Eigen::TensorAssignOp<Eigen::TensorMap<Eigen::Tensor<float, int=1, int=1, int>, int=16, Eigen::MakePointer>, Eigen::TensorCwiseUnaryOp<Eigen::internal::scalar_right<float, float, Eigen::internal::scalar_sum_op<float, float>>, Eigen::TensorMap<Eigen::Tensor<float const , int=1, int=1, int>, int=16, Eigen::MakePointer> const > const > const , Eigen::GpuDevice>, int>(float, int=1)",10,"sm_efficiency","Multiprocessor Activity",0.220672%,0.257482%,0.237368%
"Tesla V100-SXM2-16GB (0)","void tensorflow::functor::SwapDimension1And2InTensor3UsingTiles<unsigned int, int=1024, int=1024, int=2, bool=0>(unsigned int const *, tensorflow::functor::Dimension<int=3>, tensorflow::functor::SwapDimension1And2InTensor3UsingTiles<unsigned int, int=1024, int=1024, int=2, bool=0>*)",10,"sm_efficiency","Multiprocessor Activity",83.830151%,85.254167%,84.660682%
"Tesla V100-SXM2-16GB (0)","void cudnn::detail::wgrad_alg0_engine<float, int=128, int=6, int=8, int=3, int=3, int=5, bool=1, int=512>(int, int, int, float const *, int, cudnn::detail::wgrad_alg0_engine<float, int=128, int=6, int=8, int=3, int=3, int=5, bool=1, int=512>*, float const , kernel_grad_params, int, float, int, int, int, int)",100,"sm_efficiency","Multiprocessor Activity",95.918429%,99.115818%,97.768034%
"Tesla V100-SXM2-16GB (0)","void cudnn::detail::dgrad_engine<float, int=128, int=6, int=7, int=3, int=3, int=5, bool=1>(int, int, int, float const *, int, float const , int, cudnn::detail::dgrad_engine<float, int=128, int=6, int=7, int=3, int=3, int=5, bool=1>*, kernel_grad_params, int, int, float, int, int, int)",28,"sm_efficiency","Multiprocessor Activity",97.104873%,99.514748%,99.185751%
"Tesla V100-SXM2-16GB (0)","volta_sgemm_128x32_sliced1x4_tn",10,"sm_efficiency","Multiprocessor Activity",91.794754%,93.215027%,92.608859%
"Tesla V100-SXM2-16GB (0)","void Eigen::internal::EigenMetaKernel<Eigen::TensorEvaluator<Eigen::TensorAssignOp<Eigen::TensorMap<Eigen::Tensor<float, int=1, int=1, long>, int=16, Eigen::MakePointer>, Eigen::TensorCwiseBinaryOp<Eigen::internal::scalar_max_op<float const , float const >, Eigen::TensorMap<Eigen::Tensor<float const , int=1, int=1, long>, int=16, Eigen::MakePointer> const , Eigen::TensorCwiseNullaryOp<Eigen::internal::scalar_constant_op<float const >, Eigen::TensorMap<Eigen::Tensor<float const , int=1, int=1, long>, int=16, Eigen::MakePointer> const > const > const > const , Eigen::GpuDevice>, long>(float, int=1)",150,"sm_efficiency","Multiprocessor Activity",8.348728%,96.238385%,73.341816%
"Tesla V100-SXM2-16GB (0)","volta_sgemm_64x32_sliced1x4_nn",20,"sm_efficiency","Multiprocessor Activity",81.862607%,98.502770%,93.420120%
"Tesla V100-SXM2-16GB (0)","void fft2d_c2r_32x32<float, bool=0, unsigned int=0, bool=0, bool=0>(float*, float2 const *, int, int, int, int, int, int, int, int, int, float, float, cudnn::reduced_divisor, bool, float*, float*)",560,"sm_efficiency","Multiprocessor Activity",41.714871%,90.049557%,55.137078%
"Tesla V100-SXM2-16GB (0)","void pooling_bw_kernel_max_nchw_fully_packed_large<float, float, int=2, cudnnNanPropagation_t=0>(cudnnTensorStruct, float const *, cudnnTensorStruct, float const *, cudnnTensorStruct, float const *, cudnnTensorStruct, float*, cudnnPoolingStruct, float, float, cudnn::reduced_divisor, cudnn::reduced_divisor, int)",10,"sm_efficiency","Multiprocessor Activity",94.184632%,94.726295%,94.392147%
"Tesla V100-SXM2-16GB (0)","void cudnn::detail::explicit_convolve_sgemm<float, int, int=128, int=6, int=7, int=3, int=3, int=5, int=0, bool=0>(int, int, int, float const *, int, float const , int, cudnn::detail::explicit_convolve_sgemm<float, int, int=128, int=6, int=7, int=3, int=3, int=5, int=0, bool=0>*, kernel_conv_params, int, int, float, float, int, float const *, float const *)",2,"sm_efficiency","Multiprocessor Activity",97.625791%,97.838378%,97.732085%
"Tesla V100-SXM2-16GB (0)","volta_scudnn_128x64_stridedB_small_nn_v1",12,"sm_efficiency","Multiprocessor Activity",83.152035%,97.936774%,93.928927%
"Tesla V100-SXM2-16GB (0)","volta_scudnn_128x64_relu_small_nn_v1",10,"sm_efficiency","Multiprocessor Activity",83.164101%,99.053340%,92.591762%
"Tesla V100-SXM2-16GB (0)","volta_cgemm_32x32_tn",12,"sm_efficiency","Multiprocessor Activity",98.628288%,99.672617%,99.355873%
"Tesla V100-SXM2-16GB (0)","void DSE::regular_fft_clip<int=1, int=2, int=256, int=16, int=16, int=1, float, float, float2>(float*, float2*, int, int3, float2*, int, float2*, float2*, int, int, int, int, int, float, float, bool, int, float, float)",10,"sm_efficiency","Multiprocessor Activity",92.631226%,99.623312%,97.291425%
"Tesla V100-SXM2-16GB (0)","void Eigen::internal::EigenMetaKernel<Eigen::TensorEvaluator<Eigen::TensorAssignOp<Eigen::TensorMap<Eigen::Tensor<float, int=1, int=1, int>, int=16, Eigen::MakePointer>, Eigen::TensorSelectOp<Eigen::TensorBroadcastingOp<Eigen::array<int, unsigned long=1> const , Eigen::TensorReshapingOp<Eigen::IndexList<Eigen::type2index<long=1>> const , Eigen::TensorMap<Eigen::TensorFixedSize<bool const , Eigen::Sizes<>, int=1, long>, int=16, Eigen::MakePointer> const > const > const , Eigen::TensorMap<Eigen::Tensor<float const , int=1, int=1, long>, int=16, Eigen::MakePointer> const , Eigen::TensorMap<Eigen::Tensor<float const , int=1, int=1, long>, int=16, Eigen::MakePointer> const > const > const , Eigen::GpuDevice>, long>(float, int=1)",10,"sm_efficiency","Multiprocessor Activity",0.313560%,0.342972%,0.327652%
"Tesla V100-SXM2-16GB (0)","void cudnn::detail::implicit_convolve_sgemm<float, float, int=1024, int=5, int=5, int=3, int=3, int=3, int=1, bool=1, bool=0, bool=1>(int, int, int, float const *, int, float*, cudnn::detail::implicit_convolve_sgemm<float, float, int=1024, int=5, int=5, int=3, int=3, int=3, int=1, bool=1, bool=0, bool=1>*, kernel_conv_params, int, float, float, int, float, float, int, int)",14,"sm_efficiency","Multiprocessor Activity",98.842248%,99.574979%,99.425259%
"Tesla V100-SXM2-16GB (0)","void Eigen::internal::EigenMetaKernel<Eigen::TensorEvaluator<Eigen::TensorAssignOp<Eigen::TensorMap<Eigen::Tensor<float, int=1, int=1, int>, int=16, Eigen::MakePointer>, Eigen::TensorCwiseUnaryOp<Eigen::internal::scalar_floor_op<float>, Eigen::TensorMap<Eigen::Tensor<float const , int=1, int=1, int>, int=16, Eigen::MakePointer> const > const > const , Eigen::GpuDevice>, int>(float, int=1)",20,"sm_efficiency","Multiprocessor Activity",9.090546%,18.680789%,13.974986%
"Tesla V100-SXM2-16GB (0)","void tensorflow::functor::BlockReduceKernel<cub::TransformInputIterator<float, tensorflow::squareHalf<float>, float*, long>, float*, int=256, cub::Sum>(float, float, int, float*, std::iterator_traits<tensorflow::functor::BlockReduceKernel<cub::TransformInputIterator<float, tensorflow::squareHalf<float>, float*, long>, float*, int=256, cub::Sum>>::value_type)",210,"sm_efficiency","Multiprocessor Activity",0.214178%,28.869712%,4.193049%
"Tesla V100-SXM2-16GB (0)","void cudnn::winograd_nonfused::winogradForwardData4x4<float, float>(cudnn::winograd_nonfused::WinogradDataParams<float, float>)",34,"sm_efficiency","Multiprocessor Activity",77.696945%,98.965383%,92.252738%
"Tesla V100-SXM2-16GB (0)","void cudnn::winograd::winograd3x3Kernel<float, float, int=1, int=4, int=8, bool=0>(cudnn::maxwell::winograd::KernelParams)",60,"sm_efficiency","Multiprocessor Activity",94.326077%,99.602466%,97.845626%
"Tesla V100-SXM2-16GB (0)","volta_sgemm_128x32_tn",10,"sm_efficiency","Multiprocessor Activity",85.678411%,94.591264%,90.571523%
"Tesla V100-SXM2-16GB (0)","void fft2d_c2r_64x64<float, bool=0>(float*, float2*, int, int, int, int, int, int, int, int, int, int, float, float, int, float*, float*)",12,"sm_efficiency","Multiprocessor Activity",91.087151%,99.493793%,95.632418%
"Tesla V100-SXM2-16GB (0)","void tensorflow::functor::ShuffleInTensor3Simple<float, int=2, int=1, int=0, bool=0>(int, float const *, tensorflow::functor::Dimension<int=3>, tensorflow::functor::ShuffleInTensor3Simple<float, int=2, int=1, int=0, bool=0>*)",380,"sm_efficiency","Multiprocessor Activity",0.565152%,91.669932%,63.443479%
"Tesla V100-SXM2-16GB (0)","void tensorflow::functor::RowReduceKernel<float const *, float*, cub::Sum>(float const *, float*, int, int, cub::Sum, std::iterator_traits<tensorflow::functor::RowReduceKernel<float const *, float*, cub::Sum>>::value_type)",2,"sm_efficiency","Multiprocessor Activity",51.030596%,82.497864%,66.764230%
"Tesla V100-SXM2-16GB (0)","volta_gcgemm_32x32_nt",556,"sm_efficiency","Multiprocessor Activity",65.589805%,98.731087%,82.578998%
"Tesla V100-SXM2-16GB (0)","void fft2d_r2c_16x16<float>(float2*, float const *, int, int, int, int, int, int, int, int)",12,"sm_efficiency","Multiprocessor Activity",71.686173%,98.560960%,81.767772%
"Tesla V100-SXM2-16GB (0)","void tensorflow::functor::FillPhiloxRandomKernelLaunch<tensorflow::random::TruncatedNormalDistribution<tensorflow::random::SingleSampleAdapter<tensorflow::random::PhiloxRandom>, float>>(tensorflow::random::PhiloxRandom, tensorflow::random::PhiloxRandomResultElementType*, __int64, tensorflow::functor::FillPhiloxRandomKernelLaunch<tensorflow::random::TruncatedNormalDistribution<tensorflow::random::SingleSampleAdapter<tensorflow::random::PhiloxRandom>, float>>)",16,"sm_efficiency","Multiprocessor Activity",4.880368%,96.029220%,67.034819%
"Tesla V100-SXM2-16GB (0)","void DSE::regular_fft_clip<int=1, int=2, int=128, int=16, int=32, int=1, float, float, float2>(float*, float2*, int, int3, float2*, int, float2*, float2*, int, int, int, int, int, float, float, bool, int, float, float)",12,"sm_efficiency","Multiprocessor Activity",94.780386%,99.593914%,97.259158%
"Tesla V100-SXM2-16GB (0)","cudnn::gemm::computeWgradSplitKOffsetsKernel(cudnn::gemm::ComputeOffsetsParams)",36,"sm_efficiency","Multiprocessor Activity",2.712843%,22.246199%,11.556622%
"Tesla V100-SXM2-16GB (0)","volta_scudnn_128x64_stridedB_splitK_small_nn_v1",4,"sm_efficiency","Multiprocessor Activity",97.660374%,98.285296%,98.064274%
"Tesla V100-SXM2-16GB (0)","void cudnn::detail::explicit_convolve_sgemm<float, int, int=128, int=5, int=5, int=3, int=3, int=3, int=0, bool=0>(int, int, int, float const *, int, float const , int, cudnn::detail::explicit_convolve_sgemm<float, int, int=128, int=5, int=5, int=3, int=3, int=3, int=0, bool=0>*, kernel_conv_params, int, int, float, float, int, float const *, float const *)",2,"sm_efficiency","Multiprocessor Activity",99.633605%,99.669649%,99.651627%
"Tesla V100-SXM2-16GB (0)","void cudnn::detail::pooling_fw_4d_kernel<float, float, cudnn::detail::maxpooling_func<float, cudnnNanPropagation_t=0>, int=0, bool=0>(cudnnTensorStruct, float const *, cudnn::detail::pooling_fw_4d_kernel<float, float, cudnn::detail::maxpooling_func<float, cudnnNanPropagation_t=0>, int=0, bool=0>, cudnnTensorStruct*, cudnnPoolingStruct, float, cudnnPoolingStruct, int, cudnn::reduced_divisor, float)",50,"sm_efficiency","Multiprocessor Activity",62.341338%,98.128159%,88.347416%
"Tesla V100-SXM2-16GB (0)","void Eigen::internal::EigenMetaKernel<Eigen::TensorEvaluator<Eigen::TensorAssignOp<Eigen::TensorMap<Eigen::Tensor<float, int=2, int=1, int>, int=16, Eigen::MakePointer>, Eigen::TensorCwiseBinaryOp<Eigen::internal::scalar_product_op<float, float>, Eigen::TensorBroadcastingOp<Eigen::array<long, unsigned long=2> const , Eigen::TensorMap<Eigen::Tensor<float const , int=2, int=1, int>, int=16, Eigen::MakePointer> const > const , Eigen::TensorMap<Eigen::Tensor<float const , int=2, int=1, int>, int=16, Eigen::MakePointer> const > const > const , Eigen::GpuDevice>, int>(float, int=2)",10,"sm_efficiency","Multiprocessor Activity",3.697550%,3.871911%,3.816063%
"Tesla V100-SXM2-16GB (0)","void fft2d_r2c_32x32<float, unsigned int=0, bool=0>(float2*, float const *, int, int, int, int, int, int, int, int, int, cudnn::reduced_divisor, bool)",568,"sm_efficiency","Multiprocessor Activity",2.295812%,89.420223%,47.756770%
"Tesla V100-SXM2-16GB (0)","void fft2d_r2c_32x32<float, unsigned int=1, bool=1>(float2*, float const *, int, int, int, int, int, int, int, int, int, cudnn::reduced_divisor, bool)",18,"sm_efficiency","Multiprocessor Activity",9.276982%,99.431107%,83.813877%
"Tesla V100-SXM2-16GB (0)","void tensorflow::BiasNCHWKernel<float>(int, float const *, float const , tensorflow::BiasNCHWKernel<float>*, int, int)",130,"sm_efficiency","Multiprocessor Activity",68.756210%,98.053013%,88.766552%
"Tesla V100-SXM2-16GB (0)","void cudnn::winograd::generateWinogradTilesKernel<int=0, float, float>(cudnn::winograd::GenerateWinogradTilesParams<float, float>)",132,"sm_efficiency","Multiprocessor Activity",7.923959%,83.399714%,54.369827%
"Tesla V100-SXM2-16GB (0)","void Eigen::internal::EigenMetaKernel<Eigen::TensorEvaluator<Eigen::TensorAssignOp<Eigen::TensorMap<Eigen::Tensor<float, int=2, int=1, int>, int=16, Eigen::MakePointer>, Eigen::TensorGeneratorOp<tensorflow::generator::SparseXentGradGenerator<float, int>, Eigen::TensorMap<Eigen::Tensor<float, int=2, int=1, int>, int=16, Eigen::MakePointer> const > const > const , Eigen::GpuDevice>, int>(float, int=2)",10,"sm_efficiency","Multiprocessor Activity",4.918790%,5.335500%,5.202292%
"Tesla V100-SXM2-16GB (0)","void tensorflow::functor::FillPhiloxRandomKernelLaunch<tensorflow::random::UniformDistribution<tensorflow::random::PhiloxRandom, float>>(tensorflow::random::PhiloxRandom, tensorflow::random::PhiloxRandomResultElementType*, __int64, tensorflow::functor::FillPhiloxRandomKernelLaunch<tensorflow::random::UniformDistribution<tensorflow::random::PhiloxRandom, float>>)",20,"sm_efficiency","Multiprocessor Activity",35.477241%,50.767565%,40.730984%
"Tesla V100-SXM2-16GB (0)","void cudnn::detail::dgrad_engine<float, int=128, int=6, int=8, int=3, int=3, int=5, bool=1>(int, int, int, float const *, int, float const , int, cudnn::detail::dgrad_engine<float, int=128, int=6, int=8, int=3, int=3, int=5, bool=1>*, kernel_grad_params, int, int, float, int, int, int)",8,"sm_efficiency","Multiprocessor Activity",91.609691%,99.770101%,97.556165%
"Tesla V100-SXM2-16GB (0)","void Eigen::internal::EigenMetaKernel<Eigen::TensorEvaluator<Eigen::TensorAssignOp<Eigen::TensorMap<Eigen::Tensor<float, int=2, int=1, int>, int=16, Eigen::MakePointer>, Eigen::TensorCwiseUnaryOp<Eigen::internal::scalar_exp_op<float>, Eigen::TensorMap<Eigen::Tensor<float, int=2, int=1, int>, int=16, Eigen::MakePointer> const > const > const , Eigen::GpuDevice>, int>(float, int=2)",10,"sm_efficiency","Multiprocessor Activity",3.614437%,3.802168%,3.696459%
"Tesla V100-SXM2-16GB (0)","void tensorflow::functor::BlockReduceKernel<float*, float*, int=256, tensorflow::functor::Sum<float>>(float*, float*, int, float, std::iterator_traits<tensorflow::functor::BlockReduceKernel<float*, float*, int=256, tensorflow::functor::Sum<float>>>::value_type)",10,"sm_efficiency","Multiprocessor Activity",0.292228%,0.318722%,0.303444%
"Tesla V100-SXM2-16GB (0)","void tensorflow::functor::CleanupSegments<float*, float*, cub::Sum>(float*, float*, int, int, int, cub::Sum, std::iterator_traits<tensorflow::functor::CleanupSegments<float*, float*, cub::Sum>>::value_type)",40,"sm_efficiency","Multiprocessor Activity",0.176048%,0.262771%,0.202650%
"Tesla V100-SXM2-16GB (0)","volta_sgemm_32x128_nt",10,"sm_efficiency","Multiprocessor Activity",80.619211%,84.437492%,82.680878%
"Tesla V100-SXM2-16GB (0)","volta_cgemm_32x64_tn",14,"sm_efficiency","Multiprocessor Activity",95.619521%,99.612263%,97.948145%
"Tesla V100-SXM2-16GB (0)","void cudnn::winograd_nonfused::winogradForwardOutput4x4<float, float>(cudnn::winograd_nonfused::WinogradOutputParams<float, float>)",34,"sm_efficiency","Multiprocessor Activity",77.063415%,99.032418%,93.497823%
"Tesla V100-SXM2-16GB (0)","void Eigen::internal::EigenMetaKernel<Eigen::TensorEvaluator<Eigen::TensorAssignOp<Eigen::TensorMap<Eigen::Tensor<float, int=1, int=1, long>, int=16, Eigen::MakePointer>, Eigen::TensorCwiseBinaryOp<Eigen::internal::scalar_sum_op<float, float>, Eigen::TensorCwiseBinaryOp<Eigen::internal::scalar_sum_op<float, float>, Eigen::TensorCwiseBinaryOp<Eigen::internal::scalar_sum_op<float, float>, Eigen::TensorCwiseBinaryOp<Eigen::internal::scalar_sum_op<float, float>, Eigen::TensorCwiseBinaryOp<Eigen::internal::scalar_sum_op<float, float>, Eigen::TensorCwiseBinaryOp<Eigen::internal::scalar_sum_op<float, float>, Eigen::TensorCwiseBinaryOp<Eigen::internal::scalar_sum_op<float const , float const >, Eigen::TensorMap<Eigen::Tensor<float const , int=1, int=1, long>, int=16, Eigen::MakePointer> const , Eigen::TensorMap<Eigen::Tensor<float const , int=1, int=1, long>, int=16, Eigen::MakePointer> const > const , Eigen::TensorMap<Eigen::Tensor<float const , int=1, int=1, long>, int=16, Eigen::MakePointer> const > const , Eigen::TensorMap<Eigen::Tensor<float const , int=1, int=1, long>, int=16, Eigen::MakePointer> const > const , Eigen::TensorMap<Eigen::Tensor<float const , int=1, int=1, long>, int=16, Eigen::MakePointer> const > const , Eigen::TensorMap<Eigen::Tensor<float const , int=1, int=1, long>, int=16, Eigen::MakePointer> const > const , Eigen::TensorMap<Eigen::Tensor<float const , int=1, int=1, long>, int=16, Eigen::MakePointer> const > const , Eigen::TensorMap<Eigen::Tensor<float const , int=1, int=1, long>, int=16, Eigen::MakePointer> const > const > const , Eigen::GpuDevice>, long>(float, int=1)",10,"sm_efficiency","Multiprocessor Activity",0.350105%,0.379670%,0.367212%
"Tesla V100-SXM2-16GB (0)","void DSE::vector_fft<int=1, int=2, int=256, int=16, int=16, int=1, float, float, float2>(float2*, float2, int, int3, float2*)",10,"sm_efficiency","Multiprocessor Activity",92.281586%,99.628212%,97.451869%
"Tesla V100-SXM2-16GB (0)","void Eigen::internal::EigenMetaKernel<Eigen::TensorEvaluator<Eigen::TensorAssignOp<Eigen::TensorMap<Eigen::Tensor<float, int=1, int=1, int>, int=16, Eigen::MakePointer>, Eigen::TensorCwiseBinaryOp<Eigen::internal::scalar_product_op<float, float>, Eigen::TensorMap<Eigen::Tensor<float const , int=1, int=1, int>, int=16, Eigen::MakePointer> const , Eigen::TensorMap<Eigen::Tensor<float const , int=1, int=1, long>, int=16, Eigen::MakePointer> const > const > const , Eigen::GpuDevice>, long>(float, int=1)",40,"sm_efficiency","Multiprocessor Activity",9.054187%,12.259325%,10.884950%
"Tesla V100-SXM2-16GB (0)","void Eigen::internal::EigenMetaKernel<Eigen::TensorEvaluator<Eigen::TensorAssignOp<Eigen::TensorMap<Eigen::Tensor<float, int=2, int=1, int>, int=16, Eigen::MakePointer>, Eigen::TensorCwiseBinaryOp<Eigen::internal::scalar_difference_op<float const , float const >, Eigen::TensorMap<Eigen::Tensor<float const , int=2, int=1, int>, int=16, Eigen::MakePointer> const , Eigen::TensorBroadcastingOp<Eigen::IndexList<Eigen::type2index<long=1>> const , Eigen::TensorReshapingOp<Eigen::IndexList<int> const , Eigen::TensorMap<Eigen::Tensor<float, int=1, int=1, int>, int=16, Eigen::MakePointer>> const > const > const > const , Eigen::GpuDevice>, int>(float, int=2)",10,"sm_efficiency","Multiprocessor Activity",3.605932%,3.932235%,3.785218%
"Tesla V100-SXM2-16GB (0)","void cub::DeviceReduceKernel<cub::DeviceReducePolicy<float, int, cub::Sum>::Policy600, cub::TransformInputIterator<float, tensorflow::squareHalf<float>, float*, long>, float*, int, cub::Sum>(int, cub::Sum, cub::DeviceReducePolicy<float, int, cub::Sum>::Policy600, cub::GridEvenShare<cub::Sum>, float)",110,"sm_efficiency","Multiprocessor Activity",43.582016%,98.152159%,70.033095%
"Tesla V100-SXM2-16GB (0)","void cudnn::detail::implicit_convolve_sgemm<float, float, int=512, int=6, int=8, int=3, int=3, int=5, int=1, bool=1, bool=0, bool=1>(int, int, int, float const *, int, float*, cudnn::detail::implicit_convolve_sgemm<float, float, int=512, int=6, int=8, int=3, int=3, int=5, int=1, bool=1, bool=0, bool=1>*, kernel_conv_params, int, float, float, int, float, float, int, int)",46,"sm_efficiency","Multiprocessor Activity",82.960557%,97.966640%,94.022855%
"Tesla V100-SXM2-16GB (0)","void cudnn::detail::explicit_convolve_sgemm<float, int, int=128, int=6, int=7, int=3, int=3, int=5, int=0, bool=1>(int, int, int, float const *, int, float const , int, cudnn::detail::explicit_convolve_sgemm<float, int, int=128, int=6, int=7, int=3, int=3, int=5, int=0, bool=1>*, kernel_conv_params, int, int, float, float, int, float const *, float const *)",2,"sm_efficiency","Multiprocessor Activity",82.858378%,82.905507%,82.881943%
"Tesla V100-SXM2-16GB (0)","volta_sgemm_128x32_nt",10,"sm_efficiency","Multiprocessor Activity",93.108900%,93.978015%,93.620027%
"Tesla V100-SXM2-16GB (0)","void DSE::regular_fft_pad<int=0, int=1, int=256, int=16, int=16, int=1, float, float, float2>(float2*, float*, int, int3, float*, int, float*, float*, int, int, int, int, int, bool)",20,"sm_efficiency","Multiprocessor Activity",78.091649%,99.600540%,94.213002%
"Tesla V100-SXM2-16GB (0)","void tensorflow::functor::ColumnReduceKernel<float const *, float*, cub::Sum>(float const *, float*, int, int, cub::Sum, std::iterator_traits<tensorflow::functor::ColumnReduceKernel<float const *, float*, cub::Sum>>::value_type)",7,"sm_efficiency","Multiprocessor Activity",0.723034%,16.237361%,5.972868%
"Tesla V100-SXM2-16GB (0)","void fft2d_r2c_32x32<float, unsigned int=1, bool=0>(float2*, float const *, int, int, int, int, int, int, int, int, int, cudnn::reduced_divisor, bool)",28,"sm_efficiency","Multiprocessor Activity",76.330172%,99.408979%,93.614675%
"Tesla V100-SXM2-16GB (0)","cudnn::gemm::computeOffsetsKernel(cudnn::gemm::ComputeOffsetsParams)",34,"sm_efficiency","Multiprocessor Activity",0.392883%,24.059797%,9.486660%
"Tesla V100-SXM2-16GB (0)","volta_scudnn_128x128_relu_small_nn_v1",8,"sm_efficiency","Multiprocessor Activity",97.288032%,97.837510%,97.625673%
"Tesla V100-SXM2-16GB (0)","void Eigen::internal::EigenMetaKernel<Eigen::TensorEvaluator<Eigen::TensorAssignOp<Eigen::TensorMap<Eigen::Tensor<float, int=1, int=1, int>, int=16, Eigen::MakePointer>, Eigen::TensorCwiseUnaryOp<Eigen::internal::scalar_left<float, float, Eigen::internal::scalar_product_op<float, float>>, Eigen::TensorMap<Eigen::Tensor<float const , int=1, int=1, int>, int=16, Eigen::MakePointer> const > const > const , Eigen::GpuDevice>, int>(float, int=1)",40,"sm_efficiency","Multiprocessor Activity",7.368346%,13.239608%,9.658656%
"Tesla V100-SXM2-16GB (0)","void fft2d_r2c_64x64<float>(float2*, float const *, int, int, int, int, int, int, int, int)",24,"sm_efficiency","Multiprocessor Activity",89.651439%,99.557180%,95.560433%
"Tesla V100-SXM2-16GB (0)","void tensorflow::BiasGradNHWC_SharedAtomics<float>(int, float const *, tensorflow::BiasGradNHWC_SharedAtomics<float>*, int)",30,"sm_efficiency","Multiprocessor Activity",4.703576%,24.297492%,17.044008%
"Tesla V100-SXM2-16GB (0)","void cudnn::detail::implicit_convolve_sgemm<float, float, int=128, int=6, int=7, int=3, int=3, int=5, int=1, bool=1, bool=0, bool=1>(int, int, int, float const *, int, float*, cudnn::detail::implicit_convolve_sgemm<float, float, int=128, int=6, int=7, int=3, int=3, int=5, int=1, bool=1, bool=0, bool=1>*, kernel_conv_params, int, float, float, int, float, float, int, int)",54,"sm_efficiency","Multiprocessor Activity",83.972259%,91.057481%,86.868102%
"Tesla V100-SXM2-16GB (0)","void cudnn::detail::pooling_bw_kernel_max<float, float, cudnn::detail::maxpooling_func<float, cudnnNanPropagation_t=0>, bool=0>(cudnnTensorStruct, float const *, cudnn::detail::pooling_bw_kernel_max<float, float, cudnn::detail::maxpooling_func<float, cudnnNanPropagation_t=0>, bool=0>, float const , cudnn::detail::pooling_bw_kernel_max<float, float, cudnn::detail::maxpooling_func<float, cudnnNanPropagation_t=0>, bool=0>, float const , cudnn::detail::pooling_bw_kernel_max<float, float, cudnn::detail::maxpooling_func<float, cudnnNanPropagation_t=0>, bool=0>, cudnnTensorStruct*, cudnnPoolingStruct, float, cudnnPoolingStruct, int, cudnn::reduced_divisor, float)",20,"sm_efficiency","Multiprocessor Activity",97.695823%,99.049366%,98.459096%
"Tesla V100-SXM2-16GB (0)","void DSE::regular_fft_pad<int=0, int=1, int=128, int=16, int=32, int=1, float, float, float2>(float2*, float*, int, int3, float*, int, float*, float*, int, int, int, int, int, bool)",24,"sm_efficiency","Multiprocessor Activity",93.229770%,99.521964%,97.058252%
"Tesla V100-SXM2-16GB (0)","void im2col4d_kernel<float, int>(im2col4d_params, cudnnConvolutionStruct, cudnnTensor4dStruct, float const *, float*, int)",28,"sm_efficiency","Multiprocessor Activity",84.808792%,99.677637%,93.266538%
"Tesla V100-SXM2-16GB (0)","void DSE::vector_fft<int=0, int=1, int=256, int=16, int=16, int=1, float, float, float2>(float2*, float2, int, int3, float2*)",20,"sm_efficiency","Multiprocessor Activity",71.582129%,99.601442%,92.597080%
"Tesla V100-SXM2-16GB (0)","void cudnn::detail::implicit_convolve_sgemm<float, float, int=1024, int=6, int=7, int=3, int=3, int=5, int=1, bool=1, bool=0, bool=1>(int, int, int, float const *, int, float*, cudnn::detail::implicit_convolve_sgemm<float, float, int=1024, int=6, int=7, int=3, int=3, int=5, int=1, bool=1, bool=0, bool=1>*, kernel_conv_params, int, float, float, int, float, float, int, int)",24,"sm_efficiency","Multiprocessor Activity",96.131539%,97.789079%,97.082374%
"Tesla V100-SXM2-16GB (0)","void cudnn::winograd::winograd3x3Kernel<float, float, int=4, int=1, int=8, bool=0>(cudnn::maxwell::winograd::KernelParams)",34,"sm_efficiency","Multiprocessor Activity",93.247194%,94.979410%,94.397811%
"Tesla V100-SXM2-16GB (0)","compute_gemm_pointers(float2**, float2 const *, int, float2 const *, int, float2 const *, int, int)",26,"sm_efficiency","Multiprocessor Activity",9.160611%,61.614618%,20.233369%
"Tesla V100-SXM2-16GB (0)","void cudnn::winograd_nonfused::winogradWgradOutput4x4<float, float>(cudnn::winograd_nonfused::WinogradWgradOutputParams<float, float>)",18,"sm_efficiency","Multiprocessor Activity",2.976001%,90.121288%,47.883352%
"Tesla V100-SXM2-16GB (0)","void cudnn::detail::wgrad_alg0_engine<float, int=128, int=6, int=7, int=3, int=3, int=5, bool=1, int=512>(int, int, int, float const *, int, cudnn::detail::wgrad_alg0_engine<float, int=128, int=6, int=7, int=3, int=3, int=5, bool=1, int=512>*, float const , kernel_grad_params, int, float, int, int, int, int)",24,"sm_efficiency","Multiprocessor Activity",97.458687%,99.025026%,98.353390%
"Tesla V100-SXM2-16GB (0)","void Eigen::internal::InnerReductionKernel<int=128, Eigen::TensorEvaluator<Eigen::TensorReductionOp<Eigen::internal::SumReducer<float>, Eigen::IndexList<Eigen::type2index<long=1>> const , Eigen::TensorGeneratorOp<tensorflow::generator::SparseXentLossGenerator<float, int>, Eigen::TensorMap<Eigen::Tensor<float, int=2, int=1, int>, int=16, Eigen::MakePointer> const > const , Eigen::MakePointer> const , Eigen::GpuDevice>, Eigen::internal::SumReducer<float>, int>(Eigen::internal::SumReducer<float>, float, long=1, float, Eigen::internal::SumReducer<float>::CoeffReturnType*)",10,"sm_efficiency","Multiprocessor Activity",1.065372%,1.073625%,1.067978%
"Tesla V100-SXM2-16GB (0)","volta_sgemm_128x64_nn",10,"sm_efficiency","Multiprocessor Activity",88.421829%,98.799663%,94.020715%
"Tesla V100-SXM2-16GB (0)","void Eigen::internal::EigenMetaKernel<Eigen::TensorEvaluator<Eigen::TensorAssignOp<Eigen::TensorMap<Eigen::Tensor<__int64, int=1, int=1, int>, int=16, Eigen::MakePointer>, Eigen::TensorCwiseUnaryOp<Eigen::internal::scalar_right<__int64, __int64, Eigen::internal::scalar_max_op<__int64, __int64>>, Eigen::TensorMap<Eigen::Tensor<__int64 const , int=1, int=1, int>, int=16, Eigen::MakePointer> const > const > const , Eigen::GpuDevice>, int>(__int64, int=1)",1,"sm_efficiency","Multiprocessor Activity",0.331602%,0.331602%,0.331602%
"Tesla V100-SXM2-16GB (0)","void DSE::vector_fft<int=0, int=1, int=128, int=8, int=8, int=1, float, float, float2>(float2*, float2, int, int3, float2*)",24,"sm_efficiency","Multiprocessor Activity",94.650835%,99.707473%,97.675457%
"Tesla V100-SXM2-16GB (0)","volta_sgemm_128x64_nt",34,"sm_efficiency","Multiprocessor Activity",84.262008%,98.528379%,93.201872%
"Tesla V100-SXM2-16GB (0)","void cudnn::cask::generateWinogradTilesKernel<int=0, cudnn::cask::Element<float>, cudnn::cask::Element<float>, cudnn::cask::Element<float>>(cudnn::cask::GenerateWinogradTilesParams)",2,"sm_efficiency","Multiprocessor Activity",1.198143%,2.402594%,1.800368%
"Tesla V100-SXM2-16GB (0)","void cub::DeviceReduceSingleTileKernel<cub::DeviceReducePolicy<float, int, cub::Sum>::Policy600, float*, float*, int, cub::Sum, float>(int, cub::Sum, cub::DeviceReducePolicy<float, int, cub::Sum>::Policy600, float*, float*)",110,"sm_efficiency","Multiprocessor Activity",0.218972%,0.518115%,0.315956%
"Tesla V100-SXM2-16GB (0)","void Eigen::internal::EigenMetaKernel<Eigen::TensorEvaluator<Eigen::TensorAssignOp<Eigen::TensorMap<Eigen::Tensor<float, int=1, int=1, int>, int=16, Eigen::MakePointer>, Eigen::TensorCwiseUnaryOp<Eigen::internal::scalar_left<float, float, Eigen::internal::scalar_sum_op<float, float>>, Eigen::TensorMap<Eigen::Tensor<float const , int=1, int=1, int>, int=16, Eigen::MakePointer> const > const > const , Eigen::GpuDevice>, int>(float, int=1)",20,"sm_efficiency","Multiprocessor Activity",8.145639%,16.232212%,10.407825%
"Tesla V100-SXM2-16GB (0)","volta_scudnn_128x128_stridedB_splitK_xregs_large_nn_v1",16,"sm_efficiency","Multiprocessor Activity",87.614068%,99.017545%,95.264262%
"Tesla V100-SXM2-16GB (0)","void cudnn::winograd_nonfused::winogradForwardFilter4x4<float, float>(cudnn::winograd_nonfused::WinogradFilterParams<float, float>)",34,"sm_efficiency","Multiprocessor Activity",2.622546%,88.431333%,49.805415%
"Tesla V100-SXM2-16GB (0)","void cudnn::detail::explicit_convolve_sgemm<float, int, int=1024, int=6, int=7, int=3, int=3, int=5, int=0, bool=1>(int, int, int, float const *, int, float const , int, cudnn::detail::explicit_convolve_sgemm<float, int, int=1024, int=6, int=7, int=3, int=3, int=5, int=0, bool=1>*, kernel_conv_params, int, int, float, float, int, float const *, float const *)",10,"sm_efficiency","Multiprocessor Activity",90.702589%,97.712723%,95.984464%
"Tesla V100-SXM2-16GB (0)","void cudnn::winograd::winograd3x3Kernel<float, float, int=2, int=2, int=8, bool=0>(cudnn::maxwell::winograd::KernelParams)",38,"sm_efficiency","Multiprocessor Activity",94.311164%,97.737112%,96.567871%
"Tesla V100-SXM2-16GB (0)","void fft2d_c2r_16x16<float, bool=0>(float*, float2*, int, int, int, int, int, int, int, int, int, int, float, float, int, float*, float*)",6,"sm_efficiency","Multiprocessor Activity",77.893529%,98.352505%,85.776073%
"Tesla V100-SXM2-16GB (0)","volta_sgemm_64x32_sliced1x4_tn",10,"sm_efficiency","Multiprocessor Activity",79.826152%,82.627741%,81.565728%
"Tesla V100-SXM2-16GB (0)","void Eigen::internal::EigenMetaKernel<Eigen::TensorEvaluator<Eigen::TensorAssignOp<Eigen::TensorMap<Eigen::Tensor<float, int=1, int=1, long>, int=16, Eigen::MakePointer>, Eigen::TensorCwiseBinaryOp<Eigen::internal::scalar_sum_op<float, float>, Eigen::TensorMap<Eigen::Tensor<float, int=1, int=1, long>, int=16, Eigen::MakePointer> const , Eigen::TensorCwiseBinaryOp<Eigen::internal::scalar_sum_op<float, float>, Eigen::TensorCwiseBinaryOp<Eigen::internal::scalar_sum_op<float, float>, Eigen::TensorCwiseBinaryOp<Eigen::internal::scalar_sum_op<float, float>, Eigen::TensorCwiseBinaryOp<Eigen::internal::scalar_sum_op<float, float>, Eigen::TensorCwiseBinaryOp<Eigen::internal::scalar_sum_op<float, float>, Eigen::TensorCwiseBinaryOp<Eigen::internal::scalar_sum_op<float, float>, Eigen::TensorCwiseBinaryOp<Eigen::internal::scalar_sum_op<float const , float const >, Eigen::TensorMap<Eigen::Tensor<float const , int=1, int=1, long>, int=16, Eigen::MakePointer> const , Eigen::TensorMap<Eigen::Tensor<float const , int=1, int=1, long>, int=16, Eigen::MakePointer> const > const , Eigen::TensorMap<Eigen::Tensor<float const , int=1, int=1, long>, int=16, Eigen::MakePointer> const > const , Eigen::TensorMap<Eigen::Tensor<float const , int=1, int=1, long>, int=16, Eigen::MakePointer> const > const , Eigen::TensorMap<Eigen::Tensor<float const , int=1, int=1, long>, int=16, Eigen::MakePointer> const > const , Eigen::TensorMap<Eigen::Tensor<float const , int=1, int=1, long>, int=16, Eigen::MakePointer> const > const , Eigen::TensorMap<Eigen::Tensor<float const , int=1, int=1, long>, int=16, Eigen::MakePointer> const > const , Eigen::TensorMap<Eigen::Tensor<float const , int=1, int=1, long>, int=16, Eigen::MakePointer> const > const > const > const , Eigen::GpuDevice>, long>(float, int=1)",30,"sm_efficiency","Multiprocessor Activity",0.254153%,0.373995%,0.297607%
"Tesla V100-SXM2-16GB (0)","void transpose_readWrite_alignment_kernel<float2, float2, int=1, bool=0, int=6, int=4, int=4>(cublasTransposeParams<float2>, float2 const *, float2*, float2 const *)",24,"sm_efficiency","Multiprocessor Activity",80.180949%,99.727465%,95.458140%
"Tesla V100-SXM2-16GB (0)","void Eigen::internal::InnerReductionKernel<int=128, Eigen::TensorEvaluator<Eigen::TensorReductionOp<Eigen::internal::SumReducer<float>, Eigen::IndexList<Eigen::type2index<long=1>> const , Eigen::TensorCwiseUnaryOp<Eigen::internal::scalar_exp_op<float>, Eigen::TensorMap<Eigen::Tensor<float, int=2, int=1, int>, int=16, Eigen::MakePointer> const > const , Eigen::MakePointer> const , Eigen::GpuDevice>, Eigen::internal::SumReducer<float>, int>(Eigen::internal::SumReducer<float>, float, long=1, float, Eigen::internal::SumReducer<float>::CoeffReturnType*)",10,"sm_efficiency","Multiprocessor Activity",1.045164%,1.048242%,1.046958%
"Tesla V100-SXM2-16GB (0)","void fft2d_c2r_32x32<float, bool=0, unsigned int=1, bool=0, bool=0>(float*, float2 const *, int, int, int, int, int, int, int, int, int, float, float, cudnn::reduced_divisor, bool, float*, float*)",8,"sm_efficiency","Multiprocessor Activity",84.607651%,99.296638%,93.027719%
"Tesla V100-SXM2-16GB (0)","void Eigen::internal::EigenMetaKernel<Eigen::TensorEvaluator<Eigen::TensorAssignOp<Eigen::TensorMap<Eigen::Tensor<float, int=1, int=1, long>, int=16, Eigen::MakePointer>, Eigen::TensorCwiseBinaryOp<Eigen::internal::scalar_product_op<float const , float const >, Eigen::TensorMap<Eigen::Tensor<float const , int=1, int=1, long>, int=16, Eigen::MakePointer> const , Eigen::TensorConversionOp<float, Eigen::TensorCwiseBinaryOp<Eigen::internal::scalar_cmp_op<float const , float const , Eigen::internal::ComparisonName>, Eigen::TensorMap<Eigen::Tensor<float const , int=1, int=1, long>, int=16, Eigen::MakePointer> const , Eigen::TensorCwiseNullaryOp<Eigen::internal::scalar_constant_op<float const >, Eigen::TensorMap<Eigen::Tensor<float const , int=1, int=1, long>, int=16, Eigen::MakePointer> const > const > const > const > const > const , Eigen::GpuDevice>, long>(float, int=1)",150,"sm_efficiency","Multiprocessor Activity",21.016829%,98.829101%,82.126271%
