==3683== NVPROF is profiling process 3683, command: python tf_cnn_benchmarks.py --num_gpus=1 --batch_size=64 --num_batches=10 --num_warmup_batches=0 --model=inception3 --data_dir=/home/keshavsanthanam/data/imagenet --allow_growth
2018-12-23 19:02:09.424985: I tensorflow/stream_executor/cuda/cuda_gpu_executor.cc:964] successful NUMA node read from SysFS had negative value (-1), but there must be at least one NUMA node, so returning NUMA node zero
2018-12-23 19:02:09.425510: I tensorflow/core/common_runtime/gpu/gpu_device.cc:1432] Found device 0 with properties: 
name: Tesla P100-PCIE-16GB major: 6 minor: 0 memoryClockRate(GHz): 1.3285
pciBusID: 0000:00:04.0
totalMemory: 15.90GiB freeMemory: 15.60GiB
2018-12-23 19:02:09.425543: I tensorflow/core/common_runtime/gpu/gpu_device.cc:1511] Adding visible gpu devices: 0
2018-12-23 19:02:09.797886: I tensorflow/core/common_runtime/gpu/gpu_device.cc:982] Device interconnect StreamExecutor with strength 1 edge matrix:
2018-12-23 19:02:09.797972: I tensorflow/core/common_runtime/gpu/gpu_device.cc:988]      0 
2018-12-23 19:02:09.797982: I tensorflow/core/common_runtime/gpu/gpu_device.cc:1001] 0:   N 
2018-12-23 19:02:09.798320: I tensorflow/core/common_runtime/gpu/gpu_device.cc:1115] Created TensorFlow device (/job:localhost/replica:0/task:0/device:GPU:0 with 15120 MB memory) -> physical GPU (device: 0, name: Tesla P100-PCIE-16GB, pci bus id: 0000:00:04.0, compute capability: 6.0)
W1223 19:02:15.828085 139911409594752 tf_logging.py:125] From /home/keshavsanthanam/dl_scheduling/workloads/tensorflow/image_classification/benchmark_cnn.py:2250: __init__ (from tensorflow.python.training.supervisor) is deprecated and will be removed in a future version.
Instructions for updating:
Please switch to tf.train.MonitoredTrainingSession
2018-12-23 19:02:16.854082: I tensorflow/core/common_runtime/gpu/gpu_device.cc:1511] Adding visible gpu devices: 0
2018-12-23 19:02:16.854157: I tensorflow/core/common_runtime/gpu/gpu_device.cc:982] Device interconnect StreamExecutor with strength 1 edge matrix:
2018-12-23 19:02:16.854166: I tensorflow/core/common_runtime/gpu/gpu_device.cc:988]      0 
2018-12-23 19:02:16.854171: I tensorflow/core/common_runtime/gpu/gpu_device.cc:1001] 0:   N 
2018-12-23 19:02:16.854583: I tensorflow/core/common_runtime/gpu/gpu_device.cc:1115] Created TensorFlow device (/job:localhost/replica:0/task:0/device:GPU:0 with 15120 MB memory) -> physical GPU (device: 0, name: Tesla P100-PCIE-16GB, pci bus id: 0000:00:04.0, compute capability: 6.0)
I1223 19:02:20.925530 139911409594752 tf_logging.py:115] Running local_init_op.
I1223 19:02:50.447207 139911409594752 tf_logging.py:115] Done running local_init_op.
2018-12-23 19:03:06.157414: I tensorflow/core/kernels/data/shuffle_dataset_op.cc:98] Filling up shuffle buffer (this may take a while): 6560 of 10000
2018-12-23 19:03:11.398459: I tensorflow/core/kernels/data/shuffle_dataset_op.cc:136] Shuffle buffer filled.
2018-12-23 19:03:34.831218: E tensorflow/stream_executor/cuda/cuda_driver.cc:806] failed to allocate 4.00G (4294967296 bytes) from device: CUDA_ERROR_OUT_OF_MEMORY: out of memory
2018-12-23 19:03:34.832543: E tensorflow/stream_executor/cuda/cuda_driver.cc:806] failed to allocate 3.60G (3865470464 bytes) from device: CUDA_ERROR_OUT_OF_MEMORY: out of memory
2018-12-23 19:03:34.833869: E tensorflow/stream_executor/cuda/cuda_driver.cc:806] failed to allocate 3.24G (3478923264 bytes) from device: CUDA_ERROR_OUT_OF_MEMORY: out of memory
2018-12-23 19:06:10.354456: E tensorflow/stream_executor/cuda/cuda_driver.cc:806] failed to allocate 7.85G (8425410304 bytes) from device: CUDA_ERROR_OUT_OF_MEMORY: out of memory
2018-12-23 19:06:10.354501: W tensorflow/core/common_runtime/bfc_allocator.cc:211] Allocator (GPU_0_bfc) ran out of memory trying to allocate 1.23GiB. The caller indicates that this is not a failure, but may mean that there could be performance gains if more memory were available.
2018-12-23 19:06:12.915375: E tensorflow/stream_executor/cuda/cuda_driver.cc:806] failed to allocate 7.85G (8425410304 bytes) from device: CUDA_ERROR_OUT_OF_MEMORY: out of memory
2018-12-23 19:06:12.915419: W tensorflow/core/common_runtime/bfc_allocator.cc:211] Allocator (GPU_0_bfc) ran out of memory trying to allocate 1.41GiB. The caller indicates that this is not a failure, but may mean that there could be performance gains if more memory were available.
2018-12-23 19:06:32.069803: E tensorflow/stream_executor/cuda/cuda_driver.cc:806] failed to allocate 7.85G (8425410304 bytes) from device: CUDA_ERROR_OUT_OF_MEMORY: out of memory
2018-12-23 19:06:32.069851: W tensorflow/core/common_runtime/bfc_allocator.cc:211] Allocator (GPU_0_bfc) ran out of memory trying to allocate 1.69GiB. The caller indicates that this is not a failure, but may mean that there could be performance gains if more memory were available.
2018-12-23 19:06:35.012187: E tensorflow/stream_executor/cuda/cuda_driver.cc:806] failed to allocate 7.85G (8425410304 bytes) from device: CUDA_ERROR_OUT_OF_MEMORY: out of memory
2018-12-23 19:06:35.012233: W tensorflow/core/common_runtime/bfc_allocator.cc:211] Allocator (GPU_0_bfc) ran out of memory trying to allocate 1.97GiB. The caller indicates that this is not a failure, but may mean that there could be performance gains if more memory were available.
2018-12-23 19:06:38.882156: E tensorflow/stream_executor/cuda/cuda_driver.cc:806] failed to allocate 7.85G (8425410304 bytes) from device: CUDA_ERROR_OUT_OF_MEMORY: out of memory
2018-12-23 19:06:38.882206: W tensorflow/core/common_runtime/bfc_allocator.cc:211] Allocator (GPU_0_bfc) ran out of memory trying to allocate 2.25GiB. The caller indicates that this is not a failure, but may mean that there could be performance gains if more memory were available.
2018-12-23 19:06:42.180578: E tensorflow/stream_executor/cuda/cuda_driver.cc:806] failed to allocate 7.85G (8425410304 bytes) from device: CUDA_ERROR_OUT_OF_MEMORY: out of memory
2018-12-23 19:06:42.180639: W tensorflow/core/common_runtime/bfc_allocator.cc:211] Allocator (GPU_0_bfc) ran out of memory trying to allocate 1.13GiB. The caller indicates that this is not a failure, but may mean that there could be performance gains if more memory were available.
2018-12-23 19:06:50.029908: E tensorflow/stream_executor/cuda/cuda_driver.cc:806] failed to allocate 7.85G (8425410304 bytes) from device: CUDA_ERROR_OUT_OF_MEMORY: out of memory
2018-12-23 19:06:50.029955: W tensorflow/core/common_runtime/bfc_allocator.cc:211] Allocator (GPU_0_bfc) ran out of memory trying to allocate 1.45GiB. The caller indicates that this is not a failure, but may mean that there could be performance gains if more memory were available.
2018-12-23 19:06:52.579462: E tensorflow/stream_executor/cuda/cuda_driver.cc:806] failed to allocate 7.85G (8425410304 bytes) from device: CUDA_ERROR_OUT_OF_MEMORY: out of memory
2018-12-23 19:06:52.579509: W tensorflow/core/common_runtime/bfc_allocator.cc:211] Allocator (GPU_0_bfc) ran out of memory trying to allocate 1.41GiB. The caller indicates that this is not a failure, but may mean that there could be performance gains if more memory were available.
2018-12-23 19:07:02.529393: E tensorflow/stream_executor/cuda/cuda_driver.cc:806] failed to allocate 7.85G (8425410304 bytes) from device: CUDA_ERROR_OUT_OF_MEMORY: out of memory
2018-12-23 19:07:02.529441: W tensorflow/core/common_runtime/bfc_allocator.cc:211] Allocator (GPU_0_bfc) ran out of memory trying to allocate 892.50MiB. The caller indicates that this is not a failure, but may mean that there could be performance gains if more memory were available.
2018-12-23 19:07:07.945409: E tensorflow/stream_executor/cuda/cuda_driver.cc:806] failed to allocate 7.85G (8425410304 bytes) from device: CUDA_ERROR_OUT_OF_MEMORY: out of memory
2018-12-23 19:07:07.945454: W tensorflow/core/common_runtime/bfc_allocator.cc:211] Allocator (GPU_0_bfc) ran out of memory trying to allocate 1.74GiB. The caller indicates that this is not a failure, but may mean that there could be performance gains if more memory were available.
2018-12-23 19:07:11.072021: E tensorflow/stream_executor/cuda/cuda_driver.cc:806] failed to allocate 7.85G (8425410304 bytes) from device: CUDA_ERROR_OUT_OF_MEMORY: out of memory
2018-12-23 19:07:14.408121: E tensorflow/stream_executor/cuda/cuda_driver.cc:806] failed to allocate 7.85G (8425410304 bytes) from device: CUDA_ERROR_OUT_OF_MEMORY: out of memory
2018-12-23 19:07:21.109452: E tensorflow/stream_executor/cuda/cuda_driver.cc:806] failed to allocate 7.85G (8425410304 bytes) from device: CUDA_ERROR_OUT_OF_MEMORY: out of memory
2018-12-23 19:07:24.224936: E tensorflow/stream_executor/cuda/cuda_driver.cc:806] failed to allocate 7.85G (8425410304 bytes) from device: CUDA_ERROR_OUT_OF_MEMORY: out of memory
2018-12-23 19:07:38.839548: E tensorflow/stream_executor/cuda/cuda_driver.cc:806] failed to allocate 7.85G (8425410304 bytes) from device: CUDA_ERROR_OUT_OF_MEMORY: out of memory
2018-12-23 19:07:44.666935: E tensorflow/stream_executor/cuda/cuda_driver.cc:806] failed to allocate 7.85G (8425410304 bytes) from device: CUDA_ERROR_OUT_OF_MEMORY: out of memory
2018-12-23 19:07:46.960683: E tensorflow/stream_executor/cuda/cuda_driver.cc:806] failed to allocate 7.85G (8425410304 bytes) from device: CUDA_ERROR_OUT_OF_MEMORY: out of memory
2018-12-23 19:07:53.632187: E tensorflow/stream_executor/cuda/cuda_driver.cc:806] failed to allocate 7.85G (8425410304 bytes) from device: CUDA_ERROR_OUT_OF_MEMORY: out of memory
2018-12-23 19:07:55.529492: E tensorflow/stream_executor/cuda/cuda_driver.cc:806] failed to allocate 7.85G (8425410304 bytes) from device: CUDA_ERROR_OUT_OF_MEMORY: out of memory
2018-12-23 19:11:09.629548: E tensorflow/stream_executor/cuda/cuda_driver.cc:806] failed to allocate 7.85G (8425410304 bytes) from device: CUDA_ERROR_OUT_OF_MEMORY: out of memory
2018-12-23 19:11:54.442349: E tensorflow/stream_executor/cuda/cuda_driver.cc:806] failed to allocate 7.85G (8425410304 bytes) from device: CUDA_ERROR_OUT_OF_MEMORY: out of memory
2018-12-23 19:12:09.720288: E tensorflow/stream_executor/cuda/cuda_driver.cc:806] failed to allocate 7.85G (8425410304 bytes) from device: CUDA_ERROR_OUT_OF_MEMORY: out of memory
TensorFlow:  1.12
Model:       inception3
Dataset:     imagenet
Mode:        training
SingleSess:  False
Batch size:  64 global
             64 per device
Num batches: 10
Num epochs:  0.00
Devices:     ['/gpu:0']
Data format: NCHW
Optimizer:   sgd
Variables:   parameter_server
==========
start:2018-12-23 19:02:09.801769
Generating training model
Initializing graph
Running warm up
Done warm up
Step	Img/sec	total_loss
1	images/sec: 0.1 +/- 0.0 (jitter = 0.0)	7.334
10	images/sec: 0.3 +/- 0.0 (jitter = 0.0)	7.371
----------------------------------------------------------------
total images/sec: 0.34
----------------------------------------------------------------
end:2018-12-23 19:34:28.420367
==3683== Profiling application: python tf_cnn_benchmarks.py --num_gpus=1 --batch_size=64 --num_batches=10 --num_warmup_batches=0 --model=inception3 --data_dir=/home/keshavsanthanam/data/imagenet --allow_growth
==3683== Profiling result:
==3683== Metric result:
"Device","Kernel","Invocations","Metric Name","Metric Description","Min","Max","Avg"
"Tesla P100-PCIE-16GB (0)","void Eigen::internal::EigenMetaKernel<Eigen::TensorEvaluator<Eigen::TensorAssignOp<Eigen::TensorMap<Eigen::Tensor<float, int=1, int=1, int>, int=16, Eigen::MakePointer>, Eigen::TensorCwiseUnaryOp<Eigen::internal::scalar_right<float, float, Eigen::internal::scalar_product_op<float, float>>, Eigen::TensorMap<Eigen::Tensor<float const , int=1, int=1, int>, int=16, Eigen::MakePointer> const > const > const , Eigen::GpuDevice>, int>(float, int=1)",2955,"flop_count_sp","Floating Point Operations(Single Precision)",1,2050048,88719
"Tesla P100-PCIE-16GB (0)","void Eigen::internal::EigenMetaKernel<Eigen::TensorEvaluator<Eigen::TensorAssignOp<Eigen::TensorMap<Eigen::Tensor<float, int=1, int=1, long>, int=16, Eigen::MakePointer>, Eigen::TensorCwiseBinaryOp<Eigen::internal::scalar_difference_op<float, float>, Eigen::TensorMap<Eigen::Tensor<float, int=1, int=1, long>, int=16, Eigen::MakePointer> const , Eigen::TensorCwiseBinaryOp<Eigen::internal::scalar_product_op<float const , float const >, Eigen::TensorBroadcastingOp<Eigen::array<long, unsigned long=1> const , Eigen::TensorReshapingOp<Eigen::Sizes<> const , Eigen::TensorMap<Eigen::TensorFixedSize<float const , Eigen::Sizes<>, int=1, long>, int=16, Eigen::MakePointer> const > const > const , Eigen::TensorMap<Eigen::Tensor<float const , int=1, int=1, long>, int=16, Eigen::MakePointer> const > const > const > const , Eigen::GpuDevice>, long>(float, int=1)",1900,"flop_count_sp","Floating Point Operations(Single Precision)",64,4100096,250730
"Tesla P100-PCIE-16GB (0)","void Eigen::internal::EigenMetaKernel<Eigen::TensorEvaluator<Eigen::TensorAssignOp<Eigen::TensorMap<Eigen::Tensor<float, int=1, int=1, long>, int=16, Eigen::MakePointer>, Eigen::TensorCwiseBinaryOp<Eigen::internal::scalar_sum_op<float, float>, Eigen::TensorCwiseBinaryOp<Eigen::internal::scalar_sum_op<float, float>, Eigen::TensorCwiseBinaryOp<Eigen::internal::scalar_sum_op<float const , float const >, Eigen::TensorMap<Eigen::Tensor<float const , int=1, int=1, long>, int=16, Eigen::MakePointer> const , Eigen::TensorMap<Eigen::Tensor<float const , int=1, int=1, long>, int=16, Eigen::MakePointer> const > const , Eigen::TensorMap<Eigen::Tensor<float const , int=1, int=1, long>, int=16, Eigen::MakePointer> const > const , Eigen::TensorMap<Eigen::Tensor<float const , int=1, int=1, long>, int=16, Eigen::MakePointer> const > const > const , Eigen::GpuDevice>, long>(float, int=1)",90,"flop_count_sp","Floating Point Operations(Single Precision)",15728640,67737600,42717866
"Tesla P100-PCIE-16GB (0)","void flip_filter<float, float>(float*, float const *, int, int, int, int)",57,"flop_count_sp","Floating Point Operations(Single Precision)",0,0,0
"Tesla P100-PCIE-16GB (0)","void Eigen::internal::InnerReductionKernel<int=128, Eigen::TensorEvaluator<Eigen::TensorReductionOp<Eigen::internal::MaxReducer<float>, Eigen::IndexList<Eigen::type2index<long=1>> const , Eigen::TensorMap<Eigen::Tensor<float const , int=2, int=1, int>, int=16, Eigen::MakePointer> const , Eigen::MakePointer> const , Eigen::GpuDevice>, Eigen::internal::MaxReducer<float>, int>(Eigen::internal::MaxReducer<float>, float, long=1, float, Eigen::internal::MaxReducer<float>::CoeffReturnType*)",10,"flop_count_sp","Floating Point Operations(Single Precision)",0,0,0
"Tesla P100-PCIE-16GB (0)","void Eigen::internal::EigenMetaKernel<Eigen::TensorEvaluator<Eigen::TensorAssignOp<Eigen::TensorMap<Eigen::Tensor<float, int=4, int=1, int>, int=16, Eigen::MakePointer>, Eigen::TensorSlicingOp<Eigen::DSizes<int, int=4> const , Eigen::DSizes<int, int=4> const , Eigen::TensorMap<Eigen::Tensor<float const , int=4, int=1, int>, int=16, Eigen::MakePointer> const > const > const , Eigen::GpuDevice>, int>(float, int=4)",460,"flop_count_sp","Floating Point Operations(Single Precision)",0,0,0
"Tesla P100-PCIE-16GB (0)","void cudnn::winograd_nonfused::winogradWgradDelta4x4<float, float>(cudnn::winograd_nonfused::WinogradDeltaParams<float, float>)",66,"flop_count_sp","Floating Point Operations(Single Precision)",16121856,874717184,166969530
"Tesla P100-PCIE-16GB (0)","maxwell_gcgemm_32x32_nt",22,"flop_count_sp","Floating Point Operations(Single Precision)",888504320,4298470400,3187363258
"Tesla P100-PCIE-16GB (0)","void Eigen::internal::EigenMetaKernel<Eigen::TensorEvaluator<Eigen::TensorAssignOp<Eigen::TensorMap<Eigen::Tensor<float, int=1, int=1, int>, int=16, Eigen::MakePointer>, Eigen::TensorCwiseBinaryOp<Eigen::internal::scalar_difference_op<float, float>, Eigen::TensorMap<Eigen::Tensor<float const , int=1, int=1, int>, int=16, Eigen::MakePointer> const , Eigen::TensorMap<Eigen::Tensor<float const , int=1, int=1, long>, int=16, Eigen::MakePointer> const > const > const , Eigen::GpuDevice>, long>(float, int=1)",1880,"flop_count_sp","Floating Point Operations(Single Precision)",32,448,183
"Tesla P100-PCIE-16GB (0)","cudnn_maxwell_gcgemm_32x32_tn_batched",8,"flop_count_sp","Floating Point Operations(Single Precision)",5098536960,26118963200,8283781120
"Tesla P100-PCIE-16GB (0)","void cudnn::winograd_nonfused::winogradWgradData4x4<float, float>(cudnn::winograd_nonfused::WinogradDataParams<float, float>)",66,"flop_count_sp","Floating Point Operations(Single Precision)",42663936,728678400,188507601
"Tesla P100-PCIE-16GB (0)","void cudnn::detail::explicit_convolve_sgemm<float, int, int=1024, int=5, int=5, int=3, int=3, int=3, int=0, bool=1>(int, int, int, float const *, int, float const , int, cudnn::detail::explicit_convolve_sgemm<float, int, int=1024, int=5, int=5, int=3, int=3, int=3, int=0, bool=1>*, kernel_conv_params, int, int, float, float, int, float const *, float const *)",16,"flop_count_sp","Floating Point Operations(Single Precision)",1930521600,2895155200,2733572800
"Tesla P100-PCIE-16GB (0)","maxwell_scudnn_128x64_relu_small_nn",30,"flop_count_sp","Floating Point Operations(Single Precision)",6392954880,51161415680,8499930726
"Tesla P100-PCIE-16GB (0)","void Eigen::internal::EigenMetaKernel<Eigen::TensorEvaluator<Eigen::TensorAssignOp<Eigen::TensorMap<Eigen::Tensor<float, int=1, int=1, long>, int=16, Eigen::MakePointer>, Eigen::TensorCwiseBinaryOp<Eigen::internal::scalar_sum_op<float, float>, Eigen::TensorCwiseBinaryOp<Eigen::internal::scalar_sum_op<float const , float const >, Eigen::TensorMap<Eigen::Tensor<float const , int=1, int=1, long>, int=16, Eigen::MakePointer> const , Eigen::TensorMap<Eigen::Tensor<float const , int=1, int=1, long>, int=16, Eigen::MakePointer> const > const , Eigen::TensorMap<Eigen::Tensor<float const , int=1, int=1, long>, int=16, Eigen::MakePointer> const > const > const , Eigen::GpuDevice>, long>(float, int=1)",20,"flop_count_sp","Floating Point Operations(Single Precision)",28409856,45158400,36784128
"Tesla P100-PCIE-16GB (0)","void fft1d_c2r_32<float2, float, float, bool=0, bool=1, bool=0, bool=1>(float*, float2 const *, int, int3, int3, int2, int, float, float, float*, float*)",242,"flop_count_sp","Floating Point Operations(Single Precision)",46514176,69771264,61595461
"Tesla P100-PCIE-16GB (0)","void cudnn::detail::wgrad_alg0_engine<float, int=512, int=6, int=5, int=3, int=3, int=3, bool=1, int=512>(int, int, int, float const *, int, cudnn::detail::wgrad_alg0_engine<float, int=512, int=6, int=5, int=3, int=3, int=3, bool=1, int=512>*, float const , kernel_grad_params, int, float, int, int, int, int)",171,"flop_count_sp","Floating Point Operations(Single Precision)",970063872,56715771904,7962947033
"Tesla P100-PCIE-16GB (0)","void DSE::vector_fft<int=1, int=2, int=128, int=8, int=8, int=1, float, float, float2>(float2*, float2, int, int3, float2*)",5,"flop_count_sp","Floating Point Operations(Single Precision)",1235353600,4632576000,2532474880
"Tesla P100-PCIE-16GB (0)","cudnn_maxwell_cgemm_32x64_tn_batched",8,"flop_count_sp","Floating Point Operations(Single Precision)",6721634304,34626600960,13778190336
"Tesla P100-PCIE-16GB (0)","void scalePackedTensor_kernel<float, float>(cudnnTensor4dStruct, float*, float)",672,"flop_count_sp","Floating Point Operations(Single Precision)",0,0,0
"Tesla P100-PCIE-16GB (0)","maxwell_scudnn_128x64_stridedB_splitK_interior_nn",40,"flop_count_sp","Floating Point Operations(Single Precision)",2015232000,95177097216,8625805721
"Tesla P100-PCIE-16GB (0)","void cudnn::detail::dgrad2d_alg1_1<float, int=0, int=6, int=6, int=5, int=4, int=4, bool=1, bool=1>(int, int, int, float const *, int, float const , int, cudnn::detail::dgrad2d_alg1_1<float, int=0, int=6, int=6, int=5, int=4, int=4, bool=1, bool=1>*, kernel_grad_params, int, int, float, int, int)",12,"flop_count_sp","Floating Point Operations(Single Precision)",3559409664,42387167232,39151520768
"Tesla P100-PCIE-16GB (0)","void pointwise_mult_and_sum_complex<float2, int=8, int=4>(float2*, float2*, float2*, int, int, int, int, int, float2)",11,"flop_count_sp","Floating Point Operations(Single Precision)",3334864896,65686732800,18194110277
"Tesla P100-PCIE-16GB (0)","void cudnn::detail::pooling_fw_4d_kernel<float, float, cudnn::detail::averpooling_func<float>, int=2, bool=0>(cudnnTensorStruct, float const *, cudnn::detail::pooling_fw_4d_kernel<float, float, cudnn::detail::averpooling_func<float>, int=2, bool=0>, cudnnTensorStruct*, cudnnPoolingStruct, float, cudnnPoolingStruct, int, cudnn::reduced_divisor, float)",90,"flop_count_sp","Floating Point Operations(Single Precision)",11399529,539022153,323074332
"Tesla P100-PCIE-16GB (0)","cudnn::maxwell::gemm::computeWgradOffsetsKernel(cudnn::maxwell::gemm::ComputeOffsetsParams)",116,"flop_count_sp","Floating Point Operations(Single Precision)",0,0,0
"Tesla P100-PCIE-16GB (0)","void tensorflow::BiasNHWCKernel<float>(int, float const *, float const , tensorflow::BiasNHWCKernel<float>*, int)",10,"flop_count_sp","Floating Point Operations(Single Precision)",64064,64064,64064
"Tesla P100-PCIE-16GB (0)","void cudnn::detail::bn_fw_tr_1C11_singleread<float, int=512, bool=1, int=1, int=2, int=0>(cudnnTensorStruct, float const *, cudnn::detail::bn_fw_tr_1C11_singleread<float, int=512, bool=1, int=1, int=2, int=0>, cudnnTensorStruct*, float const *, float const , float, float, float*, float const *, float const *, float const *, float, float, cudnn::reduced_divisor, int, float*, cudnn::detail::bnFwPersistentState*, int, float, float, float, int, float, float, cudnnStatus_t*, bool)",200,"flop_count_sp","Floating Point Operations(Single Precision)",6453120,15057280,11830720
"Tesla P100-PCIE-16GB (0)","void Eigen::internal::EigenMetaKernel<Eigen::TensorEvaluator<Eigen::TensorAssignOp<Eigen::TensorMap<Eigen::Tensor<float, int=1, int=1, long>, int=16, Eigen::MakePointer>, Eigen::TensorCwiseBinaryOp<Eigen::internal::scalar_sum_op<float const , float const >, Eigen::TensorMap<Eigen::Tensor<float const , int=1, int=1, long>, int=16, Eigen::MakePointer> const , Eigen::TensorMap<Eigen::Tensor<float const , int=1, int=1, long>, int=16, Eigen::MakePointer> const > const > const , Eigen::GpuDevice>, long>(float, int=1)",1000,"flop_count_sp","Floating Point Operations(Single Precision)",864,2050048,300936
"Tesla P100-PCIE-16GB (0)","void Eigen::internal::EigenMetaKernel<Eigen::TensorEvaluator<Eigen::TensorAssignOp<Eigen::TensorMap<Eigen::Tensor<float, int=1, int=1, int>, int=16, Eigen::MakePointer>, Eigen::TensorCwiseUnaryOp<Eigen::internal::scalar_right<float, float, Eigen::internal::scalar_sum_op<float, float>>, Eigen::TensorMap<Eigen::Tensor<float const , int=1, int=1, int>, int=16, Eigen::MakePointer> const > const > const , Eigen::GpuDevice>, int>(float, int=1)",10,"flop_count_sp","Floating Point Operations(Single Precision)",1,1,1
"Tesla P100-PCIE-16GB (0)","void tensorflow::functor::SwapDimension1And2InTensor3UsingTiles<unsigned int, int=1024, int=1024, int=2, bool=0>(unsigned int const *, tensorflow::functor::Dimension<int=3>, tensorflow::functor::SwapDimension1And2InTensor3UsingTiles<unsigned int, int=1024, int=1024, int=2, bool=0>*)",10,"flop_count_sp","Floating Point Operations(Single Precision)",0,0,0
"Tesla P100-PCIE-16GB (0)","cudnn::maxwell::gemm::computeOffsetsKernel(cudnn::maxwell::gemm::ComputeOffsetsParams)",171,"flop_count_sp","Floating Point Operations(Single Precision)",0,0,0
"Tesla P100-PCIE-16GB (0)","void cudnn::winograd_nonfused::winogradWgradDelta9x9_5x5<float, float>(cudnn::winograd_nonfused::WinogradDeltaParams<float, float>)",31,"flop_count_sp","Floating Point Operations(Single Precision)",314310656,314310656,314310656
"Tesla P100-PCIE-16GB (0)","void cudnn::detail::wgrad_alg0_engine<float, int=128, int=6, int=8, int=3, int=3, int=5, bool=1, int=512>(int, int, int, float const *, int, cudnn::detail::wgrad_alg0_engine<float, int=128, int=6, int=8, int=3, int=3, int=5, bool=1, int=512>*, float const , kernel_grad_params, int, float, int, int, int, int)",426,"flop_count_sp","Floating Point Operations(Single Precision)",2700083200,127125553152,9465465399
"Tesla P100-PCIE-16GB (0)","void cudnn::winograd_nonfused::winogradWgradOutput9x9_5x5<float, float>(cudnn::winograd_nonfused::WinogradWgradOutputParams<float, float>)",31,"flop_count_sp","Floating Point Operations(Single Precision)",7037952,7037952,7037952
"Tesla P100-PCIE-16GB (0)","void cudnn::detail::dgrad_engine<float, int=128, int=6, int=7, int=3, int=3, int=5, bool=1>(int, int, int, float const *, int, float const , int, cudnn::detail::dgrad_engine<float, int=128, int=6, int=7, int=3, int=3, int=5, bool=1>*, kernel_grad_params, int, int, float, int, int, int)",207,"flop_count_sp","Floating Point Operations(Single Precision)",4243838976,57101682688,7267549698
"Tesla P100-PCIE-16GB (0)","void Eigen::internal::EigenMetaKernel<Eigen::TensorEvaluator<Eigen::TensorAssignOp<Eigen::TensorMap<Eigen::Tensor<float, int=1, int=1, long>, int=16, Eigen::MakePointer>, Eigen::TensorCwiseBinaryOp<Eigen::internal::scalar_max_op<float const , float const >, Eigen::TensorMap<Eigen::Tensor<float const , int=1, int=1, long>, int=16, Eigen::MakePointer> const , Eigen::TensorCwiseNullaryOp<Eigen::internal::scalar_constant_op<float const >, Eigen::TensorMap<Eigen::Tensor<float const , int=1, int=1, long>, int=16, Eigen::MakePointer> const > const > const > const , Eigen::GpuDevice>, long>(float, int=1)",940,"flop_count_sp","Floating Point Operations(Single Precision)",0,0,0
"Tesla P100-PCIE-16GB (0)","sgemm_128x128x8_TN",10,"flop_count_sp","Floating Point Operations(Single Precision)",274825216,274825216,274825216
"Tesla P100-PCIE-16GB (0)","void cudnn::detail::implicit_convolve_sgemm<float, float, int=128, int=5, int=5, int=3, int=3, int=3, int=1, bool=1, bool=0, bool=1>(int, int, int, float const *, int, float*, cudnn::detail::implicit_convolve_sgemm<float, float, int=128, int=5, int=5, int=3, int=3, int=3, int=1, bool=1, bool=0, bool=1>*, kernel_conv_params, int, float, float, int, float, float, int, int)",182,"flop_count_sp","Floating Point Operations(Single Precision)",1930521600,51070537728,3439011519
"Tesla P100-PCIE-16GB (0)","maxwell_scudnn_winograd_128x128_ldg1_ldg4_tile418n_nt",28,"flop_count_sp","Floating Point Operations(Single Precision)",5715394560,47740354560,19246853558
"Tesla P100-PCIE-16GB (0)","cudnn_maxwell_cgemm_64x64_tn_batched",25,"flop_count_sp","Floating Point Operations(Single Precision)",3373793280,66044559360,17647649423
"Tesla P100-PCIE-16GB (0)","void Eigen::internal::EigenMetaKernel<Eigen::TensorEvaluator<Eigen::TensorAssignOp<Eigen::TensorMap<Eigen::Tensor<float, int=1, int=1, long>, int=16, Eigen::MakePointer>, Eigen::TensorCwiseBinaryOp<Eigen::internal::scalar_difference_op<float const , float const >, Eigen::TensorMap<Eigen::Tensor<float, int=1, int=1, long>, int=16, Eigen::MakePointer> const , Eigen::TensorMap<Eigen::Tensor<float const , int=1, int=1, long>, int=16, Eigen::MakePointer> const > const > const , Eigen::GpuDevice>, long>(float, int=1)",1880,"flop_count_sp","Floating Point Operations(Single Precision)",32,448,183
"Tesla P100-PCIE-16GB (0)","void fft2d_c2r_32x32<float, bool=0, unsigned int=0, bool=0, bool=0>(float*, float2 const *, int, int, int, int, int, int, int, int, int, float, float, cudnn::reduced_divisor, bool, float*, float*)",142,"flop_count_sp","Floating Point Operations(Single Precision)",46735360,282550272,85123266
"Tesla P100-PCIE-16GB (0)","maxwell_scudnn_128x32_stridedB_splitK_interior_nn",10,"flop_count_sp","Floating Point Operations(Single Precision)",1284792320,33993437184,11697212620
"Tesla P100-PCIE-16GB (0)","cudnn_maxwell_cgemm_64x32_nt_batched",4,"flop_count_sp","Floating Point Operations(Single Precision)",4277145600,5680926720,4979036160
"Tesla P100-PCIE-16GB (0)","void DSE::regular_fft_clip<int=1, int=2, int=256, int=16, int=16, int=1, float, float, float2>(float*, float2*, int, int3, float2*, int, float2*, float2*, int, int, int, int, int, float, float, bool, int, float, float)",4,"flop_count_sp","Floating Point Operations(Single Precision)",1209672704,4927164416,2766303488
"Tesla P100-PCIE-16GB (0)","void Eigen::internal::EigenMetaKernel<Eigen::TensorEvaluator<Eigen::TensorAssignOp<Eigen::TensorMap<Eigen::Tensor<float, int=1, int=1, int>, int=16, Eigen::MakePointer>, Eigen::TensorSelectOp<Eigen::TensorBroadcastingOp<Eigen::array<int, unsigned long=1> const , Eigen::TensorReshapingOp<Eigen::IndexList<Eigen::type2index<long=1>> const , Eigen::TensorMap<Eigen::TensorFixedSize<bool const , Eigen::Sizes<>, int=1, long>, int=16, Eigen::MakePointer> const > const > const , Eigen::TensorMap<Eigen::Tensor<float const , int=1, int=1, long>, int=16, Eigen::MakePointer> const , Eigen::TensorMap<Eigen::Tensor<float const , int=1, int=1, long>, int=16, Eigen::MakePointer> const > const > const , Eigen::GpuDevice>, long>(float, int=1)",10,"flop_count_sp","Floating Point Operations(Single Precision)",0,0,0
"Tesla P100-PCIE-16GB (0)","void fft1d_r2c_32<float, float, float2, bool=0, bool=0>(float2*, float const *, int, int3, int3, int2, int2)",549,"flop_count_sp","Floating Point Operations(Single Precision)",1822720,373293056,47720403
"Tesla P100-PCIE-16GB (0)","void cudnn::detail::implicit_convolve_sgemm<float, float, int=1024, int=5, int=5, int=3, int=3, int=3, int=1, bool=1, bool=0, bool=1>(int, int, int, float const *, int, float*, cudnn::detail::implicit_convolve_sgemm<float, float, int=1024, int=5, int=5, int=3, int=3, int=3, int=1, bool=1, bool=0, bool=1>*, kernel_conv_params, int, float, float, int, float, float, int, int)",23,"flop_count_sp","Floating Point Operations(Single Precision)",965888000,2893900800,1818225530
"Tesla P100-PCIE-16GB (0)","void fft1d_r2c_32<float, float, float2, bool=1, bool=0>(float2*, float const *, int, int3, int3, int2, int2)",191,"flop_count_sp","Floating Point Operations(Single Precision)",1822720,326631424,19943992
"Tesla P100-PCIE-16GB (0)","void tensorflow::functor::BlockReduceKernel<cub::TransformInputIterator<float, tensorflow::squareHalf<float>, float*, long>, float*, int=256, cub::Sum>(float, float, int, float*, std::iterator_traits<tensorflow::functor::BlockReduceKernel<cub::TransformInputIterator<float, tensorflow::squareHalf<float>, float*, long>, float*, int=256, cub::Sum>>::value_type)",870,"flop_count_sp","Floating Point Operations(Single Precision)",3375,1499616,513095
"Tesla P100-PCIE-16GB (0)","void cudnn::winograd_nonfused::winogradForwardData4x4<float, float>(cudnn::winograd_nonfused::WinogradDataParams<float, float>)",222,"flop_count_sp","Floating Point Operations(Single Precision)",58982400,1459322880,236506361
"Tesla P100-PCIE-16GB (0)","void Eigen::internal::EigenMetaKernel<Eigen::TensorEvaluator<Eigen::TensorAssignOp<Eigen::TensorSlicingOp<Eigen::array<int, unsigned long=2> const , Eigen::array<int, unsigned long=2> const , Eigen::TensorMap<Eigen::Tensor<float, int=2, int=1, int>, int=16, Eigen::MakePointer>>, Eigen::TensorMap<Eigen::Tensor<float const , int=2, int=1, int>, int=16, Eigen::MakePointer> const > const , Eigen::GpuDevice>, int>(int, unsigned long=2)",460,"flop_count_sp","Floating Point Operations(Single Precision)",0,0,0
"Tesla P100-PCIE-16GB (0)","void cudnn::winograd_nonfused::winogradForwardData9x9_5x5<float, float>(cudnn::winograd_nonfused::WinogradDataParams<float, float>)",93,"flop_count_sp","Floating Point Operations(Single Precision)",319309824,425746432,354788693
"Tesla P100-PCIE-16GB (0)","void cudnn::detail::pooling_bw_kernel_avg<float, float, cudnn::detail::averpooling_func<float>, int=2, bool=0>(cudnnTensorStruct, float const *, float const , cudnn::detail::pooling_bw_kernel_avg<float, float, cudnn::detail::averpooling_func<float>, int=2, bool=0>, float const , cudnn::detail::pooling_bw_kernel_avg<float, float, cudnn::detail::averpooling_func<float>, int=2, bool=0>, cudnnTensorStruct*, cudnnPoolingStruct, float, cudnnPoolingStruct, int, cudnn::reduced_divisor, float)",90,"flop_count_sp","Floating Point Operations(Single Precision)",201326592,3196459008,1860391594
"Tesla P100-PCIE-16GB (0)","maxwell_cgemm_32x32_tn",4,"flop_count_sp","Floating Point Operations(Single Precision)",13339459584,19983237120,17253924864
"Tesla P100-PCIE-16GB (0)","maxwell_scudnn_winograd_128x128_ldg1_ldg4_tile148n_nt",3,"flop_count_sp","Floating Point Operations(Single Precision)",11744575488,63130828800,28874986837
"Tesla P100-PCIE-16GB (0)","void fft2d_c2r_64x64<float, bool=0>(float*, float2*, int, int, int, int, int, int, int, int, int, int, float, float, int, float*, float*)",30,"flop_count_sp","Floating Point Operations(Single Precision)",258754560,2328791040,1119066675
"Tesla P100-PCIE-16GB (0)","void tensorflow::functor::ShuffleInTensor3Simple<float, int=2, int=1, int=0, bool=0>(int, float const *, tensorflow::functor::Dimension<int=3>, tensorflow::functor::ShuffleInTensor3Simple<float, int=2, int=1, int=0, bool=0>*)",2810,"flop_count_sp","Floating Point Operations(Single Precision)",0,0,0
"Tesla P100-PCIE-16GB (0)","maxwell_scudnn_winograd_128x128_ldg1_ldg4_tile228n_nt",11,"flop_count_sp","Floating Point Operations(Single Precision)",13721927680,13721927680,13721927680
"Tesla P100-PCIE-16GB (0)","void fft2d_r2c_16x16<float>(float2*, float const *, int, int, int, int, int, int, int, int)",34,"flop_count_sp","Floating Point Operations(Single Precision)",54165504,1805516800,413675760
"Tesla P100-PCIE-16GB (0)","maxwell_scudnn_128x32_stridedB_small_nn",4,"flop_count_sp","Floating Point Operations(Single Precision)",13023768576,113208176640,50874150912
"Tesla P100-PCIE-16GB (0)","maxwell_scudnn_128x32_relu_interior_nn",25,"flop_count_sp","Floating Point Operations(Single Precision)",969187328,25580707840,4218838384
"Tesla P100-PCIE-16GB (0)","void cudnn::detail::bn_fw_tr_1C11_singleread<float, int=512, bool=1, int=1, int=2, int=20>(cudnnTensorStruct, float const *, cudnn::detail::bn_fw_tr_1C11_singleread<float, int=512, bool=1, int=1, int=2, int=20>, cudnnTensorStruct*, float const *, float const , float, float, float*, float const *, float const *, float const *, float, float, cudnn::reduced_divisor, int, float*, cudnn::detail::bnFwPersistentState*, int, float, float, float, int, float, float, cudnnStatus_t*, bool)",280,"flop_count_sp","Floating Point Operations(Single Precision)",16498368,576156096,92003919
"Tesla P100-PCIE-16GB (0)","void tensorflow::functor::FillPhiloxRandomKernelLaunch<tensorflow::random::TruncatedNormalDistribution<tensorflow::random::SingleSampleAdapter<tensorflow::random::PhiloxRandom>, float>>(tensorflow::random::PhiloxRandom, tensorflow::random::PhiloxRandomResultElementType*, __int64, tensorflow::functor::FillPhiloxRandomKernelLaunch<tensorflow::random::TruncatedNormalDistribution<tensorflow::random::SingleSampleAdapter<tensorflow::random::PhiloxRandom>, float>>)",95,"flop_count_sp","Floating Point Operations(Single Precision)",29155,68992609,8433052
"Tesla P100-PCIE-16GB (0)","void DSE::regular_fft_clip<int=1, int=2, int=128, int=16, int=32, int=1, float, float, float2>(float*, float2*, int, int3, float2*, int, float2*, float2*, int, int, int, int, int, float, float, bool, int, float, float)",5,"flop_count_sp","Floating Point Operations(Single Precision)",1090588672,4007992320,2213200076
"Tesla P100-PCIE-16GB (0)","void cudnn::detail::pooling_fw_4d_kernel<float, float, cudnn::detail::maxpooling_func<float, cudnnNanPropagation_t=0>, int=0, bool=0>(cudnnTensorStruct, float const *, cudnn::detail::pooling_fw_4d_kernel<float, float, cudnn::detail::maxpooling_func<float, cudnnNanPropagation_t=0>, int=0, bool=0>, cudnnTensorStruct*, cudnnPoolingStruct, float, cudnnPoolingStruct, int, cudnn::reduced_divisor, float)",50,"flop_count_sp","Floating Point Operations(Single Precision)",3145728,21827584,10748313
"Tesla P100-PCIE-16GB (0)","void cudnn::detail::explicit_convolve_sgemm<float, int, int=128, int=5, int=5, int=3, int=3, int=3, int=0, bool=0>(int, int, int, float const *, int, float const , int, cudnn::detail::explicit_convolve_sgemm<float, int, int=128, int=5, int=5, int=3, int=3, int=3, int=0, bool=0>*, kernel_conv_params, int, int, float, float, int, float const *, float const *)",1,"flop_count_sp","Floating Point Operations(Single Precision)",89261027328,89261027328,89261027328
"Tesla P100-PCIE-16GB (0)","maxwell_scudnn_128x128_relu_small_nn",5,"flop_count_sp","Floating Point Operations(Single Precision)",3627024384,12686721024,5692941926
"Tesla P100-PCIE-16GB (0)","void Eigen::internal::EigenMetaKernel<Eigen::TensorEvaluator<Eigen::TensorAssignOp<Eigen::TensorMap<Eigen::Tensor<float, int=2, int=1, int>, int=16, Eigen::MakePointer>, Eigen::TensorCwiseBinaryOp<Eigen::internal::scalar_product_op<float, float>, Eigen::TensorBroadcastingOp<Eigen::array<long, unsigned long=2> const , Eigen::TensorMap<Eigen::Tensor<float const , int=2, int=1, int>, int=16, Eigen::MakePointer> const > const , Eigen::TensorMap<Eigen::Tensor<float const , int=2, int=1, int>, int=16, Eigen::MakePointer> const > const > const , Eigen::GpuDevice>, int>(float, int=2)",10,"flop_count_sp","Floating Point Operations(Single Precision)",64064,64064,64064
"Tesla P100-PCIE-16GB (0)","cudnn_maxwell_cgemm_32x64_nt_batched",87,"flop_count_sp","Floating Point Operations(Single Precision)",291897344,2586968064,651076808
"Tesla P100-PCIE-16GB (0)","void fft2d_r2c_32x32<float, unsigned int=0, bool=0>(float2*, float const *, int, int, int, int, int, int, int, int, int, cudnn::reduced_divisor, bool)",191,"flop_count_sp","Floating Point Operations(Single Precision)",46235648,1109655552,145605980
"Tesla P100-PCIE-16GB (0)","maxwell_scudnn_128x128_stridedB_interior_nn",23,"flop_count_sp","Floating Point Operations(Single Precision)",1948418048,7524581376,3267275909
"Tesla P100-PCIE-16GB (0)","void fft2d_r2c_32x32<float, unsigned int=1, bool=1>(float2*, float const *, int, int, int, int, int, int, int, int, int, cudnn::reduced_divisor, bool)",6,"flop_count_sp","Floating Point Operations(Single Precision)",23117824,3883794432,774447104
"Tesla P100-PCIE-16GB (0)","void cudnn::winograd::generateWinogradTilesKernel<int=0, float, float>(cudnn::winograd::GenerateWinogradTilesParams<float, float>)",42,"flop_count_sp","Floating Point Operations(Single Precision)",59392,9977856,629272
"Tesla P100-PCIE-16GB (0)","void cudnn::detail::dgrad2d_alg1_1<float, int=0, int=4, int=6, int=3, int=2, int=4, bool=1, bool=1>(int, int, int, float const *, int, float const , int, cudnn::detail::dgrad2d_alg1_1<float, int=0, int=4, int=6, int=3, int=2, int=4, bool=1, bool=1>*, kernel_grad_params, int, int, float, int, int)",2,"flop_count_sp","Floating Point Operations(Single Precision)",4846018560,8067244032,6456631296
"Tesla P100-PCIE-16GB (0)","cudnn_maxwell_gcgemm_64x64_tn_batched",31,"flop_count_sp","Floating Point Operations(Single Precision)",3486613504,31099600896,11039163160
"Tesla P100-PCIE-16GB (0)","void fft2d_r2c_32x32<float, unsigned int=5, bool=1>(float2*, float const *, int, int, int, int, int, int, int, int, int, cudnn::reduced_divisor, bool)",1,"flop_count_sp","Floating Point Operations(Single Precision)",58736640,58736640,58736640
"Tesla P100-PCIE-16GB (0)","void Eigen::internal::EigenMetaKernel<Eigen::TensorEvaluator<Eigen::TensorAssignOp<Eigen::TensorMap<Eigen::Tensor<float, int=2, int=1, int>, int=16, Eigen::MakePointer>, Eigen::TensorGeneratorOp<tensorflow::generator::SparseXentGradGenerator<float, int>, Eigen::TensorMap<Eigen::Tensor<float, int=2, int=1, int>, int=16, Eigen::MakePointer> const > const > const , Eigen::GpuDevice>, int>(float, int=2)",10,"flop_count_sp","Floating Point Operations(Single Precision)",1025024,1025024,1025024
"Tesla P100-PCIE-16GB (0)","void cudnn::detail::dgrad_engine<float, int=128, int=6, int=8, int=3, int=3, int=5, bool=1>(int, int, int, float const *, int, float const , int, cudnn::detail::dgrad_engine<float, int=128, int=6, int=8, int=3, int=3, int=5, bool=1>*, kernel_grad_params, int, int, float, int, int, int)",142,"flop_count_sp","Floating Point Operations(Single Precision)",1021685760,96869053440,3556261383
"Tesla P100-PCIE-16GB (0)","cudnn_maxwell_gcgemm_64x32_nt_batched",169,"flop_count_sp","Floating Point Operations(Single Precision)",1428761600,13803934720,3085598386
"Tesla P100-PCIE-16GB (0)","void cudnn::detail::bn_bw_1C11_singleread<float, int=512, bool=1, int=1, int=2, int=7>(float, float, float, float, cudnnTensorStruct, float const *, cudnn::detail::bn_bw_1C11_singleread<float, int=512, bool=1, int=1, int=2, int=7>, float const , cudnn::detail::bn_bw_1C11_singleread<float, int=512, bool=1, int=1, int=2, int=7>, cudnnTensorStruct*, float const *, float*, float const *, float const , float const , float, cudnn::reduced_divisor, int, float*, cudnn::detail::bnBwPersistentState*, int, float, float, float, int, float, cudnnStatus_t*, bool)",200,"flop_count_sp","Floating Point Operations(Single Precision)",7730496,18037824,14172576
"Tesla P100-PCIE-16GB (0)","cudnn::maxwell::gemm::computeBOffsetsKernel(cudnn::maxwell::gemm::ComputeBOffsetsParams)",174,"flop_count_sp","Floating Point Operations(Single Precision)",0,0,0
"Tesla P100-PCIE-16GB (0)","void Eigen::internal::EigenMetaKernel<Eigen::TensorEvaluator<Eigen::TensorAssignOp<Eigen::TensorMap<Eigen::Tensor<float, int=2, int=1, int>, int=16, Eigen::MakePointer>, Eigen::TensorCwiseUnaryOp<Eigen::internal::scalar_exp_op<float>, Eigen::TensorMap<Eigen::Tensor<float, int=2, int=1, int>, int=16, Eigen::MakePointer> const > const > const , Eigen::GpuDevice>, int>(float, int=2)",10,"flop_count_sp","Floating Point Operations(Single Precision)",512512,512512,512512
"Tesla P100-PCIE-16GB (0)","maxwell_scudnn_128x64_stridedB_splitK_medium_nn",2,"flop_count_sp","Floating Point Operations(Single Precision)",12847923200,12853657600,12850790400
"Tesla P100-PCIE-16GB (0)","void tensorflow::functor::BlockReduceKernel<float*, float*, int=256, tensorflow::functor::Sum<float>>(float*, float*, int, float, std::iterator_traits<tensorflow::functor::BlockReduceKernel<float*, float*, int=256, tensorflow::functor::Sum<float>>>::value_type)",10,"flop_count_sp","Floating Point Operations(Single Precision)",1221,1221,1221
"Tesla P100-PCIE-16GB (0)","void tensorflow::functor::CleanupSegments<float*, float*, cub::Sum>(float*, float*, int, int, int, cub::Sum, std::iterator_traits<tensorflow::functor::CleanupSegments<float*, float*, cub::Sum>>::value_type)",850,"flop_count_sp","Floating Point Operations(Single Precision)",102,129,128
"Tesla P100-PCIE-16GB (0)","void pooling_bw_kernel_max_nchw_fully_packed_large<float, float, int=3, cudnnNanPropagation_t=0>(cudnnTensorStruct, float const *, cudnnTensorStruct, float const *, cudnnTensorStruct, float const *, cudnnTensorStruct, float*, cudnnPoolingStruct, float, float, cudnn::reduced_divisor, cudnn::reduced_divisor, int)",10,"flop_count_sp","Floating Point Operations(Single Precision)",32882078,33157133,32953668
"Tesla P100-PCIE-16GB (0)","cudnn_maxwell_cgemm_64x64_nt_batched",55,"flop_count_sp","Floating Point Operations(Single Precision)",583794688,5049712640,1972674560
"Tesla P100-PCIE-16GB (0)","void cudnn::winograd_nonfused::winogradForwardOutput4x4<float, float>(cudnn::winograd_nonfused::WinogradOutputParams<float, float>)",222,"flop_count_sp","Floating Point Operations(Single Precision)",82771968,1700159488,322790215
"Tesla P100-PCIE-16GB (0)","void Eigen::internal::EigenMetaKernel<Eigen::TensorEvaluator<Eigen::TensorAssignOp<Eigen::TensorMap<Eigen::Tensor<float, int=1, int=1, long>, int=16, Eigen::MakePointer>, Eigen::TensorCwiseBinaryOp<Eigen::internal::scalar_sum_op<float, float>, Eigen::TensorCwiseBinaryOp<Eigen::internal::scalar_sum_op<float, float>, Eigen::TensorCwiseBinaryOp<Eigen::internal::scalar_sum_op<float, float>, Eigen::TensorCwiseBinaryOp<Eigen::internal::scalar_sum_op<float, float>, Eigen::TensorCwiseBinaryOp<Eigen::internal::scalar_sum_op<float, float>, Eigen::TensorCwiseBinaryOp<Eigen::internal::scalar_sum_op<float, float>, Eigen::TensorCwiseBinaryOp<Eigen::internal::scalar_sum_op<float const , float const >, Eigen::TensorMap<Eigen::Tensor<float const , int=1, int=1, long>, int=16, Eigen::MakePointer> const , Eigen::TensorMap<Eigen::Tensor<float const , int=1, int=1, long>, int=16, Eigen::MakePointer> const > const , Eigen::TensorMap<Eigen::Tensor<float const , int=1, int=1, long>, int=16, Eigen::MakePointer> const > const , Eigen::TensorMap<Eigen::Tensor<float const , int=1, int=1, long>, int=16, Eigen::MakePointer> const > const , Eigen::TensorMap<Eigen::Tensor<float const , int=1, int=1, long>, int=16, Eigen::MakePointer> const > const , Eigen::TensorMap<Eigen::Tensor<float const , int=1, int=1, long>, int=16, Eigen::MakePointer> const > const , Eigen::TensorMap<Eigen::Tensor<float const , int=1, int=1, long>, int=16, Eigen::MakePointer> const > const , Eigen::TensorMap<Eigen::Tensor<float const , int=1, int=1, long>, int=16, Eigen::MakePointer> const > const > const , Eigen::GpuDevice>, long>(float, int=1)",10,"flop_count_sp","Floating Point Operations(Single Precision)",7,7,7
"Tesla P100-PCIE-16GB (0)","void DSE::vector_fft<int=1, int=2, int=256, int=16, int=16, int=1, float, float, float2>(float2*, float2, int, int3, float2*)",4,"flop_count_sp","Floating Point Operations(Single Precision)",1149763584,4599054336,2586968064
"Tesla P100-PCIE-16GB (0)","maxwell_sgemm_128x64_nn",83,"flop_count_sp","Floating Point Operations(Single Precision)",1074331648,3174432768,2263929177
"Tesla P100-PCIE-16GB (0)","maxwell_sgemm_128x64_nt",105,"flop_count_sp","Floating Point Operations(Single Precision)",1428750336,6115885056,3646906133
"Tesla P100-PCIE-16GB (0)","void Eigen::internal::EigenMetaKernel<Eigen::TensorEvaluator<Eigen::TensorAssignOp<Eigen::TensorMap<Eigen::Tensor<float, int=2, int=1, int>, int=16, Eigen::MakePointer>, Eigen::TensorCwiseBinaryOp<Eigen::internal::scalar_difference_op<float const , float const >, Eigen::TensorMap<Eigen::Tensor<float const , int=2, int=1, int>, int=16, Eigen::MakePointer> const , Eigen::TensorBroadcastingOp<Eigen::IndexList<Eigen::type2index<long=1>> const , Eigen::TensorReshapingOp<Eigen::IndexList<int> const , Eigen::TensorMap<Eigen::Tensor<float, int=1, int=1, int>, int=16, Eigen::MakePointer>> const > const > const > const , Eigen::GpuDevice>, int>(float, int=2)",10,"flop_count_sp","Floating Point Operations(Single Precision)",64064,64064,64064
"Tesla P100-PCIE-16GB (0)","void cub::DeviceReduceKernel<cub::DeviceReducePolicy<float, int, cub::Sum>::Policy600, cub::TransformInputIterator<float, tensorflow::squareHalf<float>, float*, long>, float*, int, cub::Sum>(int, cub::Sum, cub::DeviceReducePolicy<float, int, cub::Sum>::Policy600, cub::GridEvenShare<cub::Sum>, float)",90,"flop_count_sp","Floating Point Operations(Single Precision)",1764585,6542427,3413753
"Tesla P100-PCIE-16GB (0)","void cudnn::detail::explicit_convolve_sgemm<float, int, int=128, int=6, int=7, int=3, int=3, int=5, int=0, bool=1>(int, int, int, float const *, int, float const , int, cudnn::detail::explicit_convolve_sgemm<float, int, int=128, int=6, int=7, int=3, int=3, int=5, int=0, bool=1>*, kernel_conv_params, int, int, float, float, int, float const *, float const *)",111,"flop_count_sp","Floating Point Operations(Single Precision)",3625451520,36826275840,4506128374
"Tesla P100-PCIE-16GB (0)","void DSE::regular_fft_pad<int=0, int=1, int=256, int=16, int=16, int=1, float, float, float2>(float2*, float*, int, int3, float*, int, float*, float*, int, int, int, int, int, bool)",8,"flop_count_sp","Floating Point Operations(Single Precision)",1274019840,2548039680,2229534720
"Tesla P100-PCIE-16GB (0)","void cudnn::detail::bn_bw_1C11_singleread<float, int=512, bool=1, int=1, int=2, int=14>(float, float, float, float, cudnnTensorStruct, float const *, cudnn::detail::bn_bw_1C11_singleread<float, int=512, bool=1, int=1, int=2, int=14>, float const , cudnn::detail::bn_bw_1C11_singleread<float, int=512, bool=1, int=1, int=2, int=14>, cudnnTensorStruct*, float const *, float*, float const *, float const , float const , float, cudnn::reduced_divisor, int, float*, cudnn::detail::bnBwPersistentState*, int, float, float, float, int, float, cudnnStatus_t*, bool)",710,"flop_count_sp","Floating Point Operations(Single Precision)",15645216,540191040,45324373
"Tesla P100-PCIE-16GB (0)","void tensorflow::functor::ColumnReduceKernel<float const *, float*, cub::Sum>(float const *, float*, int, int, cub::Sum, std::iterator_traits<tensorflow::functor::ColumnReduceKernel<float const *, float*, cub::Sum>>::value_type)",1,"flop_count_sp","Floating Point Operations(Single Precision)",63063,63063,63063
"Tesla P100-PCIE-16GB (0)","void cudnn::winograd_nonfused::winogradForwardFilter9x9_5x5<float, float>(cudnn::winograd_nonfused::WinogradFilterParams<float, float>)",62,"flop_count_sp","Floating Point Operations(Single Precision)",4423680,4423680,4423680
"Tesla P100-PCIE-16GB (0)","void fft2d_r2c_32x32<float, unsigned int=1, bool=0>(float2*, float const *, int, int, int, int, int, int, int, int, int, cudnn::reduced_divisor, bool)",31,"flop_count_sp","Floating Point Operations(Single Precision)",23117824,3328966656,865799795
"Tesla P100-PCIE-16GB (0)","maxwell_sgemm_128x128_nn",95,"flop_count_sp","Floating Point Operations(Single Precision)",3119579136,30767579136,9749207104
"Tesla P100-PCIE-16GB (0)","void pooling_bw_kernel_max_nchw_fully_packed_small<float, float, int=3, cudnnNanPropagation_t=0>(cudnnTensorStruct, float const *, cudnnTensorStruct, float const *, cudnnTensorStruct, float const *, cudnnTensorStruct, float*, cudnnPoolingStruct, float, float, cudnn::reduced_divisor, cudnn::reduced_divisor)",30,"flop_count_sp","Floating Point Operations(Single Precision)",7408810,33119143,17606098
"Tesla P100-PCIE-16GB (0)","void fft2d_r2c_32x32<float, unsigned int=5, bool=0>(float2*, float const *, int, int, int, int, int, int, int, int, int, cudnn::reduced_divisor, bool)",1,"flop_count_sp","Floating Point Operations(Single Precision)",58736640,58736640,58736640
"Tesla P100-PCIE-16GB (0)","maxwell_sgemm_128x128_nt",98,"flop_count_sp","Floating Point Operations(Single Precision)",4667277312,103356628992,16457522029
"Tesla P100-PCIE-16GB (0)","void cudnn::detail::bn_bw_1C11_kernel_new<float, float, float2, int=512, bool=1, int=1>(float, cudnn::detail::bn_bw_1C11_kernel_new<float, float, float2, int=512, bool=1, int=1>, cudnn::detail::bn_bw_1C11_kernel_new<float, float, float2, int=512, bool=1, int=1>, cudnn::detail::bn_bw_1C11_kernel_new<float, float, float2, int=512, bool=1, int=1>, cudnnTensorStruct, float const *, float, float const , float, cudnnTensorStruct*, cudnn::detail::bn_bw_1C11_kernel_new<float, float, float2, int=512, bool=1, int=1> const *, cudnn::detail::bn_bw_1C11_kernel_new<float, float, float2, int=512, bool=1, int=1>*, cudnn::detail::bn_bw_1C11_kernel_new<float, float, float2, int=512, bool=1, int=1> const *, cudnn::detail::bn_bw_1C11_kernel_new<float, float, float2, int=512, bool=1, int=1> const , cudnn::detail::bn_bw_1C11_kernel_new<float, float, float2, int=512, bool=1, int=1> const , cudnn::detail::bn_bw_1C11_kernel_new<float, float, float2, int=512, bool=1, int=1>)",30,"flop_count_sp","Floating Point Operations(Single Precision)",531237248,1062474496,713165994
"Tesla P100-PCIE-16GB (0)","maxwell_scudnn_128x64_stridedB_splitK_small_nn",36,"flop_count_sp","Floating Point Operations(Single Precision)",6366732288,10014056448,8191647744
"Tesla P100-PCIE-16GB (0)","void cudnn::detail::explicit_convolve_sgemm<float, int, int=1024, int=5, int=5, int=3, int=3, int=3, int=0, bool=0>(int, int, int, float const *, int, float const , int, cudnn::detail::explicit_convolve_sgemm<float, int, int=1024, int=5, int=5, int=3, int=3, int=3, int=0, bool=0>*, kernel_conv_params, int, int, float, float, int, float const *, float const *)",2,"flop_count_sp","Floating Point Operations(Single Precision)",25535268864,51070537728,38302903296
"Tesla P100-PCIE-16GB (0)","maxwell_scudnn_128x128_stridedB_splitK_interior_nn",12,"flop_count_sp","Floating Point Operations(Single Precision)",3638132736,38235488256,11055513600
"Tesla P100-PCIE-16GB (0)","void Eigen::internal::ReductionInitKernel<float, int>(float, int, Eigen::internal::ReductionInitKernel<float, int>*)",30,"flop_count_sp","Floating Point Operations(Single Precision)",0,0,0
"Tesla P100-PCIE-16GB (0)","cudnn_maxwell_gcgemm_64x64_nt_batched",306,"flop_count_sp","Floating Point Operations(Single Precision)",1852263424,48439361536,5245034410
"Tesla P100-PCIE-16GB (0)","void fft2d_r2c_64x64<float>(float2*, float const *, int, int, int, int, int, int, int, int)",60,"flop_count_sp","Floating Point Operations(Single Precision)",264634368,2381709312,1148954214
"Tesla P100-PCIE-16GB (0)","void tensorflow::BiasGradNHWC_SharedAtomics<float>(int, float const *, tensorflow::BiasGradNHWC_SharedAtomics<float>*, int)",10,"flop_count_sp","Floating Point Operations(Single Precision)",65421,65474,65451
"Tesla P100-PCIE-16GB (0)","void cudnn::detail::implicit_convolve_sgemm<float, float, int=128, int=6, int=7, int=3, int=3, int=5, int=1, bool=1, bool=0, bool=1>(int, int, int, float const *, int, float*, cudnn::detail::implicit_convolve_sgemm<float, float, int=128, int=6, int=7, int=3, int=3, int=5, int=1, bool=1, bool=0, bool=1>*, kernel_conv_params, int, float, float, int, float, float, int, int)",98,"flop_count_sp","Floating Point Operations(Single Precision)",3625451520,118994055168,6762442616
"Tesla P100-PCIE-16GB (0)","void cudnn::detail::pooling_bw_kernel_max<float, float, cudnn::detail::maxpooling_func<float, cudnnNanPropagation_t=0>, bool=0>(cudnnTensorStruct, float const *, cudnn::detail::pooling_bw_kernel_max<float, float, cudnn::detail::maxpooling_func<float, cudnnNanPropagation_t=0>, bool=0>, float const , cudnn::detail::pooling_bw_kernel_max<float, float, cudnn::detail::maxpooling_func<float, cudnnNanPropagation_t=0>, bool=0>, float const , cudnn::detail::pooling_bw_kernel_max<float, float, cudnn::detail::maxpooling_func<float, cudnnNanPropagation_t=0>, bool=0>, cudnnTensorStruct*, cudnnPoolingStruct, float, cudnnPoolingStruct, int, cudnn::reduced_divisor, float)",10,"flop_count_sp","Floating Point Operations(Single Precision)",21827584,21827584,21827584
"Tesla P100-PCIE-16GB (0)","maxwell_scudnn_128x128_stridedB_splitK_small_nn",10,"flop_count_sp","Floating Point Operations(Single Precision)",3627417600,12922650624,5732971315
"Tesla P100-PCIE-16GB (0)","void DSE::regular_fft_pad<int=0, int=1, int=128, int=16, int=32, int=1, float, float, float2>(float2*, float*, int, int3, float*, int, float*, float*, int, int, int, int, int, bool)",10,"flop_count_sp","Floating Point Operations(Single Precision)",1132462080,4246732800,1840250880
"Tesla P100-PCIE-16GB (0)","void cudnn::detail::explicit_convolve_sgemm<float, int, int=128, int=5, int=5, int=3, int=3, int=3, int=0, bool=1>(int, int, int, float const *, int, float const , int, cudnn::detail::explicit_convolve_sgemm<float, int, int=128, int=5, int=5, int=3, int=3, int=3, int=0, bool=1>*, kernel_conv_params, int, int, float, float, int, float const *, float const *)",213,"flop_count_sp","Floating Point Operations(Single Precision)",965888000,13013145600,5508262349
"Tesla P100-PCIE-16GB (0)","void fft1d_r2c_32<float, float, float2, bool=0, bool=1>(float2*, float const *, int, int3, int3, int2, int2)",242,"flop_count_sp","Floating Point Operations(Single Precision)",49577984,74366976,66699500
"Tesla P100-PCIE-16GB (0)","void cudnn::winograd_nonfused::winogradForwardOutput9x9_5x5<float, float>(cudnn::winograd_nonfused::WinogradOutputParams<float, float>)",62,"flop_count_sp","Floating Point Operations(Single Precision)",198362112,264482816,231422464
"Tesla P100-PCIE-16GB (0)","void im2col4d_kernel<float, int>(im2col4d_params, cudnnConvolutionStruct, cudnnTensor4dStruct, float const *, float*, int)",343,"flop_count_sp","Floating Point Operations(Single Precision)",0,0,0
"Tesla P100-PCIE-16GB (0)","maxwell_scudnn_128x128_stridedB_small_nn",7,"flop_count_sp","Floating Point Operations(Single Precision)",3625451520,14497611776,6149158619
"Tesla P100-PCIE-16GB (0)","void DSE::vector_fft<int=0, int=1, int=256, int=16, int=16, int=1, float, float, float2>(float2*, float2, int, int3, float2*)",8,"flop_count_sp","Floating Point Operations(Single Precision)",1149763584,2299527168,2012086272
"Tesla P100-PCIE-16GB (0)","compute_gemm_pointers(float2**, float2 const *, int, float2 const *, int, float2 const *, int, int)",4,"flop_count_sp","Floating Point Operations(Single Precision)",0,0,0
"Tesla P100-PCIE-16GB (0)","void cudnn::detail::dgrad_engine<float, int=512, int=6, int=5, int=3, int=3, int=3, bool=1>(int, int, int, float const *, int, float const , int, cudnn::detail::dgrad_engine<float, int=512, int=6, int=5, int=3, int=3, int=3, bool=1>*, kernel_grad_params, int, int, float, int, int, int)",183,"flop_count_sp","Floating Point Operations(Single Precision)",2018508800,12697452544,4227113452
"Tesla P100-PCIE-16GB (0)","void cudnn::detail::wgrad_alg0_engine<float, int=128, int=6, int=7, int=3, int=3, int=5, bool=1, int=512>(int, int, int, float const *, int, cudnn::detail::wgrad_alg0_engine<float, int=128, int=6, int=7, int=3, int=3, int=5, bool=1, int=512>*, float const , kernel_grad_params, int, float, int, int, int, int)",266,"flop_count_sp","Floating Point Operations(Single Precision)",3652190208,38240256000,6864817406
"Tesla P100-PCIE-16GB (0)","void cudnn::winograd_nonfused::winogradWgradOutput4x4<float, float>(cudnn::winograd_nonfused::WinogradWgradOutputParams<float, float>)",66,"flop_count_sp","Floating Point Operations(Single Precision)",82944,13934592,5030679
"Tesla P100-PCIE-16GB (0)","void Eigen::internal::InnerReductionKernel<int=128, Eigen::TensorEvaluator<Eigen::TensorReductionOp<Eigen::internal::SumReducer<float>, Eigen::IndexList<Eigen::type2index<long=1>> const , Eigen::TensorGeneratorOp<tensorflow::generator::SparseXentLossGenerator<float, int>, Eigen::TensorMap<Eigen::Tensor<float, int=2, int=1, int>, int=16, Eigen::MakePointer> const > const , Eigen::MakePointer> const , Eigen::GpuDevice>, Eigen::internal::SumReducer<float>, int>(Eigen::internal::SumReducer<float>, float, long=1, float, Eigen::internal::SumReducer<float>::CoeffReturnType*)",10,"flop_count_sp","Floating Point Operations(Single Precision)",147584,147584,147584
"Tesla P100-PCIE-16GB (0)","void fft1d_c2r_32<float2, float, float, bool=0, bool=1, bool=0, bool=0>(float*, float2 const *, int, int3, int3, int2, int, float, float, float*, float*)",258,"flop_count_sp","Floating Point Operations(Single Precision)",22435840,336592896,77396595
"Tesla P100-PCIE-16GB (0)","cudnn_maxwell_cgemm_32x32_tn_batched",3,"flop_count_sp","Floating Point Operations(Single Precision)",7213875200,10082451456,8170067285
"Tesla P100-PCIE-16GB (0)","maxwell_scudnn_128x64_stridedB_interior_nn",16,"flop_count_sp","Floating Point Operations(Single Precision)",979230720,3514900480,1460354048
"Tesla P100-PCIE-16GB (0)","void Eigen::internal::EigenMetaKernel<Eigen::TensorEvaluator<Eigen::TensorAssignOp<Eigen::TensorMap<Eigen::Tensor<__int64, int=1, int=1, int>, int=16, Eigen::MakePointer>, Eigen::TensorCwiseUnaryOp<Eigen::internal::scalar_right<__int64, __int64, Eigen::internal::scalar_max_op<__int64, __int64>>, Eigen::TensorMap<Eigen::Tensor<__int64 const , int=1, int=1, int>, int=16, Eigen::MakePointer> const > const > const , Eigen::GpuDevice>, int>(__int64, int=1)",1,"flop_count_sp","Floating Point Operations(Single Precision)",0,0,0
"Tesla P100-PCIE-16GB (0)","void DSE::vector_fft<int=0, int=1, int=128, int=8, int=8, int=1, float, float, float2>(float2*, float2, int, int3, float2*)",10,"flop_count_sp","Floating Point Operations(Single Precision)",1235353600,4632576000,2007449600
"Tesla P100-PCIE-16GB (0)","maxwell_scudnn_128x32_stridedB_splitK_medium_nn",4,"flop_count_sp","Floating Point Operations(Single Precision)",9635942400,13496340480,11565711360
"Tesla P100-PCIE-16GB (0)","maxwell_scudnn_128x64_relu_interior_nn",25,"flop_count_sp","Floating Point Operations(Single Precision)",1938374656,89340690432,7603140034
"Tesla P100-PCIE-16GB (0)","void cudnn::detail::bn_fw_tr_1C11_singleread<float, int=512, bool=1, int=1, int=2, int=10>(cudnnTensorStruct, float const *, cudnn::detail::bn_fw_tr_1C11_singleread<float, int=512, bool=1, int=1, int=2, int=10>, cudnnTensorStruct*, float const *, float const , float, float, float*, float const *, float const *, float const *, float, float, cudnn::reduced_divisor, int, float*, cudnn::detail::bnFwPersistentState*, int, float, float, float, int, float, float, cudnnStatus_t*, bool)",460,"flop_count_sp","Floating Point Operations(Single Precision)",12388896,49555584,22892525
"Tesla P100-PCIE-16GB (0)","void cub::DeviceReduceSingleTileKernel<cub::DeviceReducePolicy<float, int, cub::Sum>::Policy600, float*, float*, int, cub::Sum, float>(int, cub::Sum, cub::DeviceReducePolicy<float, int, cub::Sum>::Policy600, float*, float*)",90,"flop_count_sp","Floating Point Operations(Single Precision)",535,1285,890
"Tesla P100-PCIE-16GB (0)","void cudnn::winograd_nonfused::winogradForwardFilter4x4<float, float>(cudnn::winograd_nonfused::WinogradFilterParams<float, float>)",222,"flop_count_sp","Floating Point Operations(Single Precision)",82944,13934592,3161586
"Tesla P100-PCIE-16GB (0)","void Eigen::internal::EigenMetaKernel<Eigen::TensorEvaluator<Eigen::TensorAssignOp<Eigen::TensorMap<Eigen::Tensor<float, int=1, int=1, int>, int=16, Eigen::MakePointer>, Eigen::TensorCwiseNullaryOp<Eigen::internal::scalar_constant_op<float>, Eigen::TensorMap<Eigen::Tensor<float, int=1, int=1, int>, int=16, Eigen::MakePointer> const > const > const , Eigen::GpuDevice>, int>(float, int=1)",1880,"flop_count_sp","Floating Point Operations(Single Precision)",0,0,0
"Tesla P100-PCIE-16GB (0)","maxwell_scudnn_128x128_relu_interior_nn",26,"flop_count_sp","Floating Point Operations(Single Precision)",3653795840,36960829440,19196968960
"Tesla P100-PCIE-16GB (0)","maxwell_scudnn_128x32_relu_small_nn",2,"flop_count_sp","Floating Point Operations(Single Precision)",8692555776,13031301120,10861928448
"Tesla P100-PCIE-16GB (0)","void fft2d_c2r_16x16<float, bool=0>(float*, float2*, int, int, int, int, int, int, int, int, int, int, float, float, int, float*, float*)",17,"flop_count_sp","Floating Point Operations(Single Precision)",55148544,2174976000,614450597
"Tesla P100-PCIE-16GB (0)","sgemm_32x32x32_NN",10,"flop_count_sp","Floating Point Operations(Single Precision)",269574144,269574144,269574144
"Tesla P100-PCIE-16GB (0)","cudnn_maxwell_cgemm_64x32_tn_batched",3,"flop_count_sp","Floating Point Operations(Single Precision)",8656650240,20164902912,12492734464
"Tesla P100-PCIE-16GB (0)","void Eigen::internal::EigenMetaKernel<Eigen::TensorEvaluator<Eigen::TensorAssignOp<Eigen::TensorMap<Eigen::Tensor<float, int=1, int=1, long>, int=16, Eigen::MakePointer>, Eigen::TensorCwiseBinaryOp<Eigen::internal::scalar_sum_op<float, float>, Eigen::TensorMap<Eigen::Tensor<float, int=1, int=1, long>, int=16, Eigen::MakePointer> const , Eigen::TensorCwiseBinaryOp<Eigen::internal::scalar_sum_op<float, float>, Eigen::TensorCwiseBinaryOp<Eigen::internal::scalar_sum_op<float, float>, Eigen::TensorCwiseBinaryOp<Eigen::internal::scalar_sum_op<float, float>, Eigen::TensorCwiseBinaryOp<Eigen::internal::scalar_sum_op<float, float>, Eigen::TensorCwiseBinaryOp<Eigen::internal::scalar_sum_op<float, float>, Eigen::TensorCwiseBinaryOp<Eigen::internal::scalar_sum_op<float, float>, Eigen::TensorCwiseBinaryOp<Eigen::internal::scalar_sum_op<float const , float const >, Eigen::TensorMap<Eigen::Tensor<float const , int=1, int=1, long>, int=16, Eigen::MakePointer> const , Eigen::TensorMap<Eigen::Tensor<float const , int=1, int=1, long>, int=16, Eigen::MakePointer> const > const , Eigen::TensorMap<Eigen::Tensor<float const , int=1, int=1, long>, int=16, Eigen::MakePointer> const > const , Eigen::TensorMap<Eigen::Tensor<float const , int=1, int=1, long>, int=16, Eigen::MakePointer> const > const , Eigen::TensorMap<Eigen::Tensor<float const , int=1, int=1, long>, int=16, Eigen::MakePointer> const > const , Eigen::TensorMap<Eigen::Tensor<float const , int=1, int=1, long>, int=16, Eigen::MakePointer> const > const , Eigen::TensorMap<Eigen::Tensor<float const , int=1, int=1, long>, int=16, Eigen::MakePointer> const > const , Eigen::TensorMap<Eigen::Tensor<float const , int=1, int=1, long>, int=16, Eigen::MakePointer> const > const > const > const , Eigen::GpuDevice>, long>(float, int=1)",110,"flop_count_sp","Floating Point Operations(Single Precision)",8,8,8
"Tesla P100-PCIE-16GB (0)","maxwell_scudnn_128x64_stridedB_small_nn",8,"flop_count_sp","Floating Point Operations(Single Precision)",7985848320,16074448896,9882234880
"Tesla P100-PCIE-16GB (0)","void transpose_readWrite_alignment_kernel<float2, float2, int=1, bool=0, int=6, int=4, int=4>(cublasTransposeParams<float2>, float2 const *, float2*, float2 const *)",84,"flop_count_sp","Floating Point Operations(Single Precision)",25952256,811597824,152825270
"Tesla P100-PCIE-16GB (0)","maxwell_scudnn_128x64_stridedB_splitK_large_nn",2,"flop_count_sp","Floating Point Operations(Single Precision)",67979649024,67986874368,67983261696
"Tesla P100-PCIE-16GB (0)","void Eigen::internal::InnerReductionKernel<int=128, Eigen::TensorEvaluator<Eigen::TensorReductionOp<Eigen::internal::SumReducer<float>, Eigen::IndexList<Eigen::type2index<long=1>> const , Eigen::TensorCwiseUnaryOp<Eigen::internal::scalar_exp_op<float>, Eigen::TensorMap<Eigen::Tensor<float, int=2, int=1, int>, int=16, Eigen::MakePointer> const > const , Eigen::MakePointer> const , Eigen::GpuDevice>, Eigen::internal::SumReducer<float>, int>(Eigen::internal::SumReducer<float>, float, long=1, float, Eigen::internal::SumReducer<float>::CoeffReturnType*)",10,"flop_count_sp","Floating Point Operations(Single Precision)",658496,658496,658496
"Tesla P100-PCIE-16GB (0)","sgemm_32x32x32_NT",10,"flop_count_sp","Floating Point Operations(Single Precision)",270712832,270712832,270712832
"Tesla P100-PCIE-16GB (0)","void fft2d_c2r_32x32<float, bool=0, unsigned int=1, bool=0, bool=0>(float*, float2 const *, int, int, int, int, int, int, int, int, int, float, float, cudnn::reduced_divisor, bool, float*, float*)",38,"flop_count_sp","Floating Point Operations(Single Precision)",183508992,2684805120,495087966
"Tesla P100-PCIE-16GB (0)","void Eigen::internal::EigenMetaKernel<Eigen::TensorEvaluator<Eigen::TensorAssignOp<Eigen::TensorMap<Eigen::Tensor<float, int=1, int=1, long>, int=16, Eigen::MakePointer>, Eigen::TensorCwiseBinaryOp<Eigen::internal::scalar_product_op<float const , float const >, Eigen::TensorMap<Eigen::Tensor<float const , int=1, int=1, long>, int=16, Eigen::MakePointer> const , Eigen::TensorConversionOp<float, Eigen::TensorCwiseBinaryOp<Eigen::internal::scalar_cmp_op<float const , float const , Eigen::internal::ComparisonName>, Eigen::TensorMap<Eigen::Tensor<float const , int=1, int=1, long>, int=16, Eigen::MakePointer> const , Eigen::TensorCwiseNullaryOp<Eigen::internal::scalar_constant_op<float const >, Eigen::TensorMap<Eigen::Tensor<float const , int=1, int=1, long>, int=16, Eigen::MakePointer> const > const > const > const > const > const , Eigen::GpuDevice>, long>(float, int=1)",940,"flop_count_sp","Floating Point Operations(Single Precision)",0,0,0
