==20688== NVPROF is profiling process 20688, command: python tf_cnn_benchmarks.py --num_gpus=1 --batch_size=64 --num_batches=10 --num_warmup_batches=0 --model=inception3 --data_dir=/home/keshavsanthanam/data/imagenet --allow_growth
2018-12-23 19:34:31.782942: I tensorflow/stream_executor/cuda/cuda_gpu_executor.cc:964] successful NUMA node read from SysFS had negative value (-1), but there must be at least one NUMA node, so returning NUMA node zero
2018-12-23 19:34:31.783437: I tensorflow/core/common_runtime/gpu/gpu_device.cc:1432] Found device 0 with properties: 
name: Tesla P100-PCIE-16GB major: 6 minor: 0 memoryClockRate(GHz): 1.3285
pciBusID: 0000:00:04.0
totalMemory: 15.90GiB freeMemory: 14.22GiB
2018-12-23 19:34:31.783470: I tensorflow/core/common_runtime/gpu/gpu_device.cc:1511] Adding visible gpu devices: 0
2018-12-23 19:34:32.181833: I tensorflow/core/common_runtime/gpu/gpu_device.cc:982] Device interconnect StreamExecutor with strength 1 edge matrix:
2018-12-23 19:34:32.181896: I tensorflow/core/common_runtime/gpu/gpu_device.cc:988]      0 
2018-12-23 19:34:32.181912: I tensorflow/core/common_runtime/gpu/gpu_device.cc:1001] 0:   N 
2018-12-23 19:34:32.182215: I tensorflow/core/common_runtime/gpu/gpu_device.cc:1115] Created TensorFlow device (/job:localhost/replica:0/task:0/device:GPU:0 with 13772 MB memory) -> physical GPU (device: 0, name: Tesla P100-PCIE-16GB, pci bus id: 0000:00:04.0, compute capability: 6.0)
W1223 19:34:38.300471 140290631131520 tf_logging.py:125] From /home/keshavsanthanam/dl_scheduling/workloads/tensorflow/image_classification/benchmark_cnn.py:2250: __init__ (from tensorflow.python.training.supervisor) is deprecated and will be removed in a future version.
Instructions for updating:
Please switch to tf.train.MonitoredTrainingSession
2018-12-23 19:34:39.348777: I tensorflow/core/common_runtime/gpu/gpu_device.cc:1511] Adding visible gpu devices: 0
2018-12-23 19:34:39.348851: I tensorflow/core/common_runtime/gpu/gpu_device.cc:982] Device interconnect StreamExecutor with strength 1 edge matrix:
2018-12-23 19:34:39.348861: I tensorflow/core/common_runtime/gpu/gpu_device.cc:988]      0 
2018-12-23 19:34:39.348866: I tensorflow/core/common_runtime/gpu/gpu_device.cc:1001] 0:   N 
2018-12-23 19:34:39.349237: I tensorflow/core/common_runtime/gpu/gpu_device.cc:1115] Created TensorFlow device (/job:localhost/replica:0/task:0/device:GPU:0 with 13772 MB memory) -> physical GPU (device: 0, name: Tesla P100-PCIE-16GB, pci bus id: 0000:00:04.0, compute capability: 6.0)
I1223 19:34:41.981493 140290631131520 tf_logging.py:115] Running local_init_op.
I1223 19:35:10.473511 140290631131520 tf_logging.py:115] Done running local_init_op.
TensorFlow:  1.12
Model:       inception3
Dataset:     imagenet
Mode:        training
SingleSess:  False
Batch size:  64 global
             64 per device
Num batches: 10
Num epochs:  0.00
Devices:     ['/gpu:0']
Data format: NCHW
Optimizer:   sgd
Variables:   parameter_server
==========
start:2018-12-23 19:34:32.185639
Generating training model
Initializing graph
Running warm up
Done warm up
Step	Img/sec	total_loss
1	images/sec: 1.5 +/- 0.0 (jitter = 0.0)	7.353
10	images/sec: 2.9 +/- 0.2 (jitter = 0.7)	7.422
----------------------------------------------------------------
total images/sec: 2.94
----------------------------------------------------------------
end:2018-12-23 19:38:48.744412
==20688== Profiling application: python tf_cnn_benchmarks.py --num_gpus=1 --batch_size=64 --num_batches=10 --num_warmup_batches=0 --model=inception3 --data_dir=/home/keshavsanthanam/data/imagenet --allow_growth
==20688== Profiling result:
==20688== Metric result:
"Device","Kernel","Invocations","Metric Name","Metric Description","Min","Max","Avg"
"Tesla P100-PCIE-16GB (0)","void Eigen::internal::EigenMetaKernel<Eigen::TensorEvaluator<Eigen::TensorAssignOp<Eigen::TensorMap<Eigen::Tensor<float, int=1, int=1, int>, int=16, Eigen::MakePointer>, Eigen::TensorCwiseUnaryOp<Eigen::internal::scalar_right<float, float, Eigen::internal::scalar_product_op<float, float>>, Eigen::TensorMap<Eigen::Tensor<float const , int=1, int=1, int>, int=16, Eigen::MakePointer> const > const > const , Eigen::GpuDevice>, int>(float, int=1)",2955,"sm_efficiency","Multiprocessor Activity",0.095921%,84.056944%,11.319394%
"Tesla P100-PCIE-16GB (0)","void Eigen::internal::EigenMetaKernel<Eigen::TensorEvaluator<Eigen::TensorAssignOp<Eigen::TensorMap<Eigen::Tensor<float, int=1, int=1, long>, int=16, Eigen::MakePointer>, Eigen::TensorCwiseBinaryOp<Eigen::internal::scalar_difference_op<float, float>, Eigen::TensorMap<Eigen::Tensor<float, int=1, int=1, long>, int=16, Eigen::MakePointer> const , Eigen::TensorCwiseBinaryOp<Eigen::internal::scalar_product_op<float const , float const >, Eigen::TensorBroadcastingOp<Eigen::array<long, unsigned long=1> const , Eigen::TensorReshapingOp<Eigen::Sizes<> const , Eigen::TensorMap<Eigen::TensorFixedSize<float const , Eigen::Sizes<>, int=1, long>, int=16, Eigen::MakePointer> const > const > const , Eigen::TensorMap<Eigen::Tensor<float const , int=1, int=1, long>, int=16, Eigen::MakePointer> const > const > const > const , Eigen::GpuDevice>, long>(float, int=1)",1900,"sm_efficiency","Multiprocessor Activity",0.131916%,88.911464%,19.503451%
"Tesla P100-PCIE-16GB (0)","void Eigen::internal::EigenMetaKernel<Eigen::TensorEvaluator<Eigen::TensorAssignOp<Eigen::TensorMap<Eigen::Tensor<float, int=1, int=1, long>, int=16, Eigen::MakePointer>, Eigen::TensorCwiseBinaryOp<Eigen::internal::scalar_sum_op<float, float>, Eigen::TensorCwiseBinaryOp<Eigen::internal::scalar_sum_op<float, float>, Eigen::TensorCwiseBinaryOp<Eigen::internal::scalar_sum_op<float const , float const >, Eigen::TensorMap<Eigen::Tensor<float const , int=1, int=1, long>, int=16, Eigen::MakePointer> const , Eigen::TensorMap<Eigen::Tensor<float const , int=1, int=1, long>, int=16, Eigen::MakePointer> const > const , Eigen::TensorMap<Eigen::Tensor<float const , int=1, int=1, long>, int=16, Eigen::MakePointer> const > const , Eigen::TensorMap<Eigen::Tensor<float const , int=1, int=1, long>, int=16, Eigen::MakePointer> const > const > const , Eigen::GpuDevice>, long>(float, int=1)",90,"sm_efficiency","Multiprocessor Activity",95.885149%,98.790881%,97.849311%
"Tesla P100-PCIE-16GB (0)","void flip_filter<float, float>(float*, float const *, int, int, int, int)",68,"sm_efficiency","Multiprocessor Activity",48.497378%,98.119041%,80.563932%
"Tesla P100-PCIE-16GB (0)","void Eigen::internal::InnerReductionKernel<int=128, Eigen::TensorEvaluator<Eigen::TensorReductionOp<Eigen::internal::MaxReducer<float>, Eigen::IndexList<Eigen::type2index<long=1>> const , Eigen::TensorMap<Eigen::Tensor<float const , int=2, int=1, int>, int=16, Eigen::MakePointer> const , Eigen::MakePointer> const , Eigen::GpuDevice>, Eigen::internal::MaxReducer<float>, int>(Eigen::internal::MaxReducer<float>, float, long=1, float, Eigen::internal::MaxReducer<float>::CoeffReturnType*)",10,"sm_efficiency","Multiprocessor Activity",3.310086%,3.434377%,3.377285%
"Tesla P100-PCIE-16GB (0)","void Eigen::internal::EigenMetaKernel<Eigen::TensorEvaluator<Eigen::TensorAssignOp<Eigen::TensorMap<Eigen::Tensor<float, int=4, int=1, int>, int=16, Eigen::MakePointer>, Eigen::TensorSlicingOp<Eigen::DSizes<int, int=4> const , Eigen::DSizes<int, int=4> const , Eigen::TensorMap<Eigen::Tensor<float const , int=4, int=1, int>, int=16, Eigen::MakePointer> const > const > const , Eigen::GpuDevice>, int>(float, int=4)",460,"sm_efficiency","Multiprocessor Activity",49.515444%,95.774031%,88.477761%
"Tesla P100-PCIE-16GB (0)","void cudnn::winograd_nonfused::winogradWgradDelta4x4<float, float>(cudnn::winograd_nonfused::WinogradDeltaParams<float, float>)",6,"sm_efficiency","Multiprocessor Activity",88.185332%,99.727077%,96.743757%
"Tesla P100-PCIE-16GB (0)","maxwell_gcgemm_32x32_nt",22,"sm_efficiency","Multiprocessor Activity",96.101842%,98.694296%,97.705203%
"Tesla P100-PCIE-16GB (0)","void Eigen::internal::EigenMetaKernel<Eigen::TensorEvaluator<Eigen::TensorAssignOp<Eigen::TensorMap<Eigen::Tensor<float, int=1, int=1, int>, int=16, Eigen::MakePointer>, Eigen::TensorCwiseBinaryOp<Eigen::internal::scalar_difference_op<float, float>, Eigen::TensorMap<Eigen::Tensor<float const , int=1, int=1, int>, int=16, Eigen::MakePointer> const , Eigen::TensorMap<Eigen::Tensor<float const , int=1, int=1, long>, int=16, Eigen::MakePointer> const > const > const , Eigen::GpuDevice>, long>(float, int=1)",1880,"sm_efficiency","Multiprocessor Activity",0.100974%,0.702950%,0.480709%
"Tesla P100-PCIE-16GB (0)","cudnn_maxwell_gcgemm_32x32_tn_batched",8,"sm_efficiency","Multiprocessor Activity",98.018776%,99.047522%,98.632002%
"Tesla P100-PCIE-16GB (0)","void cudnn::winograd_nonfused::winogradWgradData4x4<float, float>(cudnn::winograd_nonfused::WinogradDataParams<float, float>)",6,"sm_efficiency","Multiprocessor Activity",92.261831%,99.407476%,97.090437%
"Tesla P100-PCIE-16GB (0)","void cudnn::detail::explicit_convolve_sgemm<float, int, int=1024, int=5, int=5, int=3, int=3, int=3, int=0, bool=1>(int, int, int, float const *, int, float const , int, cudnn::detail::explicit_convolve_sgemm<float, int, int=1024, int=5, int=5, int=3, int=3, int=3, int=0, bool=1>*, kernel_conv_params, int, int, float, float, int, float const *, float const *)",6,"sm_efficiency","Multiprocessor Activity",97.063651%,98.235342%,97.908413%
"Tesla P100-PCIE-16GB (0)","maxwell_scudnn_128x64_relu_small_nn",10,"sm_efficiency","Multiprocessor Activity",95.510747%,99.354564%,96.588690%
"Tesla P100-PCIE-16GB (0)","void Eigen::internal::EigenMetaKernel<Eigen::TensorEvaluator<Eigen::TensorAssignOp<Eigen::TensorMap<Eigen::Tensor<float, int=1, int=1, long>, int=16, Eigen::MakePointer>, Eigen::TensorCwiseBinaryOp<Eigen::internal::scalar_sum_op<float, float>, Eigen::TensorCwiseBinaryOp<Eigen::internal::scalar_sum_op<float const , float const >, Eigen::TensorMap<Eigen::Tensor<float const , int=1, int=1, long>, int=16, Eigen::MakePointer> const , Eigen::TensorMap<Eigen::Tensor<float const , int=1, int=1, long>, int=16, Eigen::MakePointer> const > const , Eigen::TensorMap<Eigen::Tensor<float const , int=1, int=1, long>, int=16, Eigen::MakePointer> const > const > const , Eigen::GpuDevice>, long>(float, int=1)",20,"sm_efficiency","Multiprocessor Activity",97.677993%,98.840011%,98.201030%
"Tesla P100-PCIE-16GB (0)","void fft1d_c2r_32<float2, float, float, bool=0, bool=1, bool=0, bool=1>(float*, float2 const *, int, int3, int3, int2, int, float, float, float*, float*)",12,"sm_efficiency","Multiprocessor Activity",92.907294%,95.400201%,94.273361%
"Tesla P100-PCIE-16GB (0)","void cudnn::detail::wgrad_alg0_engine<float, int=512, int=6, int=5, int=3, int=3, int=3, bool=1, int=512>(int, int, int, float const *, int, cudnn::detail::wgrad_alg0_engine<float, int=512, int=6, int=5, int=3, int=3, int=3, bool=1, int=512>*, float const , kernel_grad_params, int, float, int, int, int, int)",191,"sm_efficiency","Multiprocessor Activity",79.077250%,99.712486%,91.066678%
"Tesla P100-PCIE-16GB (0)","void DSE::vector_fft<int=1, int=2, int=128, int=8, int=8, int=1, float, float, float2>(float2*, float2, int, int3, float2*)",6,"sm_efficiency","Multiprocessor Activity",99.449990%,99.843428%,99.593067%
"Tesla P100-PCIE-16GB (0)","cudnn_maxwell_cgemm_32x64_tn_batched",9,"sm_efficiency","Multiprocessor Activity",98.396843%,99.766751%,99.205721%
"Tesla P100-PCIE-16GB (0)","void scalePackedTensor_kernel<float, float>(cudnnTensor4dStruct, float*, float)",952,"sm_efficiency","Multiprocessor Activity",0.935293%,99.396706%,82.635746%
"Tesla P100-PCIE-16GB (0)","maxwell_scudnn_128x64_stridedB_splitK_interior_nn",30,"sm_efficiency","Multiprocessor Activity",67.712811%,98.107945%,88.294889%
"Tesla P100-PCIE-16GB (0)","void cudnn::detail::dgrad2d_alg1_1<float, int=0, int=6, int=6, int=5, int=4, int=4, bool=1, bool=1>(int, int, int, float const *, int, float const , int, cudnn::detail::dgrad2d_alg1_1<float, int=0, int=6, int=6, int=5, int=4, int=4, bool=1, bool=1>*, kernel_grad_params, int, int, float, int, int)",2,"sm_efficiency","Multiprocessor Activity",92.780116%,98.271101%,95.525609%
"Tesla P100-PCIE-16GB (0)","void pointwise_mult_and_sum_complex<float2, int=8, int=4>(float2*, float2*, float2*, int, int, int, int, int, float2)",12,"sm_efficiency","Multiprocessor Activity",75.822681%,99.374043%,93.492325%
"Tesla P100-PCIE-16GB (0)","void cudnn::detail::pooling_fw_4d_kernel<float, float, cudnn::detail::averpooling_func<float>, int=2, bool=0>(cudnnTensorStruct, float const *, cudnn::detail::pooling_fw_4d_kernel<float, float, cudnn::detail::averpooling_func<float>, int=2, bool=0>, cudnnTensorStruct*, cudnnPoolingStruct, float, cudnnPoolingStruct, int, cudnn::reduced_divisor, float)",90,"sm_efficiency","Multiprocessor Activity",87.867120%,99.778036%,98.796278%
"Tesla P100-PCIE-16GB (0)","cudnn::maxwell::gemm::computeWgradOffsetsKernel(cudnn::maxwell::gemm::ComputeOffsetsParams)",96,"sm_efficiency","Multiprocessor Activity",2.971319%,35.933737%,14.697210%
"Tesla P100-PCIE-16GB (0)","void tensorflow::BiasNHWCKernel<float>(int, float const *, float const , tensorflow::BiasNHWCKernel<float>*, int)",10,"sm_efficiency","Multiprocessor Activity",27.535065%,43.246487%,36.211248%
"Tesla P100-PCIE-16GB (0)","void cudnn::detail::bn_fw_tr_1C11_singleread<float, int=512, bool=1, int=1, int=2, int=0>(cudnnTensorStruct, float const *, cudnn::detail::bn_fw_tr_1C11_singleread<float, int=512, bool=1, int=1, int=2, int=0>, cudnnTensorStruct*, float const *, float const , float, float, float*, float const *, float const *, float const *, float, float, cudnn::reduced_divisor, int, float*, cudnn::detail::bnFwPersistentState*, int, float, float, float, int, float, float, cudnnStatus_t*, bool)",200,"sm_efficiency","Multiprocessor Activity",58.782738%,91.707061%,83.823083%
"Tesla P100-PCIE-16GB (0)","void Eigen::internal::EigenMetaKernel<Eigen::TensorEvaluator<Eigen::TensorAssignOp<Eigen::TensorMap<Eigen::Tensor<float, int=1, int=1, long>, int=16, Eigen::MakePointer>, Eigen::TensorCwiseBinaryOp<Eigen::internal::scalar_sum_op<float const , float const >, Eigen::TensorMap<Eigen::Tensor<float const , int=1, int=1, long>, int=16, Eigen::MakePointer> const , Eigen::TensorMap<Eigen::Tensor<float const , int=1, int=1, long>, int=16, Eigen::MakePointer> const > const > const , Eigen::GpuDevice>, long>(float, int=1)",1000,"sm_efficiency","Multiprocessor Activity",0.265742%,88.678420%,39.657863%
"Tesla P100-PCIE-16GB (0)","void Eigen::internal::EigenMetaKernel<Eigen::TensorEvaluator<Eigen::TensorAssignOp<Eigen::TensorMap<Eigen::Tensor<float, int=1, int=1, int>, int=16, Eigen::MakePointer>, Eigen::TensorCwiseUnaryOp<Eigen::internal::scalar_right<float, float, Eigen::internal::scalar_sum_op<float, float>>, Eigen::TensorMap<Eigen::Tensor<float const , int=1, int=1, int>, int=16, Eigen::MakePointer> const > const > const , Eigen::GpuDevice>, int>(float, int=1)",10,"sm_efficiency","Multiprocessor Activity",0.279823%,0.600300%,0.519878%
"Tesla P100-PCIE-16GB (0)","void tensorflow::functor::SwapDimension1And2InTensor3UsingTiles<unsigned int, int=1024, int=1024, int=2, bool=0>(unsigned int const *, tensorflow::functor::Dimension<int=3>, tensorflow::functor::SwapDimension1And2InTensor3UsingTiles<unsigned int, int=1024, int=1024, int=2, bool=0>*)",10,"sm_efficiency","Multiprocessor Activity",97.985532%,99.316531%,99.067889%
"Tesla P100-PCIE-16GB (0)","cudnn::maxwell::gemm::computeOffsetsKernel(cudnn::maxwell::gemm::ComputeOffsetsParams)",121,"sm_efficiency","Multiprocessor Activity",0.641252%,39.453274%,8.169850%
"Tesla P100-PCIE-16GB (0)","void cudnn::winograd_nonfused::winogradWgradDelta9x9_5x5<float, float>(cudnn::winograd_nonfused::WinogradDeltaParams<float, float>)",1,"sm_efficiency","Multiprocessor Activity",97.024522%,97.024522%,97.024522%
"Tesla P100-PCIE-16GB (0)","void cudnn::detail::wgrad_alg0_engine<float, int=128, int=6, int=8, int=3, int=3, int=5, bool=1, int=512>(int, int, int, float const *, int, cudnn::detail::wgrad_alg0_engine<float, int=128, int=6, int=8, int=3, int=3, int=5, bool=1, int=512>*, float const , kernel_grad_params, int, float, int, int, int, int)",456,"sm_efficiency","Multiprocessor Activity",93.506081%,99.538890%,97.180024%
"Tesla P100-PCIE-16GB (0)","void cudnn::winograd_nonfused::winogradWgradOutput9x9_5x5<float, float>(cudnn::winograd_nonfused::WinogradWgradOutputParams<float, float>)",1,"sm_efficiency","Multiprocessor Activity",56.722105%,56.722105%,56.722105%
"Tesla P100-PCIE-16GB (0)","void cudnn::detail::dgrad_engine<float, int=128, int=6, int=7, int=3, int=3, int=5, bool=1>(int, int, int, float const *, int, float const , int, cudnn::detail::dgrad_engine<float, int=128, int=6, int=7, int=3, int=3, int=5, bool=1>*, kernel_grad_params, int, int, float, int, int, int)",487,"sm_efficiency","Multiprocessor Activity",95.701378%,99.885023%,97.671593%
"Tesla P100-PCIE-16GB (0)","void Eigen::internal::EigenMetaKernel<Eigen::TensorEvaluator<Eigen::TensorAssignOp<Eigen::TensorMap<Eigen::Tensor<float, int=1, int=1, long>, int=16, Eigen::MakePointer>, Eigen::TensorCwiseBinaryOp<Eigen::internal::scalar_max_op<float const , float const >, Eigen::TensorMap<Eigen::Tensor<float const , int=1, int=1, long>, int=16, Eigen::MakePointer> const , Eigen::TensorCwiseNullaryOp<Eigen::internal::scalar_constant_op<float const >, Eigen::TensorMap<Eigen::Tensor<float const , int=1, int=1, long>, int=16, Eigen::MakePointer> const > const > const > const , Eigen::GpuDevice>, long>(float, int=1)",940,"sm_efficiency","Multiprocessor Activity",44.825722%,95.563026%,84.841760%
"Tesla P100-PCIE-16GB (0)","sgemm_128x128x8_TN",10,"sm_efficiency","Multiprocessor Activity",72.710203%,77.614434%,76.200278%
"Tesla P100-PCIE-16GB (0)","void cudnn::detail::implicit_convolve_sgemm<float, float, int=128, int=5, int=5, int=3, int=3, int=3, int=1, bool=1, bool=0, bool=1>(int, int, int, float const *, int, float*, cudnn::detail::implicit_convolve_sgemm<float, float, int=128, int=5, int=5, int=3, int=3, int=3, int=1, bool=1, bool=0, bool=1>*, kernel_conv_params, int, float, float, int, float, float, int, int)",222,"sm_efficiency","Multiprocessor Activity",94.420688%,99.906794%,97.422709%
"Tesla P100-PCIE-16GB (0)","maxwell_scudnn_winograd_128x128_ldg1_ldg4_tile418n_nt",78,"sm_efficiency","Multiprocessor Activity",97.473890%,99.226123%,98.314199%
"Tesla P100-PCIE-16GB (0)","cudnn_maxwell_cgemm_64x64_tn_batched",30,"sm_efficiency","Multiprocessor Activity",96.819512%,99.829810%,99.099770%
"Tesla P100-PCIE-16GB (0)","void Eigen::internal::EigenMetaKernel<Eigen::TensorEvaluator<Eigen::TensorAssignOp<Eigen::TensorMap<Eigen::Tensor<float, int=1, int=1, long>, int=16, Eigen::MakePointer>, Eigen::TensorCwiseBinaryOp<Eigen::internal::scalar_difference_op<float const , float const >, Eigen::TensorMap<Eigen::Tensor<float, int=1, int=1, long>, int=16, Eigen::MakePointer> const , Eigen::TensorMap<Eigen::Tensor<float const , int=1, int=1, long>, int=16, Eigen::MakePointer> const > const > const , Eigen::GpuDevice>, long>(float, int=1)",1880,"sm_efficiency","Multiprocessor Activity",0.091021%,0.713339%,0.484486%
"Tesla P100-PCIE-16GB (0)","void fft2d_c2r_32x32<float, bool=0, unsigned int=0, bool=0, bool=0>(float*, float2 const *, int, int, int, int, int, int, int, int, int, float, float, cudnn::reduced_divisor, bool, float*, float*)",142,"sm_efficiency","Multiprocessor Activity",79.246062%,96.703056%,87.633756%
"Tesla P100-PCIE-16GB (0)","maxwell_scudnn_128x32_stridedB_splitK_interior_nn",20,"sm_efficiency","Multiprocessor Activity",80.684184%,98.267641%,94.853805%
"Tesla P100-PCIE-16GB (0)","cudnn_maxwell_cgemm_64x32_nt_batched",4,"sm_efficiency","Multiprocessor Activity",98.513027%,98.840300%,98.632903%
"Tesla P100-PCIE-16GB (0)","void DSE::regular_fft_clip<int=1, int=2, int=256, int=16, int=16, int=1, float, float, float2>(float*, float2*, int, int3, float2*, int, float2*, float2*, int, int, int, int, int, float, float, bool, int, float, float)",6,"sm_efficiency","Multiprocessor Activity",98.690050%,99.719188%,99.231805%
"Tesla P100-PCIE-16GB (0)","void Eigen::internal::EigenMetaKernel<Eigen::TensorEvaluator<Eigen::TensorAssignOp<Eigen::TensorMap<Eigen::Tensor<float, int=1, int=1, int>, int=16, Eigen::MakePointer>, Eigen::TensorSelectOp<Eigen::TensorBroadcastingOp<Eigen::array<int, unsigned long=1> const , Eigen::TensorReshapingOp<Eigen::IndexList<Eigen::type2index<long=1>> const , Eigen::TensorMap<Eigen::TensorFixedSize<bool const , Eigen::Sizes<>, int=1, long>, int=16, Eigen::MakePointer> const > const > const , Eigen::TensorMap<Eigen::Tensor<float const , int=1, int=1, long>, int=16, Eigen::MakePointer> const , Eigen::TensorMap<Eigen::Tensor<float const , int=1, int=1, long>, int=16, Eigen::MakePointer> const > const > const , Eigen::GpuDevice>, long>(float, int=1)",10,"sm_efficiency","Multiprocessor Activity",0.258805%,0.660814%,0.569141%
"Tesla P100-PCIE-16GB (0)","void fft1d_r2c_32<float, float, float2, bool=0, bool=0>(float2*, float const *, int, int3, int3, int2, int2)",99,"sm_efficiency","Multiprocessor Activity",85.715330%,99.367816%,94.548560%
"Tesla P100-PCIE-16GB (0)","void cudnn::detail::implicit_convolve_sgemm<float, float, int=1024, int=5, int=5, int=3, int=3, int=3, int=1, bool=1, bool=0, bool=1>(int, int, int, float const *, int, float*, cudnn::detail::implicit_convolve_sgemm<float, float, int=1024, int=5, int=5, int=3, int=3, int=3, int=1, bool=1, bool=0, bool=1>*, kernel_conv_params, int, float, float, int, float, float, int, int)",33,"sm_efficiency","Multiprocessor Activity",94.763622%,98.712051%,97.388451%
"Tesla P100-PCIE-16GB (0)","void fft1d_r2c_32<float, float, float2, bool=1, bool=0>(float2*, float const *, int, int3, int3, int2, int2)",31,"sm_efficiency","Multiprocessor Activity",70.901712%,99.274991%,91.004681%
"Tesla P100-PCIE-16GB (0)","void tensorflow::functor::BlockReduceKernel<cub::TransformInputIterator<float, tensorflow::squareHalf<float>, float*, long>, float*, int=256, cub::Sum>(float, float, int, float*, std::iterator_traits<tensorflow::functor::BlockReduceKernel<cub::TransformInputIterator<float, tensorflow::squareHalf<float>, float*, long>, float*, int=256, cub::Sum>>::value_type)",870,"sm_efficiency","Multiprocessor Activity",0.346316%,49.135401%,34.655170%
"Tesla P100-PCIE-16GB (0)","void cudnn::winograd_nonfused::winogradForwardData4x4<float, float>(cudnn::winograd_nonfused::WinogradDataParams<float, float>)",12,"sm_efficiency","Multiprocessor Activity",93.131411%,99.712568%,97.642955%
"Tesla P100-PCIE-16GB (0)","void Eigen::internal::EigenMetaKernel<Eigen::TensorEvaluator<Eigen::TensorAssignOp<Eigen::TensorSlicingOp<Eigen::array<int, unsigned long=2> const , Eigen::array<int, unsigned long=2> const , Eigen::TensorMap<Eigen::Tensor<float, int=2, int=1, int>, int=16, Eigen::MakePointer>>, Eigen::TensorMap<Eigen::Tensor<float const , int=2, int=1, int>, int=16, Eigen::MakePointer> const > const , Eigen::GpuDevice>, int>(int, unsigned long=2)",460,"sm_efficiency","Multiprocessor Activity",50.514516%,95.092897%,86.605356%
"Tesla P100-PCIE-16GB (0)","void cudnn::winograd_nonfused::winogradForwardData9x9_5x5<float, float>(cudnn::winograd_nonfused::WinogradDataParams<float, float>)",3,"sm_efficiency","Multiprocessor Activity",96.307435%,96.682384%,96.507116%
"Tesla P100-PCIE-16GB (0)","void cudnn::detail::pooling_bw_kernel_avg<float, float, cudnn::detail::averpooling_func<float>, int=2, bool=0>(cudnnTensorStruct, float const *, float const , cudnn::detail::pooling_bw_kernel_avg<float, float, cudnn::detail::averpooling_func<float>, int=2, bool=0>, float const , cudnn::detail::pooling_bw_kernel_avg<float, float, cudnn::detail::averpooling_func<float>, int=2, bool=0>, cudnnTensorStruct*, cudnnPoolingStruct, float, cudnnPoolingStruct, int, cudnn::reduced_divisor, float)",90,"sm_efficiency","Multiprocessor Activity",98.477668%,99.859166%,99.676418%
"Tesla P100-PCIE-16GB (0)","maxwell_cgemm_32x32_tn",5,"sm_efficiency","Multiprocessor Activity",99.060715%,99.833123%,99.416672%
"Tesla P100-PCIE-16GB (0)","maxwell_scudnn_winograd_128x128_ldg1_ldg4_tile148n_nt",23,"sm_efficiency","Multiprocessor Activity",97.578026%,99.491258%,99.169197%
"Tesla P100-PCIE-16GB (0)","void fft2d_c2r_64x64<float, bool=0>(float*, float2*, int, int, int, int, int, int, int, int, int, int, float, float, int, float*, float*)",30,"sm_efficiency","Multiprocessor Activity",94.872298%,99.245832%,97.815531%
"Tesla P100-PCIE-16GB (0)","void tensorflow::functor::ShuffleInTensor3Simple<float, int=2, int=1, int=0, bool=0>(int, float const *, tensorflow::functor::Dimension<int=3>, tensorflow::functor::ShuffleInTensor3Simple<float, int=2, int=1, int=0, bool=0>*)",2810,"sm_efficiency","Multiprocessor Activity",0.321178%,94.573046%,54.248196%
"Tesla P100-PCIE-16GB (0)","maxwell_scudnn_winograd_128x128_ldg1_ldg4_tile228n_nt",11,"sm_efficiency","Multiprocessor Activity",98.491141%,98.988416%,98.828286%
"Tesla P100-PCIE-16GB (0)","void fft2d_r2c_16x16<float>(float2*, float const *, int, int, int, int, int, int, int, int)",66,"sm_efficiency","Multiprocessor Activity",87.211625%,99.764342%,96.137999%
"Tesla P100-PCIE-16GB (0)","maxwell_scudnn_128x32_stridedB_small_nn",4,"sm_efficiency","Multiprocessor Activity",94.994533%,99.332407%,98.075600%
"Tesla P100-PCIE-16GB (0)","maxwell_scudnn_128x32_relu_interior_nn",15,"sm_efficiency","Multiprocessor Activity",85.651203%,99.669084%,98.172850%
"Tesla P100-PCIE-16GB (0)","void cudnn::detail::bn_fw_tr_1C11_singleread<float, int=512, bool=1, int=1, int=2, int=20>(cudnnTensorStruct, float const *, cudnn::detail::bn_fw_tr_1C11_singleread<float, int=512, bool=1, int=1, int=2, int=20>, cudnnTensorStruct*, float const *, float const , float, float, float*, float const *, float const *, float const *, float, float, cudnn::reduced_divisor, int, float*, cudnn::detail::bnFwPersistentState*, int, float, float, float, int, float, float, cudnnStatus_t*, bool)",280,"sm_efficiency","Multiprocessor Activity",81.240878%,99.848586%,93.751720%
"Tesla P100-PCIE-16GB (0)","void tensorflow::functor::FillPhiloxRandomKernelLaunch<tensorflow::random::TruncatedNormalDistribution<tensorflow::random::SingleSampleAdapter<tensorflow::random::PhiloxRandom>, float>>(tensorflow::random::PhiloxRandom, tensorflow::random::PhiloxRandomResultElementType*, __int64, tensorflow::functor::FillPhiloxRandomKernelLaunch<tensorflow::random::TruncatedNormalDistribution<tensorflow::random::SingleSampleAdapter<tensorflow::random::PhiloxRandom>, float>>)",95,"sm_efficiency","Multiprocessor Activity",5.808596%,94.040282%,49.537077%
"Tesla P100-PCIE-16GB (0)","void DSE::regular_fft_clip<int=1, int=2, int=128, int=16, int=32, int=1, float, float, float2>(float*, float2*, int, int3, float2*, int, float2*, float2*, int, int, int, int, int, float, float, bool, int, float, float)",6,"sm_efficiency","Multiprocessor Activity",98.937020%,99.626332%,99.207448%
"Tesla P100-PCIE-16GB (0)","void cudnn::detail::pooling_fw_4d_kernel<float, float, cudnn::detail::maxpooling_func<float, cudnnNanPropagation_t=0>, int=0, bool=0>(cudnnTensorStruct, float const *, cudnn::detail::pooling_fw_4d_kernel<float, float, cudnn::detail::maxpooling_func<float, cudnnNanPropagation_t=0>, int=0, bool=0>, cudnnTensorStruct*, cudnnPoolingStruct, float, cudnnPoolingStruct, int, cudnn::reduced_divisor, float)",50,"sm_efficiency","Multiprocessor Activity",94.903638%,99.704422%,98.898789%
"Tesla P100-PCIE-16GB (0)","void cudnn::detail::explicit_convolve_sgemm<float, int, int=128, int=5, int=5, int=3, int=3, int=3, int=0, bool=0>(int, int, int, float const *, int, float const , int, cudnn::detail::explicit_convolve_sgemm<float, int, int=128, int=5, int=5, int=3, int=3, int=3, int=0, bool=0>*, kernel_conv_params, int, int, float, float, int, float const *, float const *)",1,"sm_efficiency","Multiprocessor Activity",99.880245%,99.880245%,99.880245%
"Tesla P100-PCIE-16GB (0)","maxwell_scudnn_128x128_relu_small_nn",5,"sm_efficiency","Multiprocessor Activity",65.396221%,85.814739%,81.379356%
"Tesla P100-PCIE-16GB (0)","void Eigen::internal::EigenMetaKernel<Eigen::TensorEvaluator<Eigen::TensorAssignOp<Eigen::TensorMap<Eigen::Tensor<float, int=2, int=1, int>, int=16, Eigen::MakePointer>, Eigen::TensorCwiseBinaryOp<Eigen::internal::scalar_product_op<float, float>, Eigen::TensorBroadcastingOp<Eigen::array<long, unsigned long=2> const , Eigen::TensorMap<Eigen::Tensor<float const , int=2, int=1, int>, int=16, Eigen::MakePointer> const > const , Eigen::TensorMap<Eigen::Tensor<float const , int=2, int=1, int>, int=16, Eigen::MakePointer> const > const > const , Eigen::GpuDevice>, int>(float, int=2)",10,"sm_efficiency","Multiprocessor Activity",9.559936%,29.524717%,25.027745%
"Tesla P100-PCIE-16GB (0)","cudnn_maxwell_cgemm_32x64_nt_batched",87,"sm_efficiency","Multiprocessor Activity",83.357699%,96.444201%,88.882572%
"Tesla P100-PCIE-16GB (0)","void fft2d_r2c_32x32<float, unsigned int=0, bool=0>(float2*, float const *, int, int, int, int, int, int, int, int, int, cudnn::reduced_divisor, bool)",194,"sm_efficiency","Multiprocessor Activity",75.154684%,97.617394%,85.909165%
"Tesla P100-PCIE-16GB (0)","maxwell_scudnn_128x128_stridedB_interior_nn",13,"sm_efficiency","Multiprocessor Activity",91.020548%,98.058327%,94.418095%
"Tesla P100-PCIE-16GB (0)","void fft2d_r2c_32x32<float, unsigned int=1, bool=1>(float2*, float const *, int, int, int, int, int, int, int, int, int, cudnn::reduced_divisor, bool)",6,"sm_efficiency","Multiprocessor Activity",66.693807%,98.085925%,87.015765%
"Tesla P100-PCIE-16GB (0)","void cudnn::winograd::generateWinogradTilesKernel<int=0, float, float>(cudnn::winograd::GenerateWinogradTilesParams<float, float>)",112,"sm_efficiency","Multiprocessor Activity",8.164943%,89.504308%,58.825459%
"Tesla P100-PCIE-16GB (0)","void cudnn::detail::dgrad2d_alg1_1<float, int=0, int=4, int=6, int=3, int=2, int=4, bool=1, bool=1>(int, int, int, float const *, int, float const , int, cudnn::detail::dgrad2d_alg1_1<float, int=0, int=4, int=6, int=3, int=2, int=4, bool=1, bool=1>*, kernel_grad_params, int, int, float, int, int)",2,"sm_efficiency","Multiprocessor Activity",99.188795%,99.422817%,99.305806%
"Tesla P100-PCIE-16GB (0)","cudnn_maxwell_gcgemm_64x64_tn_batched",44,"sm_efficiency","Multiprocessor Activity",92.473819%,99.373458%,97.323956%
"Tesla P100-PCIE-16GB (0)","void fft2d_r2c_32x32<float, unsigned int=5, bool=1>(float2*, float const *, int, int, int, int, int, int, int, int, int, cudnn::reduced_divisor, bool)",1,"sm_efficiency","Multiprocessor Activity",82.559885%,82.559885%,82.559885%
"Tesla P100-PCIE-16GB (0)","void Eigen::internal::EigenMetaKernel<Eigen::TensorEvaluator<Eigen::TensorAssignOp<Eigen::TensorMap<Eigen::Tensor<float, int=2, int=1, int>, int=16, Eigen::MakePointer>, Eigen::TensorGeneratorOp<tensorflow::generator::SparseXentGradGenerator<float, int>, Eigen::TensorMap<Eigen::Tensor<float, int=2, int=1, int>, int=16, Eigen::MakePointer> const > const > const , Eigen::GpuDevice>, int>(float, int=2)",10,"sm_efficiency","Multiprocessor Activity",38.655967%,56.834686%,52.331968%
"Tesla P100-PCIE-16GB (0)","void cudnn::detail::dgrad_engine<float, int=128, int=6, int=8, int=3, int=3, int=5, bool=1>(int, int, int, float const *, int, float const , int, cudnn::detail::dgrad_engine<float, int=128, int=6, int=8, int=3, int=3, int=5, bool=1>*, kernel_grad_params, int, int, float, int, int, int)",162,"sm_efficiency","Multiprocessor Activity",94.695994%,99.734343%,97.359941%
"Tesla P100-PCIE-16GB (0)","cudnn_maxwell_gcgemm_64x32_nt_batched",9,"sm_efficiency","Multiprocessor Activity",93.121876%,98.455702%,96.058445%
"Tesla P100-PCIE-16GB (0)","void cudnn::detail::bn_bw_1C11_singleread<float, int=512, bool=1, int=1, int=2, int=7>(float, float, float, float, cudnnTensorStruct, float const *, cudnn::detail::bn_bw_1C11_singleread<float, int=512, bool=1, int=1, int=2, int=7>, float const , cudnn::detail::bn_bw_1C11_singleread<float, int=512, bool=1, int=1, int=2, int=7>, cudnnTensorStruct*, float const *, float*, float const *, float const , float const , float, cudnn::reduced_divisor, int, float*, cudnn::detail::bnBwPersistentState*, int, float, float, float, int, float, cudnnStatus_t*, bool)",200,"sm_efficiency","Multiprocessor Activity",70.289169%,92.152880%,86.335244%
"Tesla P100-PCIE-16GB (0)","cudnn::maxwell::gemm::computeBOffsetsKernel(cudnn::maxwell::gemm::ComputeBOffsetsParams)",164,"sm_efficiency","Multiprocessor Activity",0.194507%,0.790248%,0.600282%
"Tesla P100-PCIE-16GB (0)","void Eigen::internal::EigenMetaKernel<Eigen::TensorEvaluator<Eigen::TensorAssignOp<Eigen::TensorMap<Eigen::Tensor<float, int=2, int=1, int>, int=16, Eigen::MakePointer>, Eigen::TensorCwiseUnaryOp<Eigen::internal::scalar_exp_op<float>, Eigen::TensorMap<Eigen::Tensor<float, int=2, int=1, int>, int=16, Eigen::MakePointer> const > const > const , Eigen::GpuDevice>, int>(float, int=2)",10,"sm_efficiency","Multiprocessor Activity",25.176642%,30.432311%,27.644292%
"Tesla P100-PCIE-16GB (0)","maxwell_scudnn_128x64_stridedB_splitK_medium_nn",2,"sm_efficiency","Multiprocessor Activity",83.077479%,98.001481%,90.539480%
"Tesla P100-PCIE-16GB (0)","void tensorflow::functor::BlockReduceKernel<float*, float*, int=256, tensorflow::functor::Sum<float>>(float*, float*, int, float, std::iterator_traits<tensorflow::functor::BlockReduceKernel<float*, float*, int=256, tensorflow::functor::Sum<float>>>::value_type)",10,"sm_efficiency","Multiprocessor Activity",0.636523%,0.746185%,0.686718%
"Tesla P100-PCIE-16GB (0)","void tensorflow::functor::CleanupSegments<float*, float*, cub::Sum>(float*, float*, int, int, int, cub::Sum, std::iterator_traits<tensorflow::functor::CleanupSegments<float*, float*, cub::Sum>>::value_type)",850,"sm_efficiency","Multiprocessor Activity",0.140019%,0.844222%,0.523956%
"Tesla P100-PCIE-16GB (0)","void pooling_bw_kernel_max_nchw_fully_packed_large<float, float, int=3, cudnnNanPropagation_t=0>(cudnnTensorStruct, float const *, cudnnTensorStruct, float const *, cudnnTensorStruct, float const *, cudnnTensorStruct, float*, cudnnPoolingStruct, float, float, cudnn::reduced_divisor, cudnn::reduced_divisor, int)",10,"sm_efficiency","Multiprocessor Activity",98.710237%,98.954617%,98.837927%
"Tesla P100-PCIE-16GB (0)","cudnn_maxwell_cgemm_64x64_nt_batched",55,"sm_efficiency","Multiprocessor Activity",86.095933%,98.352213%,93.469123%
"Tesla P100-PCIE-16GB (0)","void cudnn::winograd_nonfused::winogradForwardOutput4x4<float, float>(cudnn::winograd_nonfused::WinogradOutputParams<float, float>)",12,"sm_efficiency","Multiprocessor Activity",93.159353%,99.428642%,97.274499%
"Tesla P100-PCIE-16GB (0)","void Eigen::internal::EigenMetaKernel<Eigen::TensorEvaluator<Eigen::TensorAssignOp<Eigen::TensorMap<Eigen::Tensor<float, int=1, int=1, long>, int=16, Eigen::MakePointer>, Eigen::TensorCwiseBinaryOp<Eigen::internal::scalar_sum_op<float, float>, Eigen::TensorCwiseBinaryOp<Eigen::internal::scalar_sum_op<float, float>, Eigen::TensorCwiseBinaryOp<Eigen::internal::scalar_sum_op<float, float>, Eigen::TensorCwiseBinaryOp<Eigen::internal::scalar_sum_op<float, float>, Eigen::TensorCwiseBinaryOp<Eigen::internal::scalar_sum_op<float, float>, Eigen::TensorCwiseBinaryOp<Eigen::internal::scalar_sum_op<float, float>, Eigen::TensorCwiseBinaryOp<Eigen::internal::scalar_sum_op<float const , float const >, Eigen::TensorMap<Eigen::Tensor<float const , int=1, int=1, long>, int=16, Eigen::MakePointer> const , Eigen::TensorMap<Eigen::Tensor<float const , int=1, int=1, long>, int=16, Eigen::MakePointer> const > const , Eigen::TensorMap<Eigen::Tensor<float const , int=1, int=1, long>, int=16, Eigen::MakePointer> const > const , Eigen::TensorMap<Eigen::Tensor<float const , int=1, int=1, long>, int=16, Eigen::MakePointer> const > const , Eigen::TensorMap<Eigen::Tensor<float const , int=1, int=1, long>, int=16, Eigen::MakePointer> const > const , Eigen::TensorMap<Eigen::Tensor<float const , int=1, int=1, long>, int=16, Eigen::MakePointer> const > const , Eigen::TensorMap<Eigen::Tensor<float const , int=1, int=1, long>, int=16, Eigen::MakePointer> const > const , Eigen::TensorMap<Eigen::Tensor<float const , int=1, int=1, long>, int=16, Eigen::MakePointer> const > const > const , Eigen::GpuDevice>, long>(float, int=1)",10,"sm_efficiency","Multiprocessor Activity",0.765925%,0.845454%,0.808830%
"Tesla P100-PCIE-16GB (0)","void DSE::vector_fft<int=1, int=2, int=256, int=16, int=16, int=1, float, float, float2>(float2*, float2, int, int3, float2*)",6,"sm_efficiency","Multiprocessor Activity",99.126853%,99.797078%,99.539341%
"Tesla P100-PCIE-16GB (0)","maxwell_sgemm_128x64_nn",3,"sm_efficiency","Multiprocessor Activity",75.796978%,95.312491%,88.648019%
"Tesla P100-PCIE-16GB (0)","maxwell_sgemm_128x64_nt",5,"sm_efficiency","Multiprocessor Activity",69.671268%,95.645360%,83.713638%
"Tesla P100-PCIE-16GB (0)","void Eigen::internal::EigenMetaKernel<Eigen::TensorEvaluator<Eigen::TensorAssignOp<Eigen::TensorMap<Eigen::Tensor<float, int=2, int=1, int>, int=16, Eigen::MakePointer>, Eigen::TensorCwiseBinaryOp<Eigen::internal::scalar_difference_op<float const , float const >, Eigen::TensorMap<Eigen::Tensor<float const , int=2, int=1, int>, int=16, Eigen::MakePointer> const , Eigen::TensorBroadcastingOp<Eigen::IndexList<Eigen::type2index<long=1>> const , Eigen::TensorReshapingOp<Eigen::IndexList<int> const , Eigen::TensorMap<Eigen::Tensor<float, int=1, int=1, int>, int=16, Eigen::MakePointer>> const > const > const > const , Eigen::GpuDevice>, int>(float, int=2)",10,"sm_efficiency","Multiprocessor Activity",14.243013%,29.578069%,25.260460%
"Tesla P100-PCIE-16GB (0)","void cub::DeviceReduceKernel<cub::DeviceReducePolicy<float, int, cub::Sum>::Policy600, cub::TransformInputIterator<float, tensorflow::squareHalf<float>, float*, long>, float*, int, cub::Sum>(int, cub::Sum, cub::DeviceReducePolicy<float, int, cub::Sum>::Policy600, cub::GridEvenShare<cub::Sum>, float)",90,"sm_efficiency","Multiprocessor Activity",30.414351%,79.380161%,65.333276%
"Tesla P100-PCIE-16GB (0)","void cudnn::detail::explicit_convolve_sgemm<float, int, int=128, int=6, int=7, int=3, int=3, int=5, int=0, bool=1>(int, int, int, float const *, int, float const , int, cudnn::detail::explicit_convolve_sgemm<float, int, int=128, int=6, int=7, int=3, int=3, int=5, int=0, bool=1>*, kernel_conv_params, int, int, float, float, int, float const *, float const *)",11,"sm_efficiency","Multiprocessor Activity",70.712888%,97.764161%,87.908113%
"Tesla P100-PCIE-16GB (0)","void DSE::regular_fft_pad<int=0, int=1, int=256, int=16, int=16, int=1, float, float, float2>(float2*, float*, int, int3, float*, int, float*, float*, int, int, int, int, int, bool)",12,"sm_efficiency","Multiprocessor Activity",98.954072%,99.771042%,99.449384%
"Tesla P100-PCIE-16GB (0)","void cudnn::detail::bn_bw_1C11_singleread<float, int=512, bool=1, int=1, int=2, int=14>(float, float, float, float, cudnnTensorStruct, float const *, cudnn::detail::bn_bw_1C11_singleread<float, int=512, bool=1, int=1, int=2, int=14>, float const , cudnn::detail::bn_bw_1C11_singleread<float, int=512, bool=1, int=1, int=2, int=14>, cudnnTensorStruct*, float const *, float*, float const *, float const , float const , float, cudnn::reduced_divisor, int, float*, cudnn::detail::bnBwPersistentState*, int, float, float, float, int, float, cudnnStatus_t*, bool)",710,"sm_efficiency","Multiprocessor Activity",82.826979%,99.809424%,92.728879%
"Tesla P100-PCIE-16GB (0)","void tensorflow::functor::ColumnReduceKernel<float const *, float*, cub::Sum>(float const *, float*, int, int, cub::Sum, std::iterator_traits<tensorflow::functor::ColumnReduceKernel<float const *, float*, cub::Sum>>::value_type)",1,"sm_efficiency","Multiprocessor Activity",32.033722%,32.033722%,32.033722%
"Tesla P100-PCIE-16GB (0)","void cudnn::winograd_nonfused::winogradForwardFilter9x9_5x5<float, float>(cudnn::winograd_nonfused::WinogradFilterParams<float, float>)",2,"sm_efficiency","Multiprocessor Activity",48.116190%,48.530737%,48.323463%
"Tesla P100-PCIE-16GB (0)","void fft2d_r2c_32x32<float, unsigned int=1, bool=0>(float2*, float const *, int, int, int, int, int, int, int, int, int, cudnn::reduced_divisor, bool)",34,"sm_efficiency","Multiprocessor Activity",67.703853%,98.074548%,94.735574%
"Tesla P100-PCIE-16GB (0)","maxwell_sgemm_128x128_nn",5,"sm_efficiency","Multiprocessor Activity",94.912168%,99.820445%,98.189440%
"Tesla P100-PCIE-16GB (0)","void pooling_bw_kernel_max_nchw_fully_packed_small<float, float, int=3, cudnnNanPropagation_t=0>(cudnnTensorStruct, float const *, cudnnTensorStruct, float const *, cudnnTensorStruct, float const *, cudnnTensorStruct, float*, cudnnPoolingStruct, float, float, cudnn::reduced_divisor, cudnn::reduced_divisor)",30,"sm_efficiency","Multiprocessor Activity",98.905219%,99.665903%,99.291605%
"Tesla P100-PCIE-16GB (0)","void fft2d_r2c_32x32<float, unsigned int=5, bool=0>(float2*, float const *, int, int, int, int, int, int, int, int, int, cudnn::reduced_divisor, bool)",1,"sm_efficiency","Multiprocessor Activity",81.988201%,81.988201%,81.988201%
"Tesla P100-PCIE-16GB (0)","maxwell_sgemm_128x128_nt",8,"sm_efficiency","Multiprocessor Activity",62.871696%,99.733683%,85.327230%
"Tesla P100-PCIE-16GB (0)","void cudnn::detail::bn_bw_1C11_kernel_new<float, float, float2, int=512, bool=1, int=1>(float, cudnn::detail::bn_bw_1C11_kernel_new<float, float, float2, int=512, bool=1, int=1>, cudnn::detail::bn_bw_1C11_kernel_new<float, float, float2, int=512, bool=1, int=1>, cudnn::detail::bn_bw_1C11_kernel_new<float, float, float2, int=512, bool=1, int=1>, cudnnTensorStruct, float const *, float, float const , float, cudnnTensorStruct*, cudnn::detail::bn_bw_1C11_kernel_new<float, float, float2, int=512, bool=1, int=1> const *, cudnn::detail::bn_bw_1C11_kernel_new<float, float, float2, int=512, bool=1, int=1>*, cudnn::detail::bn_bw_1C11_kernel_new<float, float, float2, int=512, bool=1, int=1> const *, cudnn::detail::bn_bw_1C11_kernel_new<float, float, float2, int=512, bool=1, int=1> const , cudnn::detail::bn_bw_1C11_kernel_new<float, float, float2, int=512, bool=1, int=1> const , cudnn::detail::bn_bw_1C11_kernel_new<float, float, float2, int=512, bool=1, int=1>)",30,"sm_efficiency","Multiprocessor Activity",56.074666%,78.787193%,63.536408%
"Tesla P100-PCIE-16GB (0)","maxwell_scudnn_128x64_stridedB_splitK_small_nn",16,"sm_efficiency","Multiprocessor Activity",81.120583%,97.920395%,89.074445%
"Tesla P100-PCIE-16GB (0)","void cudnn::detail::explicit_convolve_sgemm<float, int, int=1024, int=5, int=5, int=3, int=3, int=3, int=0, bool=0>(int, int, int, float const *, int, float const , int, cudnn::detail::explicit_convolve_sgemm<float, int, int=1024, int=5, int=5, int=3, int=3, int=3, int=0, bool=0>*, kernel_conv_params, int, int, float, float, int, float const *, float const *)",12,"sm_efficiency","Multiprocessor Activity",99.764056%,99.911459%,99.871991%
"Tesla P100-PCIE-16GB (0)","maxwell_scudnn_128x128_stridedB_splitK_interior_nn",12,"sm_efficiency","Multiprocessor Activity",85.880299%,97.369574%,92.296908%
"Tesla P100-PCIE-16GB (0)","void Eigen::internal::ReductionInitKernel<float, int>(float, int, Eigen::internal::ReductionInitKernel<float, int>*)",30,"sm_efficiency","Multiprocessor Activity",0.109381%,0.489921%,0.317274%
"Tesla P100-PCIE-16GB (0)","cudnn_maxwell_gcgemm_64x64_nt_batched",47,"sm_efficiency","Multiprocessor Activity",88.913733%,99.192747%,95.235613%
"Tesla P100-PCIE-16GB (0)","void fft2d_r2c_64x64<float>(float2*, float const *, int, int, int, int, int, int, int, int)",60,"sm_efficiency","Multiprocessor Activity",93.718707%,99.345271%,97.664705%
"Tesla P100-PCIE-16GB (0)","void tensorflow::BiasGradNHWC_SharedAtomics<float>(int, float const *, tensorflow::BiasGradNHWC_SharedAtomics<float>*, int)",10,"sm_efficiency","Multiprocessor Activity",36.348252%,42.894408%,38.922793%
"Tesla P100-PCIE-16GB (0)","void cudnn::detail::implicit_convolve_sgemm<float, float, int=128, int=6, int=7, int=3, int=3, int=5, int=1, bool=1, bool=0, bool=1>(int, int, int, float const *, int, float*, cudnn::detail::implicit_convolve_sgemm<float, float, int=128, int=6, int=7, int=3, int=3, int=5, int=1, bool=1, bool=0, bool=1>*, kernel_conv_params, int, float, float, int, float, float, int, int)",708,"sm_efficiency","Multiprocessor Activity",68.841269%,99.401694%,91.426126%
"Tesla P100-PCIE-16GB (0)","void cudnn::detail::pooling_bw_kernel_max<float, float, cudnn::detail::maxpooling_func<float, cudnnNanPropagation_t=0>, bool=0>(cudnnTensorStruct, float const *, cudnn::detail::pooling_bw_kernel_max<float, float, cudnn::detail::maxpooling_func<float, cudnnNanPropagation_t=0>, bool=0>, float const , cudnn::detail::pooling_bw_kernel_max<float, float, cudnn::detail::maxpooling_func<float, cudnnNanPropagation_t=0>, bool=0>, float const , cudnn::detail::pooling_bw_kernel_max<float, float, cudnn::detail::maxpooling_func<float, cudnnNanPropagation_t=0>, bool=0>, cudnnTensorStruct*, cudnnPoolingStruct, float, cudnnPoolingStruct, int, cudnn::reduced_divisor, float)",10,"sm_efficiency","Multiprocessor Activity",99.535659%,99.819145%,99.753775%
"Tesla P100-PCIE-16GB (0)","maxwell_scudnn_128x128_stridedB_splitK_small_nn",10,"sm_efficiency","Multiprocessor Activity",72.315961%,97.476102%,86.761233%
"Tesla P100-PCIE-16GB (0)","void DSE::regular_fft_pad<int=0, int=1, int=128, int=16, int=32, int=1, float, float, float2>(float2*, float*, int, int3, float*, int, float*, float*, int, int, int, int, int, bool)",12,"sm_efficiency","Multiprocessor Activity",98.696664%,99.722177%,99.310904%
"Tesla P100-PCIE-16GB (0)","void cudnn::detail::explicit_convolve_sgemm<float, int, int=128, int=5, int=5, int=3, int=3, int=3, int=0, bool=1>(int, int, int, float const *, int, float const , int, cudnn::detail::explicit_convolve_sgemm<float, int, int=128, int=5, int=5, int=3, int=3, int=3, int=0, bool=1>*, kernel_conv_params, int, int, float, float, int, float const *, float const *)",23,"sm_efficiency","Multiprocessor Activity",85.671752%,99.404330%,95.540943%
"Tesla P100-PCIE-16GB (0)","void fft1d_r2c_32<float, float, float2, bool=0, bool=1>(float2*, float const *, int, int3, int3, int2, int2)",12,"sm_efficiency","Multiprocessor Activity",94.143866%,96.797895%,95.787061%
"Tesla P100-PCIE-16GB (0)","void cudnn::winograd_nonfused::winogradForwardOutput9x9_5x5<float, float>(cudnn::winograd_nonfused::WinogradOutputParams<float, float>)",2,"sm_efficiency","Multiprocessor Activity",95.473810%,96.209992%,95.841901%
"Tesla P100-PCIE-16GB (0)","void im2col4d_kernel<float, int>(im2col4d_params, cudnnConvolutionStruct, cudnnTensor4dStruct, float const *, float*, int)",53,"sm_efficiency","Multiprocessor Activity",61.464876%,99.798375%,90.014077%
"Tesla P100-PCIE-16GB (0)","maxwell_scudnn_128x128_stridedB_small_nn",7,"sm_efficiency","Multiprocessor Activity",76.471795%,86.234075%,84.515462%
"Tesla P100-PCIE-16GB (0)","void DSE::vector_fft<int=0, int=1, int=256, int=16, int=16, int=1, float, float, float2>(float2*, float2, int, int3, float2*)",12,"sm_efficiency","Multiprocessor Activity",99.021487%,99.765860%,99.453279%
"Tesla P100-PCIE-16GB (0)","compute_gemm_pointers(float2**, float2 const *, int, float2 const *, int, float2 const *, int, int)",5,"sm_efficiency","Multiprocessor Activity",25.891792%,37.097344%,28.323979%
"Tesla P100-PCIE-16GB (0)","void cudnn::detail::dgrad_engine<float, int=512, int=6, int=5, int=3, int=3, int=3, bool=1>(int, int, int, float const *, int, float const , int, cudnn::detail::dgrad_engine<float, int=512, int=6, int=5, int=3, int=3, int=3, bool=1>*, kernel_grad_params, int, int, float, int, int, int)",193,"sm_efficiency","Multiprocessor Activity",95.072962%,99.122628%,97.012381%
"Tesla P100-PCIE-16GB (0)","void cudnn::detail::wgrad_alg0_engine<float, int=128, int=6, int=7, int=3, int=3, int=5, bool=1, int=512>(int, int, int, float const *, int, cudnn::detail::wgrad_alg0_engine<float, int=128, int=6, int=7, int=3, int=3, int=5, bool=1, int=512>*, float const , kernel_grad_params, int, float, int, int, int, int)",326,"sm_efficiency","Multiprocessor Activity",88.967481%,99.664005%,96.624842%
"Tesla P100-PCIE-16GB (0)","void cudnn::winograd_nonfused::winogradWgradOutput4x4<float, float>(cudnn::winograd_nonfused::WinogradWgradOutputParams<float, float>)",6,"sm_efficiency","Multiprocessor Activity",5.025555%,89.183191%,41.144428%
"Tesla P100-PCIE-16GB (0)","void Eigen::internal::InnerReductionKernel<int=128, Eigen::TensorEvaluator<Eigen::TensorReductionOp<Eigen::internal::SumReducer<float>, Eigen::IndexList<Eigen::type2index<long=1>> const , Eigen::TensorGeneratorOp<tensorflow::generator::SparseXentLossGenerator<float, int>, Eigen::TensorMap<Eigen::Tensor<float, int=2, int=1, int>, int=16, Eigen::MakePointer> const > const , Eigen::MakePointer> const , Eigen::GpuDevice>, Eigen::internal::SumReducer<float>, int>(Eigen::internal::SumReducer<float>, float, long=1, float, Eigen::internal::SumReducer<float>::CoeffReturnType*)",10,"sm_efficiency","Multiprocessor Activity",3.204636%,3.386544%,3.334393%
"Tesla P100-PCIE-16GB (0)","void fft1d_c2r_32<float2, float, float, bool=0, bool=1, bool=0, bool=0>(float*, float2 const *, int, int3, int3, int2, int, float, float, float*, float*)",68,"sm_efficiency","Multiprocessor Activity",84.659638%,98.826682%,94.679088%
"Tesla P100-PCIE-16GB (0)","cudnn_maxwell_cgemm_32x32_tn_batched",3,"sm_efficiency","Multiprocessor Activity",99.159065%,99.448152%,99.285556%
"Tesla P100-PCIE-16GB (0)","maxwell_scudnn_128x64_stridedB_interior_nn",6,"sm_efficiency","Multiprocessor Activity",95.822562%,98.313440%,97.091697%
"Tesla P100-PCIE-16GB (0)","void Eigen::internal::EigenMetaKernel<Eigen::TensorEvaluator<Eigen::TensorAssignOp<Eigen::TensorMap<Eigen::Tensor<__int64, int=1, int=1, int>, int=16, Eigen::MakePointer>, Eigen::TensorCwiseUnaryOp<Eigen::internal::scalar_right<__int64, __int64, Eigen::internal::scalar_max_op<__int64, __int64>>, Eigen::TensorMap<Eigen::Tensor<__int64 const , int=1, int=1, int>, int=16, Eigen::MakePointer> const > const > const , Eigen::GpuDevice>, int>(__int64, int=1)",1,"sm_efficiency","Multiprocessor Activity",0.558384%,0.558384%,0.558384%
"Tesla P100-PCIE-16GB (0)","void DSE::vector_fft<int=0, int=1, int=128, int=8, int=8, int=1, float, float, float2>(float2*, float2, int, int3, float2*)",12,"sm_efficiency","Multiprocessor Activity",99.348540%,99.856352%,99.603440%
"Tesla P100-PCIE-16GB (0)","maxwell_scudnn_128x32_stridedB_splitK_medium_nn",4,"sm_efficiency","Multiprocessor Activity",92.393534%,98.528660%,96.000600%
"Tesla P100-PCIE-16GB (0)","maxwell_scudnn_128x64_relu_interior_nn",15,"sm_efficiency","Multiprocessor Activity",91.043119%,99.289885%,95.428590%
"Tesla P100-PCIE-16GB (0)","void cudnn::detail::bn_fw_tr_1C11_singleread<float, int=512, bool=1, int=1, int=2, int=10>(cudnnTensorStruct, float const *, cudnn::detail::bn_fw_tr_1C11_singleread<float, int=512, bool=1, int=1, int=2, int=10>, cudnnTensorStruct*, float const *, float const , float, float, float*, float const *, float const *, float const *, float, float, cudnn::reduced_divisor, int, float*, cudnn::detail::bnFwPersistentState*, int, float, float, float, int, float, float, cudnnStatus_t*, bool)",460,"sm_efficiency","Multiprocessor Activity",77.174662%,96.264808%,90.661448%
"Tesla P100-PCIE-16GB (0)","void cub::DeviceReduceSingleTileKernel<cub::DeviceReducePolicy<float, int, cub::Sum>::Policy600, float*, float*, int, cub::Sum, float>(int, cub::Sum, cub::DeviceReducePolicy<float, int, cub::Sum>::Policy600, float*, float*)",90,"sm_efficiency","Multiprocessor Activity",0.187763%,0.959341%,0.729660%
"Tesla P100-PCIE-16GB (0)","void cudnn::winograd_nonfused::winogradForwardFilter4x4<float, float>(cudnn::winograd_nonfused::WinogradFilterParams<float, float>)",12,"sm_efficiency","Multiprocessor Activity",4.874090%,91.249627%,41.669269%
"Tesla P100-PCIE-16GB (0)","void Eigen::internal::EigenMetaKernel<Eigen::TensorEvaluator<Eigen::TensorAssignOp<Eigen::TensorMap<Eigen::Tensor<float, int=1, int=1, int>, int=16, Eigen::MakePointer>, Eigen::TensorCwiseNullaryOp<Eigen::internal::scalar_constant_op<float>, Eigen::TensorMap<Eigen::Tensor<float, int=1, int=1, int>, int=16, Eigen::MakePointer> const > const > const , Eigen::GpuDevice>, int>(float, int=1)",1880,"sm_efficiency","Multiprocessor Activity",0.072836%,0.597159%,0.355008%
"Tesla P100-PCIE-16GB (0)","maxwell_scudnn_128x128_relu_interior_nn",6,"sm_efficiency","Multiprocessor Activity",75.260378%,96.213848%,83.785610%
"Tesla P100-PCIE-16GB (0)","maxwell_scudnn_128x32_relu_small_nn",2,"sm_efficiency","Multiprocessor Activity",96.420397%,97.636670%,97.028533%
"Tesla P100-PCIE-16GB (0)","void fft2d_c2r_16x16<float, bool=0>(float*, float2*, int, int, int, int, int, int, int, int, int, int, float, float, int, float*, float*)",33,"sm_efficiency","Multiprocessor Activity",87.363395%,99.709066%,95.872275%
"Tesla P100-PCIE-16GB (0)","sgemm_32x32x32_NN",10,"sm_efficiency","Multiprocessor Activity",59.961590%,64.154729%,62.385045%
"Tesla P100-PCIE-16GB (0)","cudnn_maxwell_cgemm_64x32_tn_batched",3,"sm_efficiency","Multiprocessor Activity",99.172011%,99.621220%,99.356042%
"Tesla P100-PCIE-16GB (0)","void Eigen::internal::EigenMetaKernel<Eigen::TensorEvaluator<Eigen::TensorAssignOp<Eigen::TensorMap<Eigen::Tensor<float, int=1, int=1, long>, int=16, Eigen::MakePointer>, Eigen::TensorCwiseBinaryOp<Eigen::internal::scalar_sum_op<float, float>, Eigen::TensorMap<Eigen::Tensor<float, int=1, int=1, long>, int=16, Eigen::MakePointer> const , Eigen::TensorCwiseBinaryOp<Eigen::internal::scalar_sum_op<float, float>, Eigen::TensorCwiseBinaryOp<Eigen::internal::scalar_sum_op<float, float>, Eigen::TensorCwiseBinaryOp<Eigen::internal::scalar_sum_op<float, float>, Eigen::TensorCwiseBinaryOp<Eigen::internal::scalar_sum_op<float, float>, Eigen::TensorCwiseBinaryOp<Eigen::internal::scalar_sum_op<float, float>, Eigen::TensorCwiseBinaryOp<Eigen::internal::scalar_sum_op<float, float>, Eigen::TensorCwiseBinaryOp<Eigen::internal::scalar_sum_op<float const , float const >, Eigen::TensorMap<Eigen::Tensor<float const , int=1, int=1, long>, int=16, Eigen::MakePointer> const , Eigen::TensorMap<Eigen::Tensor<float const , int=1, int=1, long>, int=16, Eigen::MakePointer> const > const , Eigen::TensorMap<Eigen::Tensor<float const , int=1, int=1, long>, int=16, Eigen::MakePointer> const > const , Eigen::TensorMap<Eigen::Tensor<float const , int=1, int=1, long>, int=16, Eigen::MakePointer> const > const , Eigen::TensorMap<Eigen::Tensor<float const , int=1, int=1, long>, int=16, Eigen::MakePointer> const > const , Eigen::TensorMap<Eigen::Tensor<float const , int=1, int=1, long>, int=16, Eigen::MakePointer> const > const , Eigen::TensorMap<Eigen::Tensor<float const , int=1, int=1, long>, int=16, Eigen::MakePointer> const > const , Eigen::TensorMap<Eigen::Tensor<float const , int=1, int=1, long>, int=16, Eigen::MakePointer> const > const > const > const , Eigen::GpuDevice>, long>(float, int=1)",110,"sm_efficiency","Multiprocessor Activity",0.201309%,0.852812%,0.583936%
"Tesla P100-PCIE-16GB (0)","maxwell_scudnn_128x64_stridedB_small_nn",38,"sm_efficiency","Multiprocessor Activity",90.786738%,96.598100%,92.431668%
"Tesla P100-PCIE-16GB (0)","void transpose_readWrite_alignment_kernel<float2, float2, int=1, bool=0, int=6, int=4, int=4>(cublasTransposeParams<float2>, float2 const *, float2*, float2 const *)",90,"sm_efficiency","Multiprocessor Activity",94.950059%,99.853895%,98.625526%
"Tesla P100-PCIE-16GB (0)","maxwell_scudnn_128x64_stridedB_splitK_large_nn",2,"sm_efficiency","Multiprocessor Activity",97.446212%,98.302697%,97.874454%
"Tesla P100-PCIE-16GB (0)","void Eigen::internal::InnerReductionKernel<int=128, Eigen::TensorEvaluator<Eigen::TensorReductionOp<Eigen::internal::SumReducer<float>, Eigen::IndexList<Eigen::type2index<long=1>> const , Eigen::TensorCwiseUnaryOp<Eigen::internal::scalar_exp_op<float>, Eigen::TensorMap<Eigen::Tensor<float, int=2, int=1, int>, int=16, Eigen::MakePointer> const > const , Eigen::MakePointer> const , Eigen::GpuDevice>, Eigen::internal::SumReducer<float>, int>(Eigen::internal::SumReducer<float>, float, long=1, float, Eigen::internal::SumReducer<float>::CoeffReturnType*)",10,"sm_efficiency","Multiprocessor Activity",3.241443%,3.411785%,3.353033%
"Tesla P100-PCIE-16GB (0)","sgemm_32x32x32_NT",10,"sm_efficiency","Multiprocessor Activity",71.158264%,75.724006%,74.469202%
"Tesla P100-PCIE-16GB (0)","void fft2d_c2r_32x32<float, bool=0, unsigned int=1, bool=0, bool=0>(float*, float2 const *, int, int, int, int, int, int, int, int, int, float, float, cudnn::reduced_divisor, bool, float*, float*)",41,"sm_efficiency","Multiprocessor Activity",91.595169%,98.306037%,95.774660%
"Tesla P100-PCIE-16GB (0)","void Eigen::internal::EigenMetaKernel<Eigen::TensorEvaluator<Eigen::TensorAssignOp<Eigen::TensorMap<Eigen::Tensor<float, int=1, int=1, long>, int=16, Eigen::MakePointer>, Eigen::TensorCwiseBinaryOp<Eigen::internal::scalar_product_op<float const , float const >, Eigen::TensorMap<Eigen::Tensor<float const , int=1, int=1, long>, int=16, Eigen::MakePointer> const , Eigen::TensorConversionOp<float, Eigen::TensorCwiseBinaryOp<Eigen::internal::scalar_cmp_op<float const , float const , Eigen::internal::ComparisonName>, Eigen::TensorMap<Eigen::Tensor<float const , int=1, int=1, long>, int=16, Eigen::MakePointer> const , Eigen::TensorCwiseNullaryOp<Eigen::internal::scalar_constant_op<float const >, Eigen::TensorMap<Eigen::Tensor<float const , int=1, int=1, long>, int=16, Eigen::MakePointer> const > const > const > const > const > const , Eigen::GpuDevice>, long>(float, int=1)",940,"sm_efficiency","Multiprocessor Activity",57.504061%,98.423271%,90.587096%
