==28771== NVPROF is profiling process 28771, command: python tf_cnn_benchmarks.py --num_gpus=1 --batch_size=16 --num_batches=10 --num_warmup_batches=0 --model=inception3 --data_dir=/home/keshavsanthanam/data/imagenet --allow_growth
2019-01-28 02:45:35.749969: I tensorflow/stream_executor/cuda/cuda_gpu_executor.cc:964] successful NUMA node read from SysFS had negative value (-1), but there must be at least one NUMA node, so returning NUMA node zero
2019-01-28 02:45:35.750546: I tensorflow/core/common_runtime/gpu/gpu_device.cc:1432] Found device 0 with properties: 
name: Tesla V100-SXM2-16GB major: 7 minor: 0 memoryClockRate(GHz): 1.53
pciBusID: 0000:00:04.0
totalMemory: 15.75GiB freeMemory: 15.31GiB
2019-01-28 02:45:35.750571: I tensorflow/core/common_runtime/gpu/gpu_device.cc:1511] Adding visible gpu devices: 0
2019-01-28 02:45:36.605801: I tensorflow/core/common_runtime/gpu/gpu_device.cc:982] Device interconnect StreamExecutor with strength 1 edge matrix:
2019-01-28 02:45:36.605845: I tensorflow/core/common_runtime/gpu/gpu_device.cc:988]      0 
2019-01-28 02:45:36.605853: I tensorflow/core/common_runtime/gpu/gpu_device.cc:1001] 0:   N 
2019-01-28 02:45:36.606212: I tensorflow/core/common_runtime/gpu/gpu_device.cc:1115] Created TensorFlow device (/job:localhost/replica:0/task:0/device:GPU:0 with 14809 MB memory) -> physical GPU (device: 0, name: Tesla V100-SXM2-16GB, pci bus id: 0000:00:04.0, compute capability: 7.0)
W0128 02:45:41.060894 140153929560448 tf_logging.py:125] From /home/keshavsanthanam/gpusched/workloads/tensorflow/image_classification/benchmark_cnn.py:2250: __init__ (from tensorflow.python.training.supervisor) is deprecated and will be removed in a future version.
Instructions for updating:
Please switch to tf.train.MonitoredTrainingSession
2019-01-28 02:45:41.916232: I tensorflow/core/common_runtime/gpu/gpu_device.cc:1511] Adding visible gpu devices: 0
2019-01-28 02:45:41.916311: I tensorflow/core/common_runtime/gpu/gpu_device.cc:982] Device interconnect StreamExecutor with strength 1 edge matrix:
2019-01-28 02:45:41.916320: I tensorflow/core/common_runtime/gpu/gpu_device.cc:988]      0 
2019-01-28 02:45:41.916327: I tensorflow/core/common_runtime/gpu/gpu_device.cc:1001] 0:   N 
2019-01-28 02:45:41.916669: I tensorflow/core/common_runtime/gpu/gpu_device.cc:1115] Created TensorFlow device (/job:localhost/replica:0/task:0/device:GPU:0 with 14809 MB memory) -> physical GPU (device: 0, name: Tesla V100-SXM2-16GB, pci bus id: 0000:00:04.0, compute capability: 7.0)
I0128 02:45:50.696197 140153929560448 tf_logging.py:115] Running local_init_op.
I0128 02:46:21.389064 140153929560448 tf_logging.py:115] Done running local_init_op.
TensorFlow:  1.12
Model:       inception3
Dataset:     imagenet
Mode:        training
SingleSess:  False
Batch size:  16 global
             16 per device
Num batches: 10
Num epochs:  0.00
Devices:     ['/gpu:0']
Data format: NCHW
Optimizer:   sgd
Variables:   parameter_server
==========
start:2019-01-28 02:45:36.608799
Generating training model
Initializing graph
Running warm up
Done warm up
Step	Img/sec	total_loss
1	images/sec: 0.0 +/- 0.0 (jitter = 0.0)	7.331
10	images/sec: 0.1 +/- 0.0 (jitter = 0.0)	7.346
----------------------------------------------------------------
total images/sec: 0.12
----------------------------------------------------------------
end:2019-01-28 03:09:21.873705
==28771== Profiling application: python tf_cnn_benchmarks.py --num_gpus=1 --batch_size=16 --num_batches=10 --num_warmup_batches=0 --model=inception3 --data_dir=/home/keshavsanthanam/data/imagenet --allow_growth
==28771== Profiling result:
==28771== Metric result:
"Device","Kernel","Invocations","Metric Name","Metric Description","Min","Max","Avg"
"Tesla V100-SXM2-16GB (0)","void Eigen::internal::EigenMetaKernel<Eigen::TensorEvaluator<Eigen::TensorAssignOp<Eigen::TensorMap<Eigen::Tensor<float, int=1, int=1, int>, int=16, Eigen::MakePointer>, Eigen::TensorCwiseUnaryOp<Eigen::internal::scalar_right<float, float, Eigen::internal::scalar_product_op<float, float>>, Eigen::TensorMap<Eigen::Tensor<float const , int=1, int=1, int>, int=16, Eigen::MakePointer> const > const > const , Eigen::GpuDevice>, int>(float, int=1)",2955,"eligible_warps_per_cycle","Eligible Warps Per Active Cycle",0.557087,6.957667,2.591574
"Tesla V100-SXM2-16GB (0)","void Eigen::internal::EigenMetaKernel<Eigen::TensorEvaluator<Eigen::TensorAssignOp<Eigen::TensorMap<Eigen::Tensor<float, int=1, int=1, long>, int=16, Eigen::MakePointer>, Eigen::TensorCwiseBinaryOp<Eigen::internal::scalar_difference_op<float, float>, Eigen::TensorMap<Eigen::Tensor<float, int=1, int=1, long>, int=16, Eigen::MakePointer> const , Eigen::TensorCwiseBinaryOp<Eigen::internal::scalar_product_op<float const , float const >, Eigen::TensorBroadcastingOp<Eigen::array<long, unsigned long=1> const , Eigen::TensorReshapingOp<Eigen::Sizes<> const , Eigen::TensorMap<Eigen::TensorFixedSize<float const , Eigen::Sizes<>, int=1, long>, int=16, Eigen::MakePointer> const > const > const , Eigen::TensorMap<Eigen::Tensor<float const , int=1, int=1, long>, int=16, Eigen::MakePointer> const > const > const > const , Eigen::GpuDevice>, long>(float, int=1)",1900,"eligible_warps_per_cycle","Eligible Warps Per Active Cycle",0.563780,3.936373,1.924706
"Tesla V100-SXM2-16GB (0)","void Eigen::internal::EigenMetaKernel<Eigen::TensorEvaluator<Eigen::TensorAssignOp<Eigen::TensorMap<Eigen::Tensor<float, int=1, int=1, long>, int=16, Eigen::MakePointer>, Eigen::TensorCwiseBinaryOp<Eigen::internal::scalar_sum_op<float, float>, Eigen::TensorCwiseBinaryOp<Eigen::internal::scalar_sum_op<float, float>, Eigen::TensorCwiseBinaryOp<Eigen::internal::scalar_sum_op<float const , float const >, Eigen::TensorMap<Eigen::Tensor<float const , int=1, int=1, long>, int=16, Eigen::MakePointer> const , Eigen::TensorMap<Eigen::Tensor<float const , int=1, int=1, long>, int=16, Eigen::MakePointer> const > const , Eigen::TensorMap<Eigen::Tensor<float const , int=1, int=1, long>, int=16, Eigen::MakePointer> const > const , Eigen::TensorMap<Eigen::Tensor<float const , int=1, int=1, long>, int=16, Eigen::MakePointer> const > const > const , Eigen::GpuDevice>, long>(float, int=1)",90,"eligible_warps_per_cycle","Eligible Warps Per Active Cycle",0.286593,0.560057,0.367761
"Tesla V100-SXM2-16GB (0)","void flip_filter<float, float>(float*, float const *, int, int, int, int)",136,"eligible_warps_per_cycle","Eligible Warps Per Active Cycle",0.213835,1.232034,0.540781
"Tesla V100-SXM2-16GB (0)","void Eigen::internal::InnerReductionKernel<int=128, Eigen::TensorEvaluator<Eigen::TensorReductionOp<Eigen::internal::MaxReducer<float>, Eigen::IndexList<Eigen::type2index<long=1>> const , Eigen::TensorMap<Eigen::Tensor<float const , int=2, int=1, int>, int=16, Eigen::MakePointer> const , Eigen::MakePointer> const , Eigen::GpuDevice>, Eigen::internal::MaxReducer<float>, int>(Eigen::internal::MaxReducer<float>, float, long=1, float, Eigen::internal::MaxReducer<float>::CoeffReturnType*)",10,"eligible_warps_per_cycle","Eligible Warps Per Active Cycle",0.634069,0.657259,0.649742
"Tesla V100-SXM2-16GB (0)","void Eigen::internal::EigenMetaKernel<Eigen::TensorEvaluator<Eigen::TensorAssignOp<Eigen::TensorMap<Eigen::Tensor<float, int=4, int=1, int>, int=16, Eigen::MakePointer>, Eigen::TensorSlicingOp<Eigen::DSizes<int, int=4> const , Eigen::DSizes<int, int=4> const , Eigen::TensorMap<Eigen::Tensor<float const , int=4, int=1, int>, int=16, Eigen::MakePointer> const > const > const , Eigen::GpuDevice>, int>(float, int=4)",460,"eligible_warps_per_cycle","Eligible Warps Per Active Cycle",3.458286,6.221482,3.923355
"Tesla V100-SXM2-16GB (0)","void cudnn::winograd_nonfused::winogradWgradDelta4x4<float, float>(cudnn::winograd_nonfused::WinogradDeltaParams<float, float>)",12,"eligible_warps_per_cycle","Eligible Warps Per Active Cycle",0.890869,1.706199,1.153093
"Tesla V100-SXM2-16GB (0)","void Eigen::internal::EigenMetaKernel<Eigen::TensorEvaluator<Eigen::TensorAssignOp<Eigen::TensorMap<Eigen::Tensor<float, int=1, int=1, int>, int=16, Eigen::MakePointer>, Eigen::TensorCwiseBinaryOp<Eigen::internal::scalar_difference_op<float, float>, Eigen::TensorMap<Eigen::Tensor<float const , int=1, int=1, int>, int=16, Eigen::MakePointer> const , Eigen::TensorMap<Eigen::Tensor<float const , int=1, int=1, long>, int=16, Eigen::MakePointer> const > const > const , Eigen::GpuDevice>, long>(float, int=1)",1880,"eligible_warps_per_cycle","Eligible Warps Per Active Cycle",0.964961,2.001614,1.813598
"Tesla V100-SXM2-16GB (0)","void cudnn::winograd_nonfused::winogradWgradData4x4<float, float>(cudnn::winograd_nonfused::WinogradDataParams<float, float>)",12,"eligible_warps_per_cycle","Eligible Warps Per Active Cycle",1.966048,4.786834,2.714508
"Tesla V100-SXM2-16GB (0)","void cudnn::detail::explicit_convolve_sgemm<float, int, int=1024, int=5, int=5, int=3, int=3, int=3, int=0, bool=1>(int, int, int, float const *, int, float const , int, cudnn::detail::explicit_convolve_sgemm<float, int, int=1024, int=5, int=5, int=3, int=3, int=3, int=0, bool=1>*, kernel_conv_params, int, int, float, float, int, float const *, float const *)",12,"eligible_warps_per_cycle","Eligible Warps Per Active Cycle",2.022563,4.318697,3.237489
"Tesla V100-SXM2-16GB (0)","void Eigen::internal::EigenMetaKernel<Eigen::TensorEvaluator<Eigen::TensorAssignOp<Eigen::TensorMap<Eigen::Tensor<float, int=1, int=1, long>, int=16, Eigen::MakePointer>, Eigen::TensorCwiseBinaryOp<Eigen::internal::scalar_sum_op<float, float>, Eigen::TensorCwiseBinaryOp<Eigen::internal::scalar_sum_op<float const , float const >, Eigen::TensorMap<Eigen::Tensor<float const , int=1, int=1, long>, int=16, Eigen::MakePointer> const , Eigen::TensorMap<Eigen::Tensor<float const , int=1, int=1, long>, int=16, Eigen::MakePointer> const > const , Eigen::TensorMap<Eigen::Tensor<float const , int=1, int=1, long>, int=16, Eigen::MakePointer> const > const > const , Eigen::GpuDevice>, long>(float, int=1)",20,"eligible_warps_per_cycle","Eligible Warps Per Active Cycle",0.293906,0.349518,0.321496
"Tesla V100-SXM2-16GB (0)","void fft1d_c2r_32<float2, float, float, bool=0, bool=1, bool=0, bool=1>(float*, float2 const *, int, int3, int3, int2, int, float, float, float*, float*)",24,"eligible_warps_per_cycle","Eligible Warps Per Active Cycle",0.937670,1.473437,1.259334
"Tesla V100-SXM2-16GB (0)","cudnn::gemm::computeBOffsetsKernel(cudnn::gemm::ComputeBOffsetsParams)",76,"eligible_warps_per_cycle","Eligible Warps Per Active Cycle",0.075243,0.153465,0.118818
"Tesla V100-SXM2-16GB (0)","void cudnn::detail::wgrad_alg0_engine<float, int=512, int=6, int=5, int=3, int=3, int=3, bool=1, int=512>(int, int, int, float const *, int, cudnn::detail::wgrad_alg0_engine<float, int=512, int=6, int=5, int=3, int=3, int=3, bool=1, int=512>*, float const , kernel_grad_params, int, float, int, int, int, int)",212,"eligible_warps_per_cycle","Eligible Warps Per Active Cycle",0.937396,6.839247,3.359108
"Tesla V100-SXM2-16GB (0)","void DSE::vector_fft<int=1, int=2, int=128, int=8, int=8, int=1, float, float, float2>(float2*, float2, int, int3, float2*)",12,"eligible_warps_per_cycle","Eligible Warps Per Active Cycle",2.598968,2.660834,2.645380
"Tesla V100-SXM2-16GB (0)","cudnn::gemm::computeWgradBOffsetsKernel(cudnn::gemm::ComputeBOffsetsParams)",172,"eligible_warps_per_cycle","Eligible Warps Per Active Cycle",0.079698,0.517820,0.181994
"Tesla V100-SXM2-16GB (0)","void scalePackedTensor_kernel<float, float>(cudnnTensor4dStruct, float*, float)",1174,"eligible_warps_per_cycle","Eligible Warps Per Active Cycle",0.184990,2.486943,1.350708
"Tesla V100-SXM2-16GB (0)","volta_sgemm_128x128_nn",4,"eligible_warps_per_cycle","Eligible Warps Per Active Cycle",5.959568,6.085145,6.004715
"Tesla V100-SXM2-16GB (0)","volta_scudnn_128x128_stridedB_splitK_interior_nn_v1",16,"eligible_warps_per_cycle","Eligible Warps Per Active Cycle",3.042761,4.266398,3.564939
"Tesla V100-SXM2-16GB (0)","volta_sgemm_128x128_nt",8,"eligible_warps_per_cycle","Eligible Warps Per Active Cycle",4.188900,6.687695,5.301350
"Tesla V100-SXM2-16GB (0)","void cudnn::detail::dgrad2d_alg1_1<float, int=0, int=6, int=6, int=5, int=4, int=4, bool=1, bool=1>(int, int, int, float const *, int, float const , int, cudnn::detail::dgrad2d_alg1_1<float, int=0, int=6, int=6, int=5, int=4, int=4, bool=1, bool=1>*, kernel_grad_params, int, int, float, int, int)",24,"eligible_warps_per_cycle","Eligible Warps Per Active Cycle",4.911982,8.840433,6.853561
"Tesla V100-SXM2-16GB (0)","void pointwise_mult_and_sum_complex<float2, int=8, int=4>(float2*, float2*, float2*, int, int, int, int, int, float2)",72,"eligible_warps_per_cycle","Eligible Warps Per Active Cycle",1.194425,2.930169,2.293035
"Tesla V100-SXM2-16GB (0)","void cudnn::detail::pooling_fw_4d_kernel<float, float, cudnn::detail::averpooling_func<float>, int=2, bool=0>(cudnnTensorStruct, float const *, cudnn::detail::pooling_fw_4d_kernel<float, float, cudnn::detail::averpooling_func<float>, int=2, bool=0>, cudnnTensorStruct*, cudnnPoolingStruct, float, cudnnPoolingStruct, int, cudnn::reduced_divisor, float)",90,"eligible_warps_per_cycle","Eligible Warps Per Active Cycle",2.014970,9.544889,7.827138
"Tesla V100-SXM2-16GB (0)","volta_scudnn_128x128_relu_interior_nn_v1",6,"eligible_warps_per_cycle","Eligible Warps Per Active Cycle",3.887501,5.730138,4.541954
"Tesla V100-SXM2-16GB (0)","volta_scudnn_128x128_stridedB_small_nn_v1",14,"eligible_warps_per_cycle","Eligible Warps Per Active Cycle",3.861387,7.243235,4.397577
"Tesla V100-SXM2-16GB (0)","void tensorflow::BiasNHWCKernel<float>(int, float const *, float const , tensorflow::BiasNHWCKernel<float>*, int)",10,"eligible_warps_per_cycle","Eligible Warps Per Active Cycle",1.570203,1.676818,1.636997
"Tesla V100-SXM2-16GB (0)","void cudnn::detail::bn_fw_tr_1C11_singleread<float, int=512, bool=1, int=1, int=2, int=0>(cudnnTensorStruct, float const *, cudnn::detail::bn_fw_tr_1C11_singleread<float, int=512, bool=1, int=1, int=2, int=0>, cudnnTensorStruct*, float const *, float const , float, float, float*, float const *, float const *, float const *, float, float, cudnn::reduced_divisor, int, float*, cudnn::detail::bnFwPersistentState*, int, float, float, float, int, float, float, cudnnStatus_t*, bool)",940,"eligible_warps_per_cycle","Eligible Warps Per Active Cycle",1.305757,7.259293,3.754436
"Tesla V100-SXM2-16GB (0)","void Eigen::internal::EigenMetaKernel<Eigen::TensorEvaluator<Eigen::TensorAssignOp<Eigen::TensorMap<Eigen::Tensor<float, int=1, int=1, long>, int=16, Eigen::MakePointer>, Eigen::TensorCwiseBinaryOp<Eigen::internal::scalar_sum_op<float const , float const >, Eigen::TensorMap<Eigen::Tensor<float const , int=1, int=1, long>, int=16, Eigen::MakePointer> const , Eigen::TensorMap<Eigen::Tensor<float const , int=1, int=1, long>, int=16, Eigen::MakePointer> const > const > const , Eigen::GpuDevice>, long>(float, int=1)",1000,"eligible_warps_per_cycle","Eligible Warps Per Active Cycle",0.569661,5.413217,2.803134
"Tesla V100-SXM2-16GB (0)","void Eigen::internal::EigenMetaKernel<Eigen::TensorEvaluator<Eigen::TensorAssignOp<Eigen::TensorMap<Eigen::Tensor<float, int=1, int=1, int>, int=16, Eigen::MakePointer>, Eigen::TensorCwiseUnaryOp<Eigen::internal::scalar_right<float, float, Eigen::internal::scalar_sum_op<float, float>>, Eigen::TensorMap<Eigen::Tensor<float const , int=1, int=1, int>, int=16, Eigen::MakePointer> const > const > const , Eigen::GpuDevice>, int>(float, int=1)",10,"eligible_warps_per_cycle","Eligible Warps Per Active Cycle",1.055263,1.154289,1.127265
"Tesla V100-SXM2-16GB (0)","void tensorflow::functor::SwapDimension1And2InTensor3UsingTiles<unsigned int, int=1024, int=1024, int=2, bool=0>(unsigned int const *, tensorflow::functor::Dimension<int=3>, tensorflow::functor::SwapDimension1And2InTensor3UsingTiles<unsigned int, int=1024, int=1024, int=2, bool=0>*)",10,"eligible_warps_per_cycle","Eligible Warps Per Active Cycle",15.099008,16.490536,16.197695
"Tesla V100-SXM2-16GB (0)","void cudnn::winograd_nonfused::winogradWgradDelta9x9_5x5<float, float>(cudnn::winograd_nonfused::WinogradDeltaParams<float, float>)",2,"eligible_warps_per_cycle","Eligible Warps Per Active Cycle",6.218188,6.877537,6.547862
"Tesla V100-SXM2-16GB (0)","void cudnn::detail::wgrad_alg0_engine<float, int=128, int=6, int=8, int=3, int=3, int=5, bool=1, int=512>(int, int, int, float const *, int, cudnn::detail::wgrad_alg0_engine<float, int=128, int=6, int=8, int=3, int=3, int=5, bool=1, int=512>*, float const , kernel_grad_params, int, float, int, int, int, int)",472,"eligible_warps_per_cycle","Eligible Warps Per Active Cycle",2.583700,5.711382,4.541863
"Tesla V100-SXM2-16GB (0)","void cudnn::winograd_nonfused::winogradWgradOutput9x9_5x5<float, float>(cudnn::winograd_nonfused::WinogradWgradOutputParams<float, float>)",2,"eligible_warps_per_cycle","Eligible Warps Per Active Cycle",2.003782,2.178854,2.091318
"Tesla V100-SXM2-16GB (0)","void cudnn::detail::dgrad_engine<float, int=128, int=6, int=7, int=3, int=3, int=5, bool=1>(int, int, int, float const *, int, float const , int, cudnn::detail::dgrad_engine<float, int=128, int=6, int=7, int=3, int=3, int=5, bool=1>*, kernel_grad_params, int, int, float, int, int, int)",474,"eligible_warps_per_cycle","Eligible Warps Per Active Cycle",2.957774,9.344061,7.621687
"Tesla V100-SXM2-16GB (0)","void Eigen::internal::EigenMetaKernel<Eigen::TensorEvaluator<Eigen::TensorAssignOp<Eigen::TensorMap<Eigen::Tensor<float, int=1, int=1, long>, int=16, Eigen::MakePointer>, Eigen::TensorCwiseBinaryOp<Eigen::internal::scalar_max_op<float const , float const >, Eigen::TensorMap<Eigen::Tensor<float const , int=1, int=1, long>, int=16, Eigen::MakePointer> const , Eigen::TensorCwiseNullaryOp<Eigen::internal::scalar_constant_op<float const >, Eigen::TensorMap<Eigen::Tensor<float const , int=1, int=1, long>, int=16, Eigen::MakePointer> const > const > const > const , Eigen::GpuDevice>, long>(float, int=1)",940,"eligible_warps_per_cycle","Eligible Warps Per Active Cycle",0.274025,7.748933,2.493188
"Tesla V100-SXM2-16GB (0)","void cudnn::detail::implicit_convolve_sgemm<float, float, int=128, int=5, int=5, int=3, int=3, int=3, int=1, bool=1, bool=0, bool=1>(int, int, int, float const *, int, float*, cudnn::detail::implicit_convolve_sgemm<float, float, int=128, int=5, int=5, int=3, int=3, int=3, int=1, bool=1, bool=0, bool=1>*, kernel_conv_params, int, float, float, int, float, float, int, int)",308,"eligible_warps_per_cycle","Eligible Warps Per Active Cycle",0.662444,5.189936,3.676594
"Tesla V100-SXM2-16GB (0)","void Eigen::internal::EigenMetaKernel<Eigen::TensorEvaluator<Eigen::TensorAssignOp<Eigen::TensorMap<Eigen::Tensor<float, int=1, int=1, long>, int=16, Eigen::MakePointer>, Eigen::TensorCwiseBinaryOp<Eigen::internal::scalar_difference_op<float const , float const >, Eigen::TensorMap<Eigen::Tensor<float, int=1, int=1, long>, int=16, Eigen::MakePointer> const , Eigen::TensorMap<Eigen::Tensor<float const , int=1, int=1, long>, int=16, Eigen::MakePointer> const > const > const , Eigen::GpuDevice>, long>(float, int=1)",1880,"eligible_warps_per_cycle","Eligible Warps Per Active Cycle",0.741005,2.565136,1.991756
"Tesla V100-SXM2-16GB (0)","volta_scudnn_128x64_stridedB_splitK_medium_nn_v1",12,"eligible_warps_per_cycle","Eligible Warps Per Active Cycle",2.547389,3.404406,2.930738
"Tesla V100-SXM2-16GB (0)","void fft2d_c2r_32x32<float, bool=0, unsigned int=0, bool=0, bool=0>(float*, float2 const *, int, int, int, int, int, int, int, int, int, float, float, cudnn::reduced_divisor, bool, float*, float*)",284,"eligible_warps_per_cycle","Eligible Warps Per Active Cycle",1.093821,4.404506,2.953780
"Tesla V100-SXM2-16GB (0)","volta_scudnn_128x64_stridedB_small_nn_v1",24,"eligible_warps_per_cycle","Eligible Warps Per Active Cycle",1.934164,5.809324,3.238956
"Tesla V100-SXM2-16GB (0)","volta_scudnn_128x64_relu_small_nn_v1",14,"eligible_warps_per_cycle","Eligible Warps Per Active Cycle",1.927562,7.096663,3.001731
"Tesla V100-SXM2-16GB (0)","volta_cgemm_32x32_tn",918,"eligible_warps_per_cycle","Eligible Warps Per Active Cycle",0.680442,4.176289,0.987413
"Tesla V100-SXM2-16GB (0)","void DSE::regular_fft_clip<int=1, int=2, int=256, int=16, int=16, int=1, float, float, float2>(float*, float2*, int, int3, float2*, int, float2*, float2*, int, int, int, int, int, float, float, bool, int, float, float)",12,"eligible_warps_per_cycle","Eligible Warps Per Active Cycle",1.920650,2.344408,2.184091
"Tesla V100-SXM2-16GB (0)","void Eigen::internal::EigenMetaKernel<Eigen::TensorEvaluator<Eigen::TensorAssignOp<Eigen::TensorMap<Eigen::Tensor<float, int=1, int=1, int>, int=16, Eigen::MakePointer>, Eigen::TensorSelectOp<Eigen::TensorBroadcastingOp<Eigen::array<int, unsigned long=1> const , Eigen::TensorReshapingOp<Eigen::IndexList<Eigen::type2index<long=1>> const , Eigen::TensorMap<Eigen::TensorFixedSize<bool const , Eigen::Sizes<>, int=1, long>, int=16, Eigen::MakePointer> const > const > const , Eigen::TensorMap<Eigen::Tensor<float const , int=1, int=1, long>, int=16, Eigen::MakePointer> const , Eigen::TensorMap<Eigen::Tensor<float const , int=1, int=1, long>, int=16, Eigen::MakePointer> const > const > const , Eigen::GpuDevice>, long>(float, int=1)",10,"eligible_warps_per_cycle","Eligible Warps Per Active Cycle",0.254015,0.275862,0.269179
"Tesla V100-SXM2-16GB (0)","void cudnn::detail::implicit_convolve_sgemm<float, float, int=1024, int=5, int=5, int=3, int=3, int=3, int=1, bool=1, bool=0, bool=1>(int, int, int, float const *, int, float*, cudnn::detail::implicit_convolve_sgemm<float, float, int=1024, int=5, int=5, int=3, int=3, int=3, int=1, bool=1, bool=0, bool=1>*, kernel_conv_params, int, float, float, int, float, float, int, int)",674,"eligible_warps_per_cycle","Eligible Warps Per Active Cycle",2.918144,11.693355,6.262325
"Tesla V100-SXM2-16GB (0)","void fft1d_r2c_32<float, float, float2, bool=0, bool=0>(float2*, float const *, int, int3, int3, int2, int2)",198,"eligible_warps_per_cycle","Eligible Warps Per Active Cycle",0.137156,3.717298,1.326995
"Tesla V100-SXM2-16GB (0)","void fft1d_r2c_32<float, float, float2, bool=1, bool=0>(float2*, float const *, int, int3, int3, int2, int2)",62,"eligible_warps_per_cycle","Eligible Warps Per Active Cycle",0.127735,2.159290,1.100210
"Tesla V100-SXM2-16GB (0)","void tensorflow::functor::BlockReduceKernel<cub::TransformInputIterator<float, tensorflow::squareHalf<float>, float*, long>, float*, int=256, cub::Sum>(float, float, int, float*, std::iterator_traits<tensorflow::functor::BlockReduceKernel<cub::TransformInputIterator<float, tensorflow::squareHalf<float>, float*, long>, float*, int=256, cub::Sum>>::value_type)",870,"eligible_warps_per_cycle","Eligible Warps Per Active Cycle",0.108557,0.326449,0.163032
"Tesla V100-SXM2-16GB (0)","void cudnn::winograd_nonfused::winogradForwardData4x4<float, float>(cudnn::winograd_nonfused::WinogradDataParams<float, float>)",24,"eligible_warps_per_cycle","Eligible Warps Per Active Cycle",1.892282,7.991160,3.163103
"Tesla V100-SXM2-16GB (0)","void Eigen::internal::EigenMetaKernel<Eigen::TensorEvaluator<Eigen::TensorAssignOp<Eigen::TensorSlicingOp<Eigen::array<int, unsigned long=2> const , Eigen::array<int, unsigned long=2> const , Eigen::TensorMap<Eigen::Tensor<float, int=2, int=1, int>, int=16, Eigen::MakePointer>>, Eigen::TensorMap<Eigen::Tensor<float const , int=2, int=1, int>, int=16, Eigen::MakePointer> const > const , Eigen::GpuDevice>, int>(int, unsigned long=2)",460,"eligible_warps_per_cycle","Eligible Warps Per Active Cycle",1.690804,8.553815,2.256573
"Tesla V100-SXM2-16GB (0)","void cudnn::winograd_nonfused::winogradForwardData9x9_5x5<float, float>(cudnn::winograd_nonfused::WinogradDataParams<float, float>)",6,"eligible_warps_per_cycle","Eligible Warps Per Active Cycle",13.048088,14.030696,13.593787
"Tesla V100-SXM2-16GB (0)","void cudnn::winograd::winograd3x3Kernel<float, float, int=1, int=4, int=8, bool=0>(cudnn::maxwell::winograd::KernelParams)",16,"eligible_warps_per_cycle","Eligible Warps Per Active Cycle",3.659563,4.034436,3.757274
"Tesla V100-SXM2-16GB (0)","void cudnn::detail::pooling_bw_kernel_avg<float, float, cudnn::detail::averpooling_func<float>, int=2, bool=0>(cudnnTensorStruct, float const *, float const , cudnn::detail::pooling_bw_kernel_avg<float, float, cudnn::detail::averpooling_func<float>, int=2, bool=0>, float const , cudnn::detail::pooling_bw_kernel_avg<float, float, cudnn::detail::averpooling_func<float>, int=2, bool=0>, cudnnTensorStruct*, cudnnPoolingStruct, float, cudnnPoolingStruct, int, cudnn::reduced_divisor, float)",90,"eligible_warps_per_cycle","Eligible Warps Per Active Cycle",4.392956,10.406595,5.426877
"Tesla V100-SXM2-16GB (0)","void fft2d_c2r_64x64<float, bool=0>(float*, float2*, int, int, int, int, int, int, int, int, int, int, float, float, int, float*, float*)",60,"eligible_warps_per_cycle","Eligible Warps Per Active Cycle",3.025817,6.059901,4.463796
"Tesla V100-SXM2-16GB (0)","void tensorflow::functor::ShuffleInTensor3Simple<float, int=2, int=1, int=0, bool=0>(int, float const *, tensorflow::functor::Dimension<int=3>, tensorflow::functor::ShuffleInTensor3Simple<float, int=2, int=1, int=0, bool=0>*)",2810,"eligible_warps_per_cycle","Eligible Warps Per Active Cycle",1.356665,4.716167,2.903634
"Tesla V100-SXM2-16GB (0)","volta_gcgemm_32x32_nt",298,"eligible_warps_per_cycle","Eligible Warps Per Active Cycle",2.459060,5.212735,3.936237
"Tesla V100-SXM2-16GB (0)","void fft2d_r2c_16x16<float>(float2*, float const *, int, int, int, int, int, int, int, int)",132,"eligible_warps_per_cycle","Eligible Warps Per Active Cycle",2.327425,8.036550,5.773968
"Tesla V100-SXM2-16GB (0)","void tensorflow::functor::FillPhiloxRandomKernelLaunch<tensorflow::random::TruncatedNormalDistribution<tensorflow::random::SingleSampleAdapter<tensorflow::random::PhiloxRandom>, float>>(tensorflow::random::PhiloxRandom, tensorflow::random::PhiloxRandomResultElementType*, __int64, tensorflow::functor::FillPhiloxRandomKernelLaunch<tensorflow::random::TruncatedNormalDistribution<tensorflow::random::SingleSampleAdapter<tensorflow::random::PhiloxRandom>, float>>)",95,"eligible_warps_per_cycle","Eligible Warps Per Active Cycle",2.065456,6.781163,5.014302
"Tesla V100-SXM2-16GB (0)","void DSE::regular_fft_clip<int=1, int=2, int=128, int=16, int=32, int=1, float, float, float2>(float*, float2*, int, int3, float2*, int, float2*, float2*, int, int, int, int, int, float, float, bool, int, float, float)",12,"eligible_warps_per_cycle","Eligible Warps Per Active Cycle",1.923757,2.620540,2.341512
"Tesla V100-SXM2-16GB (0)","cudnn::gemm::computeWgradSplitKOffsetsKernel(cudnn::gemm::ComputeOffsetsParams)",172,"eligible_warps_per_cycle","Eligible Warps Per Active Cycle",0.063192,0.230543,0.118492
"Tesla V100-SXM2-16GB (0)","volta_cgemm_64x32_tn",292,"eligible_warps_per_cycle","Eligible Warps Per Active Cycle",3.126257,5.648287,5.051846
"Tesla V100-SXM2-16GB (0)","volta_scudnn_128x64_stridedB_splitK_small_nn_v1",52,"eligible_warps_per_cycle","Eligible Warps Per Active Cycle",1.934102,4.460178,2.920958
"Tesla V100-SXM2-16GB (0)","void cudnn::detail::pooling_fw_4d_kernel<float, float, cudnn::detail::maxpooling_func<float, cudnnNanPropagation_t=0>, int=0, bool=0>(cudnnTensorStruct, float const *, cudnn::detail::pooling_fw_4d_kernel<float, float, cudnn::detail::maxpooling_func<float, cudnnNanPropagation_t=0>, int=0, bool=0>, cudnnTensorStruct*, cudnnPoolingStruct, float, cudnnPoolingStruct, int, cudnn::reduced_divisor, float)",50,"eligible_warps_per_cycle","Eligible Warps Per Active Cycle",3.978860,7.825517,5.773357
"Tesla V100-SXM2-16GB (0)","void Eigen::internal::EigenMetaKernel<Eigen::TensorEvaluator<Eigen::TensorAssignOp<Eigen::TensorMap<Eigen::Tensor<float, int=2, int=1, int>, int=16, Eigen::MakePointer>, Eigen::TensorCwiseBinaryOp<Eigen::internal::scalar_product_op<float, float>, Eigen::TensorBroadcastingOp<Eigen::array<long, unsigned long=2> const , Eigen::TensorMap<Eigen::Tensor<float const , int=2, int=1, int>, int=16, Eigen::MakePointer> const > const , Eigen::TensorMap<Eigen::Tensor<float const , int=2, int=1, int>, int=16, Eigen::MakePointer> const > const > const , Eigen::GpuDevice>, int>(float, int=2)",10,"eligible_warps_per_cycle","Eligible Warps Per Active Cycle",1.637350,1.701039,1.671531
"Tesla V100-SXM2-16GB (0)","void fft2d_r2c_32x32<float, unsigned int=0, bool=0>(float2*, float const *, int, int, int, int, int, int, int, int, int, cudnn::reduced_divisor, bool)",388,"eligible_warps_per_cycle","Eligible Warps Per Active Cycle",1.373281,6.770732,3.524907
"Tesla V100-SXM2-16GB (0)","void fft2d_r2c_32x32<float, unsigned int=1, bool=1>(float2*, float const *, int, int, int, int, int, int, int, int, int, cudnn::reduced_divisor, bool)",12,"eligible_warps_per_cycle","Eligible Warps Per Active Cycle",2.431577,7.717572,6.086716
"Tesla V100-SXM2-16GB (0)","void cudnn::winograd::generateWinogradTilesKernel<int=0, float, float>(cudnn::winograd::GenerateWinogradTilesParams<float, float>)",54,"eligible_warps_per_cycle","Eligible Warps Per Active Cycle",0.212430,3.299510,0.766047
"Tesla V100-SXM2-16GB (0)","void cudnn::detail::dgrad2d_alg1_1<float, int=0, int=4, int=6, int=3, int=2, int=4, bool=1, bool=1>(int, int, int, float const *, int, float const , int, cudnn::detail::dgrad2d_alg1_1<float, int=0, int=4, int=6, int=3, int=2, int=4, bool=1, bool=1>*, kernel_grad_params, int, int, float, int, int)",24,"eligible_warps_per_cycle","Eligible Warps Per Active Cycle",5.832130,6.507831,6.169969
"Tesla V100-SXM2-16GB (0)","void fft2d_r2c_32x32<float, unsigned int=5, bool=1>(float2*, float const *, int, int, int, int, int, int, int, int, int, cudnn::reduced_divisor, bool)",2,"eligible_warps_per_cycle","Eligible Warps Per Active Cycle",3.919393,4.854311,4.386852
"Tesla V100-SXM2-16GB (0)","void Eigen::internal::EigenMetaKernel<Eigen::TensorEvaluator<Eigen::TensorAssignOp<Eigen::TensorMap<Eigen::Tensor<float, int=2, int=1, int>, int=16, Eigen::MakePointer>, Eigen::TensorGeneratorOp<tensorflow::generator::SparseXentGradGenerator<float, int>, Eigen::TensorMap<Eigen::Tensor<float, int=2, int=1, int>, int=16, Eigen::MakePointer> const > const > const , Eigen::GpuDevice>, int>(float, int=2)",10,"eligible_warps_per_cycle","Eligible Warps Per Active Cycle",2.174769,2.381907,2.352770
"Tesla V100-SXM2-16GB (0)","volta_scudnn_128x64_relu_interior_nn_v1",42,"eligible_warps_per_cycle","Eligible Warps Per Active Cycle",1.788478,7.426025,2.813232
"Tesla V100-SXM2-16GB (0)","void cudnn::detail::dgrad_engine<float, int=128, int=6, int=8, int=3, int=3, int=5, bool=1>(int, int, int, float const *, int, float const , int, cudnn::detail::dgrad_engine<float, int=128, int=6, int=8, int=3, int=3, int=5, bool=1>*, kernel_grad_params, int, int, float, int, int, int)",264,"eligible_warps_per_cycle","Eligible Warps Per Active Cycle",1.227920,4.389165,2.351158
"Tesla V100-SXM2-16GB (0)","volta_sgemm_32x128_nn",10,"eligible_warps_per_cycle","Eligible Warps Per Active Cycle",4.078849,5.318531,4.474700
"Tesla V100-SXM2-16GB (0)","void Eigen::internal::EigenMetaKernel<Eigen::TensorEvaluator<Eigen::TensorAssignOp<Eigen::TensorMap<Eigen::Tensor<float, int=2, int=1, int>, int=16, Eigen::MakePointer>, Eigen::TensorCwiseUnaryOp<Eigen::internal::scalar_exp_op<float>, Eigen::TensorMap<Eigen::Tensor<float, int=2, int=1, int>, int=16, Eigen::MakePointer> const > const > const , Eigen::GpuDevice>, int>(float, int=2)",10,"eligible_warps_per_cycle","Eligible Warps Per Active Cycle",1.718776,1.816825,1.752127
"Tesla V100-SXM2-16GB (0)","void tensorflow::functor::BlockReduceKernel<float*, float*, int=256, tensorflow::functor::Sum<float>>(float*, float*, int, float, std::iterator_traits<tensorflow::functor::BlockReduceKernel<float*, float*, int=256, tensorflow::functor::Sum<float>>>::value_type)",10,"eligible_warps_per_cycle","Eligible Warps Per Active Cycle",0.265198,0.293372,0.286064
"Tesla V100-SXM2-16GB (0)","void tensorflow::functor::CleanupSegments<float*, float*, cub::Sum>(float*, float*, int, int, int, cub::Sum, std::iterator_traits<tensorflow::functor::CleanupSegments<float*, float*, cub::Sum>>::value_type)",850,"eligible_warps_per_cycle","Eligible Warps Per Active Cycle",0.025075,0.072917,0.070269
"Tesla V100-SXM2-16GB (0)","void pooling_bw_kernel_max_nchw_fully_packed_large<float, float, int=3, cudnnNanPropagation_t=0>(cudnnTensorStruct, float const *, cudnnTensorStruct, float const *, cudnnTensorStruct, float const *, cudnnTensorStruct, float*, cudnnPoolingStruct, float, float, cudnn::reduced_divisor, cudnn::reduced_divisor, int)",10,"eligible_warps_per_cycle","Eligible Warps Per Active Cycle",1.282415,1.299787,1.289453
"Tesla V100-SXM2-16GB (0)","volta_sgemm_32x128_nt",10,"eligible_warps_per_cycle","Eligible Warps Per Active Cycle",4.404143,4.756300,4.617412
"Tesla V100-SXM2-16GB (0)","volta_cgemm_32x64_tn",82,"eligible_warps_per_cycle","Eligible Warps Per Active Cycle",7.839997,8.660093,8.240947
"Tesla V100-SXM2-16GB (0)","void cudnn::winograd_nonfused::winogradForwardOutput4x4<float, float>(cudnn::winograd_nonfused::WinogradOutputParams<float, float>)",24,"eligible_warps_per_cycle","Eligible Warps Per Active Cycle",1.256444,7.175617,2.347165
"Tesla V100-SXM2-16GB (0)","void Eigen::internal::EigenMetaKernel<Eigen::TensorEvaluator<Eigen::TensorAssignOp<Eigen::TensorMap<Eigen::Tensor<float, int=1, int=1, long>, int=16, Eigen::MakePointer>, Eigen::TensorCwiseBinaryOp<Eigen::internal::scalar_sum_op<float, float>, Eigen::TensorCwiseBinaryOp<Eigen::internal::scalar_sum_op<float, float>, Eigen::TensorCwiseBinaryOp<Eigen::internal::scalar_sum_op<float, float>, Eigen::TensorCwiseBinaryOp<Eigen::internal::scalar_sum_op<float, float>, Eigen::TensorCwiseBinaryOp<Eigen::internal::scalar_sum_op<float, float>, Eigen::TensorCwiseBinaryOp<Eigen::internal::scalar_sum_op<float, float>, Eigen::TensorCwiseBinaryOp<Eigen::internal::scalar_sum_op<float const , float const >, Eigen::TensorMap<Eigen::Tensor<float const , int=1, int=1, long>, int=16, Eigen::MakePointer> const , Eigen::TensorMap<Eigen::Tensor<float const , int=1, int=1, long>, int=16, Eigen::MakePointer> const > const , Eigen::TensorMap<Eigen::Tensor<float const , int=1, int=1, long>, int=16, Eigen::MakePointer> const > const , Eigen::TensorMap<Eigen::Tensor<float const , int=1, int=1, long>, int=16, Eigen::MakePointer> const > const , Eigen::TensorMap<Eigen::Tensor<float const , int=1, int=1, long>, int=16, Eigen::MakePointer> const > const , Eigen::TensorMap<Eigen::Tensor<float const , int=1, int=1, long>, int=16, Eigen::MakePointer> const > const , Eigen::TensorMap<Eigen::Tensor<float const , int=1, int=1, long>, int=16, Eigen::MakePointer> const > const , Eigen::TensorMap<Eigen::Tensor<float const , int=1, int=1, long>, int=16, Eigen::MakePointer> const > const > const , Eigen::GpuDevice>, long>(float, int=1)",10,"eligible_warps_per_cycle","Eligible Warps Per Active Cycle",0.819313,0.953161,0.893533
"Tesla V100-SXM2-16GB (0)","void DSE::vector_fft<int=1, int=2, int=256, int=16, int=16, int=1, float, float, float2>(float2*, float2, int, int3, float2*)",12,"eligible_warps_per_cycle","Eligible Warps Per Active Cycle",1.626561,1.662106,1.649426
"Tesla V100-SXM2-16GB (0)","volta_sgemm_128x64_tn",10,"eligible_warps_per_cycle","Eligible Warps Per Active Cycle",1.015628,1.043362,1.029452
"Tesla V100-SXM2-16GB (0)","volta_scudnn_128x32_relu_interior_nn_v1",14,"eligible_warps_per_cycle","Eligible Warps Per Active Cycle",2.659034,5.993399,3.184950
"Tesla V100-SXM2-16GB (0)","void Eigen::internal::EigenMetaKernel<Eigen::TensorEvaluator<Eigen::TensorAssignOp<Eigen::TensorMap<Eigen::Tensor<float, int=2, int=1, int>, int=16, Eigen::MakePointer>, Eigen::TensorCwiseBinaryOp<Eigen::internal::scalar_difference_op<float const , float const >, Eigen::TensorMap<Eigen::Tensor<float const , int=2, int=1, int>, int=16, Eigen::MakePointer> const , Eigen::TensorBroadcastingOp<Eigen::IndexList<Eigen::type2index<long=1>> const , Eigen::TensorReshapingOp<Eigen::IndexList<int> const , Eigen::TensorMap<Eigen::Tensor<float, int=1, int=1, int>, int=16, Eigen::MakePointer>> const > const > const > const , Eigen::GpuDevice>, int>(float, int=2)",10,"eligible_warps_per_cycle","Eligible Warps Per Active Cycle",1.832347,1.893415,1.868816
"Tesla V100-SXM2-16GB (0)","volta_scudnn_128x64_stridedB_interior_nn_v1",14,"eligible_warps_per_cycle","Eligible Warps Per Active Cycle",2.228016,4.624915,3.269680
"Tesla V100-SXM2-16GB (0)","void cub::DeviceReduceKernel<cub::DeviceReducePolicy<float, int, cub::Sum>::Policy600, cub::TransformInputIterator<float, tensorflow::squareHalf<float>, float*, long>, float*, int, cub::Sum>(int, cub::Sum, cub::DeviceReducePolicy<float, int, cub::Sum>::Policy600, cub::GridEvenShare<cub::Sum>, float)",90,"eligible_warps_per_cycle","Eligible Warps Per Active Cycle",0.300873,0.774528,0.491691
"Tesla V100-SXM2-16GB (0)","void cudnn::detail::explicit_convolve_sgemm<float, int, int=128, int=6, int=7, int=3, int=3, int=5, int=0, bool=1>(int, int, int, float const *, int, float const , int, cudnn::detail::explicit_convolve_sgemm<float, int, int=128, int=6, int=7, int=3, int=3, int=5, int=0, bool=1>*, kernel_conv_params, int, int, float, float, int, float const *, float const *)",2,"eligible_warps_per_cycle","Eligible Warps Per Active Cycle",8.056623,8.071596,8.064109
"Tesla V100-SXM2-16GB (0)","void DSE::regular_fft_pad<int=0, int=1, int=256, int=16, int=16, int=1, float, float, float2>(float2*, float*, int, int3, float*, int, float*, float*, int, int, int, int, int, bool)",24,"eligible_warps_per_cycle","Eligible Warps Per Active Cycle",3.582392,3.790205,3.679072
"Tesla V100-SXM2-16GB (0)","void tensorflow::functor::ColumnReduceKernel<float const *, float*, cub::Sum>(float const *, float*, int, int, cub::Sum, std::iterator_traits<tensorflow::functor::ColumnReduceKernel<float const *, float*, cub::Sum>>::value_type)",1,"eligible_warps_per_cycle","Eligible Warps Per Active Cycle",0.367658,0.367658,0.367658
"Tesla V100-SXM2-16GB (0)","void cudnn::winograd_nonfused::winogradForwardFilter9x9_5x5<float, float>(cudnn::winograd_nonfused::WinogradFilterParams<float, float>)",4,"eligible_warps_per_cycle","Eligible Warps Per Active Cycle",2.085641,2.381940,2.244157
"Tesla V100-SXM2-16GB (0)","void fft2d_r2c_32x32<float, unsigned int=1, bool=0>(float2*, float const *, int, int, int, int, int, int, int, int, int, cudnn::reduced_divisor, bool)",68,"eligible_warps_per_cycle","Eligible Warps Per Active Cycle",2.288492,8.900011,7.698701
"Tesla V100-SXM2-16GB (0)","void pooling_bw_kernel_max_nchw_fully_packed_small<float, float, int=3, cudnnNanPropagation_t=0>(cudnnTensorStruct, float const *, cudnnTensorStruct, float const *, cudnnTensorStruct, float const *, cudnnTensorStruct, float*, cudnnPoolingStruct, float, float, cudnn::reduced_divisor, cudnn::reduced_divisor)",30,"eligible_warps_per_cycle","Eligible Warps Per Active Cycle",3.181641,6.223060,4.209899
"Tesla V100-SXM2-16GB (0)","cudnn::gemm::computeOffsetsKernel(cudnn::gemm::ComputeOffsetsParams)",172,"eligible_warps_per_cycle","Eligible Warps Per Active Cycle",0.112077,0.921536,0.254231
"Tesla V100-SXM2-16GB (0)","void fft2d_r2c_32x32<float, unsigned int=5, bool=0>(float2*, float const *, int, int, int, int, int, int, int, int, int, cudnn::reduced_divisor, bool)",2,"eligible_warps_per_cycle","Eligible Warps Per Active Cycle",3.988982,5.158318,4.573650
"Tesla V100-SXM2-16GB (0)","volta_scudnn_128x128_relu_small_nn_v1",20,"eligible_warps_per_cycle","Eligible Warps Per Active Cycle",3.925887,7.612603,4.728944
"Tesla V100-SXM2-16GB (0)","void cudnn::detail::bn_bw_1C11_singleread<float, int=512, bool=1, int=1, int=2, int=0>(float, float, float, float, cudnnTensorStruct, float const *, cudnn::detail::bn_bw_1C11_singleread<float, int=512, bool=1, int=1, int=2, int=0>, float const , cudnn::detail::bn_bw_1C11_singleread<float, int=512, bool=1, int=1, int=2, int=0>, cudnnTensorStruct*, float const *, float*, float const *, float const , float const , float, cudnn::reduced_divisor, int, float*, cudnn::detail::bnBwPersistentState*, int, float, float, float, int, float, cudnnStatus_t*, bool)",940,"eligible_warps_per_cycle","Eligible Warps Per Active Cycle",1.595756,5.008863,2.678625
"Tesla V100-SXM2-16GB (0)","volta_gcgemm_64x64_nt",150,"eligible_warps_per_cycle","Eligible Warps Per Active Cycle",5.108414,6.121926,5.691675
"Tesla V100-SXM2-16GB (0)","void fft2d_r2c_64x64<float>(float2*, float const *, int, int, int, int, int, int, int, int)",120,"eligible_warps_per_cycle","Eligible Warps Per Active Cycle",3.678473,5.706827,4.900321
"Tesla V100-SXM2-16GB (0)","void tensorflow::BiasGradNHWC_SharedAtomics<float>(int, float const *, tensorflow::BiasGradNHWC_SharedAtomics<float>*, int)",10,"eligible_warps_per_cycle","Eligible Warps Per Active Cycle",2.937157,3.185016,3.116205
"Tesla V100-SXM2-16GB (0)","void cudnn::detail::implicit_convolve_sgemm<float, float, int=128, int=6, int=7, int=3, int=3, int=5, int=1, bool=1, bool=0, bool=1>(int, int, int, float const *, int, float*, cudnn::detail::implicit_convolve_sgemm<float, float, int=128, int=6, int=7, int=3, int=3, int=5, int=1, bool=1, bool=0, bool=1>*, kernel_conv_params, int, float, float, int, float, float, int, int)",12,"eligible_warps_per_cycle","Eligible Warps Per Active Cycle",7.245076,7.264319,7.251875
"Tesla V100-SXM2-16GB (0)","void cudnn::detail::pooling_bw_kernel_max<float, float, cudnn::detail::maxpooling_func<float, cudnnNanPropagation_t=0>, bool=0>(cudnnTensorStruct, float const *, cudnn::detail::pooling_bw_kernel_max<float, float, cudnn::detail::maxpooling_func<float, cudnnNanPropagation_t=0>, bool=0>, float const , cudnn::detail::pooling_bw_kernel_max<float, float, cudnn::detail::maxpooling_func<float, cudnnNanPropagation_t=0>, bool=0>, float const , cudnn::detail::pooling_bw_kernel_max<float, float, cudnn::detail::maxpooling_func<float, cudnnNanPropagation_t=0>, bool=0>, cudnnTensorStruct*, cudnnPoolingStruct, float, cudnnPoolingStruct, int, cudnn::reduced_divisor, float)",10,"eligible_warps_per_cycle","Eligible Warps Per Active Cycle",3.563047,3.634425,3.607998
"Tesla V100-SXM2-16GB (0)","void DSE::regular_fft_pad<int=0, int=1, int=128, int=16, int=32, int=1, float, float, float2>(float2*, float*, int, int3, float*, int, float*, float*, int, int, int, int, int, bool)",24,"eligible_warps_per_cycle","Eligible Warps Per Active Cycle",3.260390,3.890262,3.526752
"Tesla V100-SXM2-16GB (0)","void cudnn::detail::explicit_convolve_sgemm<float, int, int=128, int=5, int=5, int=3, int=3, int=3, int=0, bool=1>(int, int, int, float const *, int, float const , int, cudnn::detail::explicit_convolve_sgemm<float, int, int=128, int=5, int=5, int=3, int=3, int=3, int=0, bool=1>*, kernel_conv_params, int, int, float, float, int, float const *, float const *)",64,"eligible_warps_per_cycle","Eligible Warps Per Active Cycle",1.336890,4.704421,3.257048
"Tesla V100-SXM2-16GB (0)","void fft1d_r2c_32<float, float, float2, bool=0, bool=1>(float2*, float const *, int, int3, int3, int2, int2)",24,"eligible_warps_per_cycle","Eligible Warps Per Active Cycle",0.707108,1.512370,1.018743
"Tesla V100-SXM2-16GB (0)","void cudnn::winograd_nonfused::winogradForwardOutput9x9_5x5<float, float>(cudnn::winograd_nonfused::WinogradOutputParams<float, float>)",4,"eligible_warps_per_cycle","Eligible Warps Per Active Cycle",13.257381,14.178337,13.857227
"Tesla V100-SXM2-16GB (0)","void im2col4d_kernel<float, int>(im2col4d_params, cudnnConvolutionStruct, cudnnTensor4dStruct, float const *, float*, int)",86,"eligible_warps_per_cycle","Eligible Warps Per Active Cycle",1.026967,2.619918,1.428775
"Tesla V100-SXM2-16GB (0)","void DSE::vector_fft<int=0, int=1, int=256, int=16, int=16, int=1, float, float, float2>(float2*, float2, int, int3, float2*)",24,"eligible_warps_per_cycle","Eligible Warps Per Active Cycle",1.606284,1.635482,1.621459
"Tesla V100-SXM2-16GB (0)","void cudnn::detail::implicit_convolve_sgemm<float, float, int=1024, int=6, int=7, int=3, int=3, int=5, int=1, bool=1, bool=0, bool=1>(int, int, int, float const *, int, float*, cudnn::detail::implicit_convolve_sgemm<float, float, int=1024, int=6, int=7, int=3, int=3, int=5, int=1, bool=1, bool=0, bool=1>*, kernel_conv_params, int, float, float, int, float, float, int, int)",22,"eligible_warps_per_cycle","Eligible Warps Per Active Cycle",1.975865,2.045918,2.014476
"Tesla V100-SXM2-16GB (0)","void cudnn::winograd::winograd3x3Kernel<float, float, int=4, int=1, int=8, bool=0>(cudnn::maxwell::winograd::KernelParams)",26,"eligible_warps_per_cycle","Eligible Warps Per Active Cycle",1.609620,3.317922,2.449829
"Tesla V100-SXM2-16GB (0)","volta_scudnn_128x128_stridedB_interior_nn_v1",24,"eligible_warps_per_cycle","Eligible Warps Per Active Cycle",3.182696,6.587914,5.035216
"Tesla V100-SXM2-16GB (0)","compute_gemm_pointers(float2**, float2 const *, int, float2 const *, int, float2 const *, int, int)",140,"eligible_warps_per_cycle","Eligible Warps Per Active Cycle",0.035037,0.206200,0.116852
"Tesla V100-SXM2-16GB (0)","void cudnn::detail::dgrad_engine<float, int=512, int=6, int=5, int=3, int=3, int=3, bool=1>(int, int, int, float const *, int, float const , int, cudnn::detail::dgrad_engine<float, int=512, int=6, int=5, int=3, int=3, int=3, bool=1>*, kernel_grad_params, int, int, float, int, int, int)",206,"eligible_warps_per_cycle","Eligible Warps Per Active Cycle",3.214377,6.054114,4.269016
"Tesla V100-SXM2-16GB (0)","void cudnn::detail::wgrad_alg0_engine<float, int=128, int=6, int=7, int=3, int=3, int=5, bool=1, int=512>(int, int, int, float const *, int, cudnn::detail::wgrad_alg0_engine<float, int=128, int=6, int=7, int=3, int=3, int=5, bool=1, int=512>*, float const , kernel_grad_params, int, float, int, int, int, int)",342,"eligible_warps_per_cycle","Eligible Warps Per Active Cycle",3.447047,8.354122,5.531580
"Tesla V100-SXM2-16GB (0)","void cudnn::winograd_nonfused::winogradWgradOutput4x4<float, float>(cudnn::winograd_nonfused::WinogradWgradOutputParams<float, float>)",12,"eligible_warps_per_cycle","Eligible Warps Per Active Cycle",0.601329,1.371449,1.000217
"Tesla V100-SXM2-16GB (0)","void Eigen::internal::InnerReductionKernel<int=128, Eigen::TensorEvaluator<Eigen::TensorReductionOp<Eigen::internal::SumReducer<float>, Eigen::IndexList<Eigen::type2index<long=1>> const , Eigen::TensorGeneratorOp<tensorflow::generator::SparseXentLossGenerator<float, int>, Eigen::TensorMap<Eigen::Tensor<float, int=2, int=1, int>, int=16, Eigen::MakePointer> const > const , Eigen::MakePointer> const , Eigen::GpuDevice>, Eigen::internal::SumReducer<float>, int>(Eigen::internal::SumReducer<float>, float, long=1, float, Eigen::internal::SumReducer<float>::CoeffReturnType*)",10,"eligible_warps_per_cycle","Eligible Warps Per Active Cycle",0.887220,0.946623,0.904442
"Tesla V100-SXM2-16GB (0)","void fft1d_c2r_32<float2, float, float, bool=0, bool=1, bool=0, bool=0>(float*, float2 const *, int, int3, int3, int2, int, float, float, float*, float*)",136,"eligible_warps_per_cycle","Eligible Warps Per Active Cycle",0.478374,2.471237,1.422122
"Tesla V100-SXM2-16GB (0)","void cgemm_largek<bool=1, bool=0, bool=0, bool=0, int=4, int=4, int=4, int=3, int=3, int=18>(float2*, float2 const *, float2 const *, int, int, int, int, int, int, float2 const *, float2 const *, float2, float2, int, int, int*, int*)",1152,"eligible_warps_per_cycle","Eligible Warps Per Active Cycle",0.445411,0.825920,0.674435
"Tesla V100-SXM2-16GB (0)","volta_sgemm_128x64_nn",12,"eligible_warps_per_cycle","Eligible Warps Per Active Cycle",3.415356,6.662503,5.151160
"Tesla V100-SXM2-16GB (0)","void Eigen::internal::EigenMetaKernel<Eigen::TensorEvaluator<Eigen::TensorAssignOp<Eigen::TensorMap<Eigen::Tensor<__int64, int=1, int=1, int>, int=16, Eigen::MakePointer>, Eigen::TensorCwiseUnaryOp<Eigen::internal::scalar_right<__int64, __int64, Eigen::internal::scalar_max_op<__int64, __int64>>, Eigen::TensorMap<Eigen::Tensor<__int64 const , int=1, int=1, int>, int=16, Eigen::MakePointer> const > const > const , Eigen::GpuDevice>, int>(__int64, int=1)",1,"eligible_warps_per_cycle","Eligible Warps Per Active Cycle",0.352865,0.352865,0.352865
"Tesla V100-SXM2-16GB (0)","void DSE::vector_fft<int=0, int=1, int=128, int=8, int=8, int=1, float, float, float2>(float2*, float2, int, int3, float2*)",24,"eligible_warps_per_cycle","Eligible Warps Per Active Cycle",2.251885,2.369314,2.288753
"Tesla V100-SXM2-16GB (0)","volta_sgemm_128x64_nt",18,"eligible_warps_per_cycle","Eligible Warps Per Active Cycle",1.942395,7.129523,4.561733
"Tesla V100-SXM2-16GB (0)","void cub::DeviceReduceSingleTileKernel<cub::DeviceReducePolicy<float, int, cub::Sum>::Policy600, float*, float*, int, cub::Sum, float>(int, cub::Sum, cub::DeviceReducePolicy<float, int, cub::Sum>::Policy600, float*, float*)",90,"eligible_warps_per_cycle","Eligible Warps Per Active Cycle",0.148052,0.417978,0.304834
"Tesla V100-SXM2-16GB (0)","volta_scudnn_128x128_stridedB_splitK_xregs_large_nn_v1",4,"eligible_warps_per_cycle","Eligible Warps Per Active Cycle",3.845930,3.853842,3.851721
"Tesla V100-SXM2-16GB (0)","void cudnn::winograd_nonfused::winogradForwardFilter4x4<float, float>(cudnn::winograd_nonfused::WinogradFilterParams<float, float>)",24,"eligible_warps_per_cycle","Eligible Warps Per Active Cycle",0.448592,1.890162,0.970007
"Tesla V100-SXM2-16GB (0)","void cudnn::detail::explicit_convolve_sgemm<float, int, int=1024, int=6, int=7, int=3, int=3, int=5, int=0, bool=1>(int, int, int, float const *, int, float const , int, cudnn::detail::explicit_convolve_sgemm<float, int, int=1024, int=6, int=7, int=3, int=3, int=5, int=0, bool=1>*, kernel_conv_params, int, int, float, float, int, float const *, float const *)",8,"eligible_warps_per_cycle","Eligible Warps Per Active Cycle",5.727210,10.837573,9.176264
"Tesla V100-SXM2-16GB (0)","void Eigen::internal::EigenMetaKernel<Eigen::TensorEvaluator<Eigen::TensorAssignOp<Eigen::TensorMap<Eigen::Tensor<float, int=1, int=1, int>, int=16, Eigen::MakePointer>, Eigen::TensorCwiseNullaryOp<Eigen::internal::scalar_constant_op<float>, Eigen::TensorMap<Eigen::Tensor<float, int=1, int=1, int>, int=16, Eigen::MakePointer> const > const > const , Eigen::GpuDevice>, int>(float, int=1)",1880,"eligible_warps_per_cycle","Eligible Warps Per Active Cycle",1.391825,2.607004,2.428783
"Tesla V100-SXM2-16GB (0)","void cudnn::winograd::winograd3x3Kernel<float, float, int=2, int=2, int=8, bool=0>(cudnn::maxwell::winograd::KernelParams)",12,"eligible_warps_per_cycle","Eligible Warps Per Active Cycle",1.688805,1.728221,1.708967
"Tesla V100-SXM2-16GB (0)","void fft2d_c2r_16x16<float, bool=0>(float*, float2*, int, int, int, int, int, int, int, int, int, int, float, float, int, float*, float*)",66,"eligible_warps_per_cycle","Eligible Warps Per Active Cycle",2.186925,8.229367,5.768217
"Tesla V100-SXM2-16GB (0)","volta_scudnn_128x64_stridedB_splitK_interior_nn_v1",88,"eligible_warps_per_cycle","Eligible Warps Per Active Cycle",0.658663,4.740544,1.895112
"Tesla V100-SXM2-16GB (0)","void Eigen::internal::EigenMetaKernel<Eigen::TensorEvaluator<Eigen::TensorAssignOp<Eigen::TensorMap<Eigen::Tensor<float, int=1, int=1, long>, int=16, Eigen::MakePointer>, Eigen::TensorCwiseBinaryOp<Eigen::internal::scalar_sum_op<float, float>, Eigen::TensorMap<Eigen::Tensor<float, int=1, int=1, long>, int=16, Eigen::MakePointer> const , Eigen::TensorCwiseBinaryOp<Eigen::internal::scalar_sum_op<float, float>, Eigen::TensorCwiseBinaryOp<Eigen::internal::scalar_sum_op<float, float>, Eigen::TensorCwiseBinaryOp<Eigen::internal::scalar_sum_op<float, float>, Eigen::TensorCwiseBinaryOp<Eigen::internal::scalar_sum_op<float, float>, Eigen::TensorCwiseBinaryOp<Eigen::internal::scalar_sum_op<float, float>, Eigen::TensorCwiseBinaryOp<Eigen::internal::scalar_sum_op<float, float>, Eigen::TensorCwiseBinaryOp<Eigen::internal::scalar_sum_op<float const , float const >, Eigen::TensorMap<Eigen::Tensor<float const , int=1, int=1, long>, int=16, Eigen::MakePointer> const , Eigen::TensorMap<Eigen::Tensor<float const , int=1, int=1, long>, int=16, Eigen::MakePointer> const > const , Eigen::TensorMap<Eigen::Tensor<float const , int=1, int=1, long>, int=16, Eigen::MakePointer> const > const , Eigen::TensorMap<Eigen::Tensor<float const , int=1, int=1, long>, int=16, Eigen::MakePointer> const > const , Eigen::TensorMap<Eigen::Tensor<float const , int=1, int=1, long>, int=16, Eigen::MakePointer> const > const , Eigen::TensorMap<Eigen::Tensor<float const , int=1, int=1, long>, int=16, Eigen::MakePointer> const > const , Eigen::TensorMap<Eigen::Tensor<float const , int=1, int=1, long>, int=16, Eigen::MakePointer> const > const , Eigen::TensorMap<Eigen::Tensor<float const , int=1, int=1, long>, int=16, Eigen::MakePointer> const > const > const > const , Eigen::GpuDevice>, long>(float, int=1)",110,"eligible_warps_per_cycle","Eligible Warps Per Active Cycle",0.873702,1.434326,1.339358
"Tesla V100-SXM2-16GB (0)","void transpose_readWrite_alignment_kernel<float2, float2, int=1, bool=0, int=6, int=4, int=4>(cublasTransposeParams<float2>, float2 const *, float2*, float2 const *)",36,"eligible_warps_per_cycle","Eligible Warps Per Active Cycle",1.122299,1.184556,1.143390
"Tesla V100-SXM2-16GB (0)","void Eigen::internal::InnerReductionKernel<int=128, Eigen::TensorEvaluator<Eigen::TensorReductionOp<Eigen::internal::SumReducer<float>, Eigen::IndexList<Eigen::type2index<long=1>> const , Eigen::TensorCwiseUnaryOp<Eigen::internal::scalar_exp_op<float>, Eigen::TensorMap<Eigen::Tensor<float, int=2, int=1, int>, int=16, Eigen::MakePointer> const > const , Eigen::MakePointer> const , Eigen::GpuDevice>, Eigen::internal::SumReducer<float>, int>(Eigen::internal::SumReducer<float>, float, long=1, float, Eigen::internal::SumReducer<float>::CoeffReturnType*)",10,"eligible_warps_per_cycle","Eligible Warps Per Active Cycle",0.864541,0.872939,0.868800
"Tesla V100-SXM2-16GB (0)","void fft2d_c2r_32x32<float, bool=0, unsigned int=1, bool=0, bool=0>(float*, float2 const *, int, int, int, int, int, int, int, int, int, float, float, cudnn::reduced_divisor, bool, float*, float*)",82,"eligible_warps_per_cycle","Eligible Warps Per Active Cycle",3.807494,8.970188,5.864167
"Tesla V100-SXM2-16GB (0)","void scal_kernel<float2, float2, int=1, bool=1, int=6, int=4, int=4, int=4>(cublasTransposeParams<float2>, float2 const *, float2*, float2 const *)",1152,"eligible_warps_per_cycle","Eligible Warps Per Active Cycle",0.303882,0.478157,0.457188
"Tesla V100-SXM2-16GB (0)","void Eigen::internal::EigenMetaKernel<Eigen::TensorEvaluator<Eigen::TensorAssignOp<Eigen::TensorMap<Eigen::Tensor<float, int=1, int=1, long>, int=16, Eigen::MakePointer>, Eigen::TensorCwiseBinaryOp<Eigen::internal::scalar_product_op<float const , float const >, Eigen::TensorMap<Eigen::Tensor<float const , int=1, int=1, long>, int=16, Eigen::MakePointer> const , Eigen::TensorConversionOp<float, Eigen::TensorCwiseBinaryOp<Eigen::internal::scalar_cmp_op<float const , float const , Eigen::internal::ComparisonName>, Eigen::TensorMap<Eigen::Tensor<float const , int=1, int=1, long>, int=16, Eigen::MakePointer> const , Eigen::TensorCwiseNullaryOp<Eigen::internal::scalar_constant_op<float const >, Eigen::TensorMap<Eigen::Tensor<float const , int=1, int=1, long>, int=16, Eigen::MakePointer> const > const > const > const > const > const , Eigen::GpuDevice>, long>(float, int=1)",940,"eligible_warps_per_cycle","Eligible Warps Per Active Cycle",1.133722,2.961581,1.634098
